log_id,timestamp,level,module,message
LOG0006738,2026-02-09 15:00:10,WARNING,payment,Card expiry warning for user_id=USR6565
LOG0006822,2026-02-09 15:15:52,INFO,database,Cache hit ratio: 82% for last 5 minutes
LOG0005783,2026-02-09 15:28:22,INFO,payment,"Refund issued: order_id=ORD82145 amount=Rp389,000"
LOG0001498,2026-02-09 15:35:10,INFO,payment,Payment gateway responded OK in 4132ms
LOG0003695,2026-02-09 15:41:59,INFO,database,Index hit on table=products query (2699ms)
LOG0001264,2026-02-09 15:56:10,WARNING,auth,Password reset requested for user_id=USR8212
LOG0001677,2026-02-09 15:57:21,INFO,auth,Token refreshed for user_id=USR8560
LOG0004053,2026-02-09 16:04:36,INFO,payment,Payment gateway responded OK in 3729ms
LOG0005628,2026-02-09 16:08:52,INFO,api_gateway,Request routed to service: inventory-service in 2866ms
LOG0000062,2026-02-09 16:19:39,INFO,api_gateway,GET /api/v1/products responded 200 in 1746ms
LOG0003535,2026-02-09 17:10:28,ERROR,database,Disk usage critical: 29% on /var/lib/postgres
LOG0000543,2026-02-09 17:41:19,WARNING,auth,Password reset requested for user_id=USR1366
LOG0007086,2026-02-09 18:31:54,INFO,payment,"Refund issued: order_id=ORD33653 amount=Rp3,209,000"
LOG0003880,2026-02-09 18:45:18,INFO,auth,User registered successfully: user_id=USR4211
LOG0003879,2026-02-09 18:48:21,WARNING,payment,High transaction volume: 60 TPS (threshold: 50 TPS)
LOG0002749,2026-02-09 18:50:23,WARNING,auth,Unusual login location detected: user_id=USR4803
LOG0008326,2026-02-09 19:09:14,WARNING,api_gateway,Rate limit approaching for client_id=CLI228: 53/100 req/min
LOG0001742,2026-02-09 19:25:51,INFO,auth,Password changed for user_id=USR4378
LOG0004861,2026-02-09 19:32:00,INFO,auth,User logout: user_id=USR9317
LOG0009373,2026-02-09 19:34:38,INFO,database,Backup snapshot completed successfully
LOG0000520,2026-02-09 19:44:28,INFO,payment,"Refund issued: order_id=ORD54752 amount=Rp6,083,000"
LOG0000250,2026-02-09 20:21:02,INFO,auth,User logout: user_id=USR7990
LOG0000033,2026-02-09 20:30:03,WARNING,api_gateway,High latency detected on route /api/v1/search: 186ms
LOG0000509,2026-02-09 20:55:30,INFO,auth,Token refreshed for user_id=USR4783
LOG0009001,2026-02-09 21:02:29,INFO,api_gateway,Request routed to service: inventory-service in 4340ms
LOG0004483,2026-02-09 21:13:28,ERROR,auth,Account locked after 5 failed attempts: user_id=USR9579
LOG0007415,2026-02-09 21:26:03,INFO,payment,Subscription renewed: user_id=USR5170
LOG0007716,2026-02-09 21:31:10,INFO,database,Transaction committed: txn_id=TXN57913
LOG0007960,2026-02-09 21:35:38,ERROR,auth,Token validation failed: user_id=USR2629
LOG0000056,2026-02-09 21:50:56,WARNING,payment,Suspicious transaction flagged: order_id=ORD70548
LOG0002857,2026-02-09 22:14:01,INFO,auth,2FA verification passed: user_id=USR7941
LOG0008215,2026-02-09 22:21:28,INFO,database,Query executed: SELECT users WHERE id=USR6952 (3581ms)
LOG0002755,2026-02-09 22:26:48,ERROR,auth,Account locked after 5 failed attempts: user_id=USR4072
LOG0008818,2026-02-09 22:27:15,ERROR,database,Disk usage critical: 23% on /var/lib/postgres
LOG0008123,2026-02-09 22:38:05,WARNING,api_gateway,High latency detected on route /api/v1/search: 1194ms
LOG0005609,2026-02-09 22:40:57,INFO,api_gateway,PUT /api/v1/profile responded 200 in 1714ms
LOG0001006,2026-02-09 22:48:05,INFO,database,INSERT INTO orders completed (2003ms)
LOG0004557,2026-02-09 22:48:36,INFO,auth,Session created: session_id=SESS29135
LOG0002897,2026-02-09 23:10:51,ERROR,database,Disk usage critical: 3% on /var/lib/postgres
LOG0007296,2026-02-09 23:44:52,WARNING,api_gateway,Retry attempt 7 for downstream service order-service
LOG0005664,2026-02-10 00:06:32,INFO,payment,Webhook received from payment provider: status=SUCCESS
LOG0006634,2026-02-10 00:08:54,WARNING,auth,Password reset requested for user_id=USR7118
LOG0001535,2026-02-10 00:22:53,INFO,payment,Currency conversion: USD→IDR for order_id=ORD46429
LOG0002059,2026-02-10 00:25:35,WARNING,database,Table=orders approaching max size: 75% capacity
LOG0002693,2026-02-10 00:41:05,WARNING,payment,Payment retry attempt 55/3 for order_id=ORD48073
LOG0000577,2026-02-10 00:50:03,INFO,api_gateway,GET /api/v1/users responded 200 in 350ms
LOG0007422,2026-02-10 00:57:52,WARNING,auth,Token expiring soon for user_id=USR9879
LOG0009155,2026-02-10 01:01:45,INFO,payment,"Refund issued: order_id=ORD70836 amount=Rp688,000"
LOG0000002,2026-02-10 01:11:51,INFO,api_gateway,Rate limit check passed for client_id=CLI741
LOG0002437,2026-02-10 01:13:00,INFO,api_gateway,POST /api/v1/orders responded 201 in 2487ms
LOG0006398,2026-02-10 01:13:45,INFO,api_gateway,Rate limit check passed for client_id=CLI801
LOG0007745,2026-02-10 01:24:12,WARNING,payment,Card expiry warning for user_id=USR8627
LOG0007825,2026-02-10 01:38:07,INFO,database,Transaction committed: txn_id=TXN95871
LOG0004966,2026-02-10 01:38:47,INFO,api_gateway,Rate limit check passed for client_id=CLI839
LOG0008695,2026-02-10 01:42:27,INFO,database,Query executed: SELECT users WHERE id=USR3648 (1225ms)
LOG0004607,2026-02-10 01:49:57,INFO,auth,2FA verification passed: user_id=USR7355
LOG0002920,2026-02-10 01:52:50,INFO,database,Query executed: SELECT users WHERE id=USR3421 (1667ms)
LOG0005216,2026-02-10 01:59:32,INFO,database,Query executed: SELECT users WHERE id=USR8680 (4382ms)
LOG0008389,2026-02-10 02:10:09,WARNING,auth,Failed login attempt for user_id=USR2226 (attempt 22/5)
LOG0001593,2026-02-10 02:37:01,INFO,payment,Currency conversion: USD→IDR for order_id=ORD25882
LOG0005898,2026-02-10 02:52:20,INFO,auth,User registered successfully: user_id=USR2108
LOG0008081,2026-02-10 03:16:21,INFO,api_gateway,PUT /api/v1/profile responded 200 in 2307ms
LOG0008399,2026-02-10 03:16:58,INFO,api_gateway,Rate limit check passed for client_id=CLI380
LOG0005312,2026-02-10 04:37:30,WARNING,database,Long-running transaction detected: txn_id=TXN88790 (136ms)
LOG0007319,2026-02-10 04:58:26,INFO,auth,Token refreshed for user_id=USR6357
LOG0007610,2026-02-10 05:00:46,INFO,database,Backup snapshot completed successfully
LOG0006278,2026-02-10 05:16:37,INFO,api_gateway,POST /api/v1/orders responded 201 in 2711ms
LOG0009070,2026-02-10 05:24:35,INFO,payment,Currency conversion: USD→IDR for order_id=ORD87873
LOG0002249,2026-02-10 05:28:45,ERROR,auth,Token validation failed: user_id=USR3260
LOG0007659,2026-02-10 05:28:58,INFO,api_gateway,GET /api/v1/products responded 200 in 242ms
LOG0003941,2026-02-10 05:33:59,INFO,database,Transaction committed: txn_id=TXN85241
LOG0004519,2026-02-10 05:47:09,ERROR,database,Disk usage critical: 40% on /var/lib/postgres
LOG0002353,2026-02-10 06:14:15,WARNING,api_gateway,Retry attempt 15 for downstream service user-service
LOG0006687,2026-02-10 06:27:37,INFO,payment,Currency conversion: USD→IDR for order_id=ORD29403
LOG0009717,2026-02-10 06:30:09,WARNING,database,Index miss on table=events: consider reindexing
LOG0006171,2026-02-10 06:46:53,INFO,api_gateway,POST /api/v1/orders responded 201 in 3410ms
LOG0008985,2026-02-10 06:53:14,INFO,database,Index hit on table=products query (1342ms)
LOG0003610,2026-02-10 06:57:02,INFO,auth,Password changed for user_id=USR7696
LOG0009902,2026-02-10 07:01:13,INFO,auth,2FA verification passed: user_id=USR6639
LOG0002930,2026-02-10 07:22:26,INFO,api_gateway,Request routed to service: order-service in 957ms
LOG0001898,2026-02-10 07:40:36,INFO,api_gateway,Rate limit check passed for client_id=CLI580
LOG0003366,2026-02-10 08:12:43,WARNING,auth,Failed login attempt for user_id=USR6034 (attempt 30/5)
LOG0001073,2026-02-10 08:23:20,INFO,auth,User login successful: user_id=USR3462
LOG0003865,2026-02-10 08:52:03,WARNING,api_gateway,Rate limit approaching for client_id=CLI979: 57/100 req/min
LOG0006143,2026-02-10 08:55:56,INFO,api_gateway,GET /api/v1/users responded 200 in 1146ms
LOG0008203,2026-02-10 09:15:38,WARNING,database,Index miss on table=events: consider reindexing
LOG0007164,2026-02-10 09:43:23,INFO,database,INSERT INTO orders completed (707ms)
LOG0009490,2026-02-10 10:04:31,ERROR,auth,Invalid credentials for user_id=USR9002
LOG0001177,2026-02-10 10:13:35,WARNING,api_gateway,High latency detected on route /api/v1/search: 3758ms
LOG0008093,2026-02-10 10:28:47,INFO,payment,Subscription renewed: user_id=USR3147
LOG0003235,2026-02-10 10:31:59,INFO,database,Backup snapshot completed successfully
LOG0003016,2026-02-10 10:56:04,INFO,database,INSERT INTO orders completed (2099ms)
LOG0002072,2026-02-10 11:28:36,INFO,auth,2FA verification passed: user_id=USR6913
LOG0009149,2026-02-10 11:30:35,ERROR,api_gateway,Invalid request schema on POST /api/v1/orders
LOG0004556,2026-02-10 11:37:29,ERROR,payment,Webhook delivery failed after 3 retries
LOG0008937,2026-02-10 11:43:55,INFO,auth,Token generated for user_id=USR4514
LOG0001942,2026-02-10 12:18:38,INFO,database,INSERT INTO orders completed (4073ms)
LOG0008542,2026-02-10 12:25:59,INFO,auth,Token generated for user_id=USR7651
LOG0007269,2026-02-10 13:02:19,WARNING,auth,Failed login attempt for user_id=USR4865 (attempt 89/5)
LOG0001615,2026-02-10 13:36:42,INFO,database,INSERT INTO orders completed (2855ms)
LOG0002853,2026-02-10 14:12:07,INFO,payment,Subscription renewed: user_id=USR7112
LOG0004496,2026-02-10 14:16:39,ERROR,payment,Payment gateway timeout after 1182ms: order_id=ORD85742
LOG0003350,2026-02-10 14:21:06,INFO,api_gateway,DELETE /api/v1/item/INV57329 responded 204 in 707ms
LOG0000595,2026-02-10 14:36:39,INFO,auth,Session created: session_id=SESS36525
LOG0000856,2026-02-10 14:38:34,INFO,payment,"Payment processed: order_id=ORD58216 amount=Rp9,901,000"
LOG0006890,2026-02-10 14:44:50,WARNING,payment,Payment provider response slow: 4046ms
LOG0004052,2026-02-10 15:09:52,INFO,payment,Invoice generated: invoice_id=INV77425
LOG0002392,2026-02-10 15:16:25,INFO,database,Index hit on table=products query (1171ms)
LOG0005545,2026-02-10 15:46:15,WARNING,payment,Suspicious transaction flagged: order_id=ORD65707
LOG0009186,2026-02-10 15:52:56,INFO,database,Index hit on table=products query (1983ms)
LOG0006712,2026-02-10 15:56:00,INFO,api_gateway,POST /api/v1/orders responded 201 in 1458ms
LOG0007714,2026-02-10 15:57:53,INFO,database,INSERT INTO orders completed (1139ms)
LOG0001789,2026-02-10 15:58:00,INFO,database,INSERT INTO orders completed (2433ms)
LOG0000097,2026-02-10 16:25:04,INFO,api_gateway,POST /api/v1/orders responded 201 in 2798ms
LOG0008725,2026-02-10 16:39:37,INFO,payment,Webhook received from payment provider: status=SUCCESS
LOG0002503,2026-02-10 16:45:04,INFO,database,Backup snapshot completed successfully
LOG0004893,2026-02-10 16:46:38,INFO,payment,"Payment processed: order_id=ORD80518 amount=Rp8,549,000"
LOG0004733,2026-02-10 16:46:50,INFO,api_gateway,PUT /api/v1/profile responded 200 in 3054ms
LOG0005483,2026-02-10 16:49:44,ERROR,payment,Currency conversion error for order_id=ORD52534
LOG0007649,2026-02-10 17:13:49,WARNING,auth,Token expiring soon for user_id=USR5888
LOG0009212,2026-02-10 17:24:52,WARNING,payment,High transaction volume: 19 TPS (threshold: 50 TPS)
LOG0006781,2026-02-10 17:38:40,ERROR,api_gateway,Circuit breaker OPEN for service: order-service
LOG0009009,2026-02-10 17:52:39,INFO,database,Cache hit ratio: 93% for last 5 minutes
LOG0005266,2026-02-10 17:59:11,INFO,api_gateway,Rate limit check passed for client_id=CLI762
LOG0008776,2026-02-10 18:18:01,INFO,database,Index hit on table=products query (1973ms)
LOG0001120,2026-02-10 18:44:12,INFO,database,Query executed: SELECT users WHERE id=USR7747 (3149ms)
LOG0005201,2026-02-10 18:49:16,WARNING,database,Long-running transaction detected: txn_id=TXN63535 (3725ms)
LOG0009771,2026-02-10 18:54:33,INFO,payment,"Payment processed: order_id=ORD61696 amount=Rp9,032,000"
LOG0000644,2026-02-10 19:10:53,INFO,payment,"Refund issued: order_id=ORD11760 amount=Rp4,274,000"
LOG0009992,2026-02-10 19:15:16,INFO,payment,Payment gateway responded OK in 1015ms
LOG0007925,2026-02-10 19:17:28,ERROR,auth,Session expired: user_id=USR6779
LOG0006759,2026-02-10 19:20:03,INFO,auth,User login successful: user_id=USR3294
LOG0005653,2026-02-10 19:28:52,INFO,auth,User registered successfully: user_id=USR6376
LOG0001269,2026-02-10 19:40:05,WARNING,auth,Failed login attempt for user_id=USR2921 (attempt 39/5)
LOG0009004,2026-02-10 19:56:59,INFO,payment,"Payment processed: order_id=ORD33124 amount=Rp7,075,000"
LOG0008402,2026-02-10 20:24:08,WARNING,database,Connection pool usage high: 30/20 connections
LOG0002163,2026-02-10 20:40:41,INFO,api_gateway,Rate limit check passed for client_id=CLI988
LOG0005991,2026-02-10 20:41:23,WARNING,database,Slow query detected: 2404ms on table=logs
LOG0000485,2026-02-10 20:57:28,WARNING,database,Table=orders approaching max size: 63% capacity
LOG0001505,2026-02-10 21:20:34,INFO,database,Cache hit ratio: 29% for last 5 minutes
LOG0003059,2026-02-10 22:08:22,INFO,payment,Payment gateway responded OK in 2156ms
LOG0003385,2026-02-10 22:15:33,INFO,api_gateway,PUT /api/v1/profile responded 200 in 2589ms
LOG0001075,2026-02-10 22:22:24,INFO,payment,Subscription renewed: user_id=USR4133
LOG0001041,2026-02-10 22:25:17,INFO,api_gateway,PUT /api/v1/profile responded 200 in 3614ms
LOG0000042,2026-02-10 22:39:46,INFO,database,Backup snapshot completed successfully
LOG0002530,2026-02-10 22:43:17,INFO,api_gateway,Request routed to service: order-service in 2346ms
LOG0004421,2026-02-10 22:47:35,INFO,payment,Invoice generated: invoice_id=INV16399
LOG0006167,2026-02-10 22:48:04,INFO,api_gateway,GET /api/v1/users responded 200 in 514ms
LOG0002065,2026-02-10 22:50:33,INFO,database,Transaction committed: txn_id=TXN35287
LOG0003931,2026-02-10 22:51:46,INFO,payment,Subscription renewed: user_id=USR9527
LOG0002704,2026-02-10 23:25:45,INFO,auth,User login successful: user_id=USR4761
LOG0007553,2026-02-10 23:44:05,ERROR,api_gateway,Upstream service user-service unreachable: connection timeout
LOG0005265,2026-02-10 23:48:07,INFO,api_gateway,POST /api/v1/orders responded 201 in 3958ms
LOG0002917,2026-02-11 00:06:30,INFO,auth,Token refreshed for user_id=USR4922
LOG0003208,2026-02-11 00:06:46,INFO,payment,Payment gateway responded OK in 1135ms
LOG0005147,2026-02-11 00:22:08,INFO,payment,"Payment processed: order_id=ORD10324 amount=Rp5,491,000"
LOG0006108,2026-02-11 00:55:30,INFO,database,INSERT INTO orders completed (738ms)
LOG0002557,2026-02-11 00:59:07,INFO,auth,User logout: user_id=USR2955
LOG0004302,2026-02-11 01:04:09,INFO,api_gateway,POST /api/v1/orders responded 201 in 631ms
LOG0009871,2026-02-11 01:06:16,INFO,database,Index hit on table=products query (3378ms)
LOG0004351,2026-02-11 01:12:12,INFO,payment,"Payment processed: order_id=ORD66759 amount=Rp7,397,000"
LOG0001481,2026-02-11 01:15:22,ERROR,database,Deadlock detected on table=orders: txn_id=TXN40997
LOG0005842,2026-02-11 01:17:28,INFO,database,Cache hit ratio: 8% for last 5 minutes
LOG0001218,2026-02-11 01:17:29,INFO,auth,User login successful: user_id=USR3018
LOG0002082,2026-02-11 01:18:02,INFO,database,Index hit on table=products query (3219ms)
LOG0004874,2026-02-11 01:25:12,ERROR,api_gateway,Invalid request schema on POST /api/v1/orders
LOG0001733,2026-02-11 01:28:26,WARNING,database,Slow query detected: 4041ms on table=logs
LOG0003195,2026-02-11 01:36:18,WARNING,payment,Payment provider response slow: 1778ms
LOG0007644,2026-02-11 01:59:24,WARNING,api_gateway,Rate limit approaching for client_id=CLI759: 77/100 req/min
LOG0004125,2026-02-11 02:11:09,INFO,auth,User registered successfully: user_id=USR2870
LOG0008340,2026-02-11 02:35:50,INFO,database,Connection pool: 19/20 active connections
LOG0006017,2026-02-11 02:39:39,INFO,auth,2FA verification passed: user_id=USR7294
LOG0008481,2026-02-11 02:43:17,WARNING,api_gateway,High latency detected on route /api/v1/search: 4475ms
LOG0008714,2026-02-11 02:50:08,INFO,payment,Payment gateway responded OK in 2136ms
LOG0005270,2026-02-11 02:55:51,INFO,database,Query executed: SELECT users WHERE id=USR1172 (2124ms)
LOG0004723,2026-02-11 03:03:29,INFO,auth,User logout: user_id=USR4904
LOG0000297,2026-02-11 03:06:29,INFO,api_gateway,PUT /api/v1/profile responded 200 in 2814ms
LOG0004144,2026-02-11 03:18:25,INFO,database,Transaction committed: txn_id=TXN69373
LOG0006211,2026-02-11 03:38:58,WARNING,auth,Multiple sessions detected for user_id=USR8948
LOG0005747,2026-02-11 03:50:48,INFO,api_gateway,POST /api/v1/orders responded 201 in 3859ms
LOG0009150,2026-02-11 04:03:16,INFO,auth,Password changed for user_id=USR5598
LOG0000521,2026-02-11 04:18:42,INFO,api_gateway,PUT /api/v1/profile responded 200 in 784ms
LOG0000289,2026-02-11 05:22:20,INFO,auth,Password changed for user_id=USR2720
LOG0007493,2026-02-11 05:49:12,INFO,auth,Password changed for user_id=USR7559
LOG0004346,2026-02-11 05:57:04,INFO,auth,User login successful: user_id=USR6490
LOG0001829,2026-02-11 05:59:40,WARNING,auth,Unusual login location detected: user_id=USR6079
LOG0009807,2026-02-11 06:02:46,ERROR,payment,Currency conversion error for order_id=ORD30942
LOG0007608,2026-02-11 06:06:01,INFO,auth,2FA verification passed: user_id=USR2305
LOG0008518,2026-02-11 06:17:17,INFO,payment,Subscription renewed: user_id=USR1548
LOG0002536,2026-02-11 06:29:42,WARNING,database,Table=orders approaching max size: 62% capacity
LOG0009536,2026-02-11 06:52:58,WARNING,auth,Unusual login location detected: user_id=USR4682
LOG0009384,2026-02-11 06:56:58,INFO,api_gateway,PUT /api/v1/profile responded 200 in 1814ms
LOG0009930,2026-02-11 06:58:05,INFO,database,Index hit on table=products query (3410ms)
LOG0007322,2026-02-11 07:04:43,INFO,database,Query executed: SELECT users WHERE id=USR2783 (832ms)
LOG0008786,2026-02-11 07:20:54,INFO,api_gateway,GET /api/v1/products responded 200 in 1500ms
LOG0003876,2026-02-11 07:29:23,WARNING,auth,Multiple sessions detected for user_id=USR3360
LOG0008543,2026-02-11 07:41:02,ERROR,database,Query failed: syntax error near 'SELCT'
LOG0000780,2026-02-11 08:36:47,INFO,payment,Subscription renewed: user_id=USR4419
LOG0002192,2026-02-11 08:44:01,INFO,auth,Password changed for user_id=USR2711
LOG0003243,2026-02-11 08:52:30,INFO,auth,User logout: user_id=USR9234
LOG0007784,2026-02-11 08:55:32,WARNING,api_gateway,Rate limit approaching for client_id=CLI313: 86/100 req/min
LOG0000219,2026-02-11 08:55:58,INFO,payment,Webhook received from payment provider: status=SUCCESS
LOG0000426,2026-02-11 09:27:56,INFO,api_gateway,GET /api/v1/products responded 200 in 176ms
LOG0007833,2026-02-11 09:42:07,INFO,api_gateway,GET /api/v1/users responded 200 in 3904ms
LOG0002267,2026-02-11 09:56:12,INFO,payment,Webhook received from payment provider: status=SUCCESS
LOG0007384,2026-02-11 10:11:03,WARNING,database,Table=orders approaching max size: 74% capacity
LOG0001769,2026-02-11 10:19:46,INFO,payment,Currency conversion: USD→IDR for order_id=ORD75639
LOG0002905,2026-02-11 10:22:27,INFO,database,Index hit on table=products query (2058ms)
LOG0005878,2026-02-11 10:29:01,INFO,auth,Token generated for user_id=USR5297
LOG0000663,2026-02-11 10:29:33,WARNING,auth,Unusual login location detected: user_id=USR5398
LOG0003090,2026-02-11 10:35:37,WARNING,auth,Multiple sessions detected for user_id=USR3833
LOG0009028,2026-02-11 10:35:53,WARNING,auth,Unusual login location detected: user_id=USR8612
LOG0008812,2026-02-11 10:56:10,ERROR,auth,Invalid credentials for user_id=USR6392
LOG0004594,2026-02-11 11:42:29,INFO,database,INSERT INTO orders completed (905ms)
LOG0001403,2026-02-11 11:43:59,WARNING,auth,Unusual login location detected: user_id=USR1283
LOG0002485,2026-02-11 11:46:04,WARNING,auth,Token expiring soon for user_id=USR7736
LOG0007236,2026-02-11 11:50:00,INFO,payment,"Payment processed: order_id=ORD34808 amount=Rp7,685,000"
LOG0007197,2026-02-11 11:59:06,WARNING,payment,Payment provider response slow: 3555ms
LOG0003551,2026-02-11 12:20:21,INFO,api_gateway,PUT /api/v1/profile responded 200 in 3259ms
LOG0008005,2026-02-11 12:22:37,WARNING,api_gateway,Deprecated endpoint called: /api/v0/users by client_id=CLI623
LOG0004403,2026-02-11 12:24:44,INFO,payment,"Payment processed: order_id=ORD89565 amount=Rp855,000"
LOG0009781,2026-02-11 12:31:29,WARNING,auth,Token expiring soon for user_id=USR4618
LOG0007582,2026-02-11 12:38:44,WARNING,auth,Password reset requested for user_id=USR3666
LOG0001867,2026-02-11 12:46:57,INFO,database,Transaction committed: txn_id=TXN39044
LOG0005409,2026-02-11 13:00:51,ERROR,api_gateway,Upstream service order-service unreachable: connection timeout
LOG0008411,2026-02-11 13:09:53,INFO,api_gateway,DELETE /api/v1/item/INV87919 responded 204 in 11ms
LOG0007897,2026-02-11 13:16:55,INFO,database,INSERT INTO orders completed (363ms)
LOG0000846,2026-02-11 13:29:27,INFO,database,Index hit on table=products query (329ms)
LOG0003785,2026-02-11 13:43:26,WARNING,database,Table=orders approaching max size: 25% capacity
LOG0007389,2026-02-11 13:46:01,INFO,api_gateway,GET /api/v1/products responded 200 in 3725ms
LOG0008053,2026-02-11 14:09:36,INFO,database,Cache hit ratio: 36% for last 5 minutes
LOG0009802,2026-02-11 14:35:04,INFO,database,Connection pool: 64/20 active connections
LOG0002085,2026-02-11 14:35:06,INFO,payment,Subscription renewed: user_id=USR6994
LOG0006483,2026-02-11 15:11:15,INFO,payment,Currency conversion: USD→IDR for order_id=ORD31466
LOG0005095,2026-02-11 15:24:30,WARNING,payment,Suspicious transaction flagged: order_id=ORD86335
LOG0007774,2026-02-11 15:30:38,INFO,api_gateway,Rate limit check passed for client_id=CLI726
LOG0006057,2026-02-11 15:35:56,INFO,payment,Invoice generated: invoice_id=INV52765
LOG0008991,2026-02-11 15:38:15,WARNING,api_gateway,Retry attempt 17 for downstream service inventory-service
LOG0008660,2026-02-11 15:52:00,INFO,api_gateway,POST /api/v1/orders responded 201 in 3889ms
LOG0008478,2026-02-11 15:55:36,ERROR,auth,Invalid credentials for user_id=USR3748
LOG0000741,2026-02-11 16:18:00,INFO,database,INSERT INTO orders completed (1780ms)
LOG0004377,2026-02-11 16:26:06,INFO,database,Connection pool: 22/20 active connections
LOG0000612,2026-02-11 16:34:51,ERROR,api_gateway,Invalid request schema on POST /api/v1/orders
LOG0004688,2026-02-11 16:41:19,INFO,database,Index hit on table=products query (2438ms)
LOG0006471,2026-02-11 16:49:54,INFO,database,INSERT INTO orders completed (4325ms)
LOG0009303,2026-02-11 16:57:48,ERROR,auth,JWT signature mismatch for user_id=USR2312
LOG0008685,2026-02-11 17:38:39,WARNING,api_gateway,Retry attempt 53 for downstream service user-service
LOG0002323,2026-02-11 17:40:31,INFO,database,Index hit on table=products query (1931ms)
LOG0008372,2026-02-11 17:51:54,INFO,database,Transaction committed: txn_id=TXN53866
LOG0002782,2026-02-11 17:56:45,INFO,database,Transaction committed: txn_id=TXN13615
LOG0007250,2026-02-11 17:58:34,WARNING,payment,Card expiry warning for user_id=USR8009
LOG0003346,2026-02-11 18:07:58,INFO,auth,Token refreshed for user_id=USR3355
LOG0006992,2026-02-11 18:15:32,INFO,auth,2FA verification passed: user_id=USR6608
LOG0003637,2026-02-11 18:26:34,INFO,auth,User logout: user_id=USR8383
LOG0002076,2026-02-11 18:29:11,INFO,api_gateway,Request routed to service: order-service in 2791ms
LOG0008726,2026-02-11 18:31:09,INFO,payment,Currency conversion: USD→IDR for order_id=ORD56521
LOG0009433,2026-02-11 18:41:43,INFO,database,Query executed: SELECT users WHERE id=USR3794 (3564ms)
LOG0005990,2026-02-11 18:55:42,INFO,payment,Invoice generated: invoice_id=INV99755
LOG0002640,2026-02-11 19:00:27,INFO,database,Query executed: SELECT users WHERE id=USR6689 (3170ms)
LOG0002721,2026-02-11 19:21:56,WARNING,api_gateway,Retry attempt 46 for downstream service user-service
LOG0005718,2026-02-11 19:24:54,INFO,api_gateway,PUT /api/v1/profile responded 200 in 2579ms
LOG0007073,2026-02-11 19:46:31,INFO,database,Query executed: SELECT users WHERE id=USR7814 (4136ms)
LOG0004937,2026-02-11 20:04:58,INFO,payment,Invoice generated: invoice_id=INV21490
LOG0008526,2026-02-11 20:17:01,INFO,auth,Session created: session_id=SESS36053
LOG0000391,2026-02-11 20:20:52,WARNING,auth,Multiple sessions detected for user_id=USR2885
LOG0005030,2026-02-11 20:20:55,WARNING,payment,Payment provider response slow: 3457ms
LOG0002208,2026-02-11 20:27:19,WARNING,auth,Multiple sessions detected for user_id=USR9585
LOG0002259,2026-02-11 20:44:39,ERROR,database,Disk usage critical: 52% on /var/lib/postgres
LOG0000703,2026-02-11 20:47:11,INFO,api_gateway,Rate limit check passed for client_id=CLI888
LOG0003405,2026-02-11 20:49:49,INFO,database,Index hit on table=products query (2995ms)
LOG0001377,2026-02-11 20:50:10,INFO,auth,User login successful: user_id=USR4939
LOG0009947,2026-02-11 20:51:50,INFO,auth,Password changed for user_id=USR1881
LOG0006669,2026-02-11 21:04:19,WARNING,api_gateway,Slow response: GET /api/v1/reports took 114ms
LOG0008051,2026-02-11 21:22:27,WARNING,auth,Unusual login location detected: user_id=USR3763
LOG0006904,2026-02-11 21:22:51,INFO,payment,Subscription renewed: user_id=USR7878
LOG0005400,2026-02-11 21:29:11,WARNING,payment,High transaction volume: 39 TPS (threshold: 50 TPS)
LOG0007056,2026-02-11 21:49:04,INFO,api_gateway,GET /api/v1/products responded 200 in 4095ms
LOG0006528,2026-02-11 21:51:40,INFO,auth,Password changed for user_id=USR5223
LOG0001797,2026-02-11 22:22:21,WARNING,database,Index miss on table=events: consider reindexing
LOG0009364,2026-02-11 22:54:12,INFO,auth,Token generated for user_id=USR5623
LOG0005060,2026-02-11 23:01:02,WARNING,payment,Card expiry warning for user_id=USR4510
LOG0003186,2026-02-11 23:22:44,WARNING,api_gateway,Deprecated endpoint called: /api/v0/users by client_id=CLI698
LOG0008027,2026-02-11 23:59:54,INFO,database,Cache hit ratio: 42% for last 5 minutes
LOG0006430,2026-02-12 00:14:19,INFO,api_gateway,GET /api/v1/users responded 200 in 2508ms
LOG0001588,2026-02-12 00:18:54,INFO,payment,Payment gateway responded OK in 2117ms
LOG0006486,2026-02-12 00:57:00,INFO,auth,Token refreshed for user_id=USR3059
LOG0002553,2026-02-12 01:00:35,ERROR,database,Deadlock detected on table=orders: txn_id=TXN31370
LOG0001343,2026-02-12 01:13:18,INFO,auth,Session created: session_id=SESS53069
LOG0001972,2026-02-12 01:28:50,INFO,api_gateway,GET /api/v1/products responded 200 in 1765ms
LOG0000737,2026-02-12 03:11:31,INFO,payment,Currency conversion: USD→IDR for order_id=ORD90332
LOG0005922,2026-02-12 03:19:31,WARNING,auth,Failed login attempt for user_id=USR5308 (attempt 72/5)
LOG0001338,2026-02-12 03:32:05,ERROR,api_gateway,POST /api/v1/payment returned 500 after 3542ms
LOG0001228,2026-02-12 03:36:03,ERROR,database,Replication lag exceeded threshold: 3897ms behind primary
LOG0009491,2026-02-12 03:53:04,INFO,database,INSERT INTO orders completed (1174ms)
LOG0006021,2026-02-12 04:16:38,INFO,auth,User logout: user_id=USR3280
LOG0008296,2026-02-12 04:27:16,INFO,auth,User registered successfully: user_id=USR6340
LOG0002111,2026-02-12 04:59:41,INFO,api_gateway,GET /api/v1/products responded 200 in 4486ms
LOG0007038,2026-02-12 05:03:25,INFO,auth,User registered successfully: user_id=USR6623
LOG0004579,2026-02-12 05:23:49,INFO,auth,Token refreshed for user_id=USR7569
LOG0007084,2026-02-12 05:24:09,WARNING,auth,Unusual login location detected: user_id=USR6643
LOG0007753,2026-02-12 05:41:18,WARNING,auth,Password reset requested for user_id=USR3307
LOG0001386,2026-02-12 05:52:25,INFO,database,Index hit on table=products query (4108ms)
LOG0006597,2026-02-12 05:54:43,INFO,auth,Token refreshed for user_id=USR9689
LOG0003521,2026-02-12 05:56:46,INFO,auth,Token generated for user_id=USR2102
LOG0002105,2026-02-12 06:00:02,WARNING,database,Index miss on table=events: consider reindexing
LOG0008632,2026-02-12 06:00:44,INFO,api_gateway,PUT /api/v1/profile responded 200 in 1845ms
LOG0009827,2026-02-12 06:10:23,INFO,api_gateway,GET /api/v1/users responded 200 in 1285ms
LOG0006805,2026-02-12 06:15:03,INFO,payment,"Payment processed: order_id=ORD84128 amount=Rp7,629,000"
LOG0006128,2026-02-12 06:33:22,WARNING,auth,Token expiring soon for user_id=USR4499
LOG0002367,2026-02-12 06:46:52,WARNING,database,Index miss on table=events: consider reindexing
LOG0002592,2026-02-12 07:07:00,INFO,database,Index hit on table=products query (1104ms)
LOG0000418,2026-02-12 07:15:26,INFO,auth,2FA verification passed: user_id=USR2040
LOG0003970,2026-02-12 07:15:33,INFO,auth,2FA verification passed: user_id=USR9009
LOG0007559,2026-02-12 07:25:49,INFO,database,INSERT INTO orders completed (836ms)
LOG0003046,2026-02-12 07:28:17,INFO,database,Query executed: SELECT users WHERE id=USR9454 (611ms)
LOG0000210,2026-02-12 07:33:09,INFO,database,Transaction committed: txn_id=TXN61706
LOG0000416,2026-02-12 08:13:08,INFO,auth,Session created: session_id=SESS60397
LOG0003850,2026-02-12 08:19:07,ERROR,database,Query failed: syntax error near 'SELCT'
LOG0005079,2026-02-12 08:21:29,WARNING,auth,Multiple sessions detected for user_id=USR4799
LOG0001200,2026-02-12 08:22:36,INFO,auth,User registered successfully: user_id=USR2443
LOG0009451,2026-02-12 08:38:33,INFO,api_gateway,Request routed to service: order-service in 1105ms
LOG0002148,2026-02-12 08:59:29,INFO,payment,Currency conversion: USD→IDR for order_id=ORD73947
LOG0002037,2026-02-12 09:23:40,INFO,auth,User login successful: user_id=USR9253
LOG0000524,2026-02-12 09:25:50,INFO,auth,Password changed for user_id=USR3218
LOG0000827,2026-02-12 09:26:15,INFO,api_gateway,Rate limit check passed for client_id=CLI262
LOG0004216,2026-02-12 10:04:23,INFO,payment,Currency conversion: USD→IDR for order_id=ORD14897
LOG0007270,2026-02-12 10:12:01,INFO,payment,Webhook received from payment provider: status=SUCCESS
LOG0000813,2026-02-12 10:15:04,ERROR,payment,Currency conversion error for order_id=ORD79040
LOG0004838,2026-02-12 10:40:12,INFO,api_gateway,Request routed to service: inventory-service in 937ms
LOG0006370,2026-02-12 10:43:03,INFO,database,Backup snapshot completed successfully
LOG0009660,2026-02-12 10:59:34,INFO,database,INSERT INTO orders completed (505ms)
LOG0006030,2026-02-12 11:07:19,INFO,database,Index hit on table=products query (1301ms)
LOG0001393,2026-02-12 11:35:56,WARNING,auth,Multiple sessions detected for user_id=USR3760
LOG0005044,2026-02-12 11:44:58,INFO,payment,Invoice generated: invoice_id=INV85090
LOG0004606,2026-02-12 11:58:36,WARNING,payment,High transaction volume: 56 TPS (threshold: 50 TPS)
LOG0006645,2026-02-12 11:59:03,ERROR,database,Deadlock detected on table=orders: txn_id=TXN94224
LOG0009405,2026-02-12 12:05:54,INFO,payment,Subscription renewed: user_id=USR3049
LOG0001805,2026-02-12 12:07:59,ERROR,auth,Invalid credentials for user_id=USR8202
LOG0007783,2026-02-12 12:08:28,INFO,database,Index hit on table=products query (2759ms)
LOG0003757,2026-02-12 12:10:02,ERROR,auth,Session expired: user_id=USR7116
LOG0003680,2026-02-12 12:18:33,WARNING,api_gateway,Retry attempt 58 for downstream service order-service
LOG0002993,2026-02-12 12:23:26,INFO,payment,Invoice generated: invoice_id=INV51577
LOG0009030,2026-02-12 12:27:45,ERROR,database,Replication lag exceeded threshold: 3427ms behind primary
LOG0002118,2026-02-12 12:35:36,WARNING,database,Slow query detected: 2568ms on table=logs
LOG0006293,2026-02-12 12:40:57,ERROR,api_gateway,Circuit breaker OPEN for service: inventory-service
LOG0000529,2026-02-12 12:56:05,INFO,database,INSERT INTO orders completed (3655ms)
LOG0001258,2026-02-12 13:07:40,INFO,payment,Currency conversion: USD→IDR for order_id=ORD44643
LOG0000605,2026-02-12 13:26:41,INFO,database,Transaction committed: txn_id=TXN15510
LOG0004553,2026-02-12 14:06:09,INFO,payment,Currency conversion: USD→IDR for order_id=ORD20245
LOG0009080,2026-02-12 14:09:57,INFO,auth,User logout: user_id=USR2681
LOG0008519,2026-02-12 14:12:23,WARNING,payment,Card expiry warning for user_id=USR6304
LOG0004209,2026-02-12 14:15:40,INFO,api_gateway,Request routed to service: user-service in 3316ms
LOG0006122,2026-02-12 14:32:29,INFO,database,Connection pool: 76/20 active connections
LOG0002816,2026-02-12 14:40:25,WARNING,payment,Payment provider response slow: 456ms
LOG0009313,2026-02-12 14:46:02,INFO,api_gateway,POST /api/v1/orders responded 201 in 444ms
LOG0006948,2026-02-12 14:54:48,INFO,database,Index hit on table=products query (4192ms)
LOG0009279,2026-02-12 15:18:30,INFO,auth,User logout: user_id=USR4827
LOG0008177,2026-02-12 15:20:35,INFO,auth,Token generated for user_id=USR4270
LOG0008214,2026-02-12 15:28:12,INFO,database,Transaction committed: txn_id=TXN90607
LOG0005081,2026-02-12 15:32:48,INFO,payment,"Refund issued: order_id=ORD18993 amount=Rp612,000"
LOG0000580,2026-02-12 15:33:25,INFO,auth,Password changed for user_id=USR2784
LOG0004625,2026-02-12 15:34:26,INFO,api_gateway,POST /api/v1/orders responded 201 in 1834ms
LOG0004659,2026-02-12 15:44:14,INFO,auth,Token generated for user_id=USR7930
LOG0004024,2026-02-12 15:59:34,INFO,auth,Token refreshed for user_id=USR1618
LOG0008637,2026-02-12 16:08:45,INFO,payment,Subscription renewed: user_id=USR5900
LOG0006718,2026-02-12 16:09:05,WARNING,database,Long-running transaction detected: txn_id=TXN11633 (42ms)
LOG0003373,2026-02-12 16:34:48,INFO,auth,Token refreshed for user_id=USR1770
LOG0004944,2026-02-12 16:39:41,INFO,api_gateway,Rate limit check passed for client_id=CLI175
LOG0003101,2026-02-12 16:44:57,INFO,api_gateway,PUT /api/v1/profile responded 200 in 2307ms
LOG0002066,2026-02-12 16:48:17,WARNING,database,Index miss on table=events: consider reindexing
LOG0009450,2026-02-12 17:06:09,INFO,auth,Token generated for user_id=USR2453
LOG0000443,2026-02-12 17:10:53,ERROR,database,Disk usage critical: 47% on /var/lib/postgres
LOG0007315,2026-02-12 17:26:40,INFO,auth,User registered successfully: user_id=USR7064
LOG0000850,2026-02-12 17:27:13,INFO,database,Backup snapshot completed successfully
LOG0002109,2026-02-12 17:46:30,WARNING,payment,Payment retry attempt 15/3 for order_id=ORD79883
LOG0003972,2026-02-12 17:47:45,INFO,database,Query executed: SELECT users WHERE id=USR9325 (2134ms)
LOG0008003,2026-02-12 17:57:37,INFO,payment,Currency conversion: USD→IDR for order_id=ORD30386
LOG0009045,2026-02-12 18:05:58,INFO,payment,Currency conversion: USD→IDR for order_id=ORD45195
LOG0006004,2026-02-12 18:21:41,INFO,api_gateway,GET /api/v1/users responded 200 in 201ms
LOG0001439,2026-02-12 18:27:01,INFO,auth,Token generated for user_id=USR8096
LOG0007696,2026-02-12 18:48:22,INFO,api_gateway,Request routed to service: inventory-service in 199ms
LOG0006088,2026-02-12 19:05:28,WARNING,payment,Payment retry attempt 89/3 for order_id=ORD36602
LOG0003959,2026-02-12 19:06:21,INFO,payment,Currency conversion: USD→IDR for order_id=ORD46591
LOG0006324,2026-02-12 19:14:44,INFO,payment,Currency conversion: USD→IDR for order_id=ORD59299
LOG0008889,2026-02-12 19:14:48,INFO,auth,Session created: session_id=SESS94880
LOG0008487,2026-02-12 19:21:26,INFO,auth,2FA verification passed: user_id=USR7621
LOG0006189,2026-02-12 19:29:57,WARNING,auth,Password reset requested for user_id=USR2119
LOG0002829,2026-02-12 19:33:06,INFO,payment,"Refund issued: order_id=ORD46842 amount=Rp8,590,000"
LOG0003335,2026-02-12 19:36:34,INFO,database,Query executed: SELECT users WHERE id=USR3948 (3943ms)
LOG0007911,2026-02-12 19:37:15,WARNING,api_gateway,Retry attempt 10 for downstream service order-service
LOG0000723,2026-02-12 19:42:16,INFO,payment,"Refund issued: order_id=ORD47106 amount=Rp1,596,000"
LOG0008814,2026-02-12 19:49:39,INFO,payment,"Payment processed: order_id=ORD28507 amount=Rp1,127,000"
LOG0006740,2026-02-12 19:59:00,WARNING,api_gateway,Deprecated endpoint called: /api/v0/users by client_id=CLI830
LOG0005835,2026-02-12 20:19:21,WARNING,auth,Unusual login location detected: user_id=USR6580
LOG0008234,2026-02-12 20:24:00,WARNING,api_gateway,High latency detected on route /api/v1/search: 2901ms
LOG0000090,2026-02-12 20:56:55,WARNING,api_gateway,Slow response: GET /api/v1/reports took 3540ms
LOG0003584,2026-02-12 21:05:08,INFO,payment,Webhook received from payment provider: status=SUCCESS
LOG0009103,2026-02-12 21:42:18,INFO,auth,Token refreshed for user_id=USR2446
LOG0006594,2026-02-12 21:46:31,INFO,auth,2FA verification passed: user_id=USR1718
LOG0009194,2026-02-12 21:48:51,INFO,auth,Password changed for user_id=USR3846
LOG0008030,2026-02-12 22:00:50,INFO,api_gateway,Request routed to service: order-service in 1838ms
LOG0001539,2026-02-12 22:05:49,ERROR,api_gateway,Circuit breaker OPEN for service: order-service
LOG0004590,2026-02-12 22:17:39,WARNING,payment,Payment retry attempt 56/3 for order_id=ORD69440
LOG0008989,2026-02-12 23:05:46,INFO,api_gateway,GET /api/v1/users responded 200 in 1644ms
LOG0002804,2026-02-12 23:17:56,INFO,api_gateway,DELETE /api/v1/item/INV96925 responded 204 in 1238ms
LOG0007409,2026-02-12 23:23:15,WARNING,database,Connection pool usage high: 74/20 connections
LOG0006161,2026-02-12 23:43:58,INFO,payment,Invoice generated: invoice_id=INV72163
LOG0002800,2026-02-13 00:24:06,INFO,auth,2FA verification passed: user_id=USR8894
LOG0000966,2026-02-13 00:32:25,INFO,database,Transaction committed: txn_id=TXN31962
LOG0006363,2026-02-13 00:45:08,WARNING,api_gateway,High latency detected on route /api/v1/search: 1116ms
LOG0003110,2026-02-13 00:49:02,WARNING,api_gateway,Slow response: GET /api/v1/reports took 4174ms
LOG0008124,2026-02-13 00:50:01,WARNING,auth,Failed login attempt for user_id=USR2604 (attempt 77/5)
LOG0004968,2026-02-13 00:59:42,INFO,payment,Invoice generated: invoice_id=INV92017
LOG0003321,2026-02-13 01:19:57,INFO,database,Connection pool: 49/20 active connections
LOG0006247,2026-02-13 01:28:12,INFO,auth,Session created: session_id=SESS23316
LOG0001404,2026-02-13 01:35:00,ERROR,auth,JWT signature mismatch for user_id=USR7685
LOG0003418,2026-02-13 01:38:49,INFO,auth,Session created: session_id=SESS73097
LOG0001847,2026-02-13 01:44:34,WARNING,api_gateway,Deprecated endpoint called: /api/v0/users by client_id=CLI259
LOG0003783,2026-02-13 02:16:39,INFO,payment,"Refund issued: order_id=ORD38340 amount=Rp7,189,000"
LOG0002137,2026-02-13 02:19:34,INFO,api_gateway,PUT /api/v1/profile responded 200 in 472ms
LOG0007181,2026-02-13 02:39:21,WARNING,api_gateway,Deprecated endpoint called: /api/v0/users by client_id=CLI987
LOG0001745,2026-02-13 02:39:41,INFO,api_gateway,Request routed to service: inventory-service in 3913ms
LOG0000021,2026-02-13 02:41:15,INFO,payment,"Payment processed: order_id=ORD92910 amount=Rp286,000"
LOG0002152,2026-02-13 02:42:23,INFO,payment,Subscription renewed: user_id=USR9749
LOG0002641,2026-02-13 03:07:32,INFO,database,Query executed: SELECT users WHERE id=USR9555 (964ms)
LOG0008797,2026-02-13 03:17:04,WARNING,payment,Payment provider response slow: 1520ms
LOG0009139,2026-02-13 03:32:20,WARNING,auth,Multiple sessions detected for user_id=USR4044
LOG0001696,2026-02-13 03:33:44,INFO,api_gateway,PUT /api/v1/profile responded 200 in 371ms
LOG0009391,2026-02-13 03:40:29,WARNING,auth,Token expiring soon for user_id=USR7753
LOG0007677,2026-02-13 03:47:35,INFO,payment,Webhook received from payment provider: status=SUCCESS
LOG0006752,2026-02-13 03:53:01,WARNING,api_gateway,Retry attempt 91 for downstream service inventory-service
LOG0002365,2026-02-13 04:01:12,INFO,auth,Password changed for user_id=USR8767
LOG0007286,2026-02-13 04:15:04,WARNING,api_gateway,Deprecated endpoint called: /api/v0/users by client_id=CLI956
LOG0006551,2026-02-13 04:26:57,INFO,api_gateway,Request routed to service: inventory-service in 4425ms
LOG0006852,2026-02-13 04:42:29,ERROR,api_gateway,Rate limit exceeded for client_id=CLI687
LOG0000897,2026-02-13 04:52:34,INFO,database,Cache hit ratio: 5% for last 5 minutes
LOG0001908,2026-02-13 05:07:51,INFO,payment,Currency conversion: USD→IDR for order_id=ORD79852
LOG0002777,2026-02-13 05:09:27,WARNING,payment,Suspicious transaction flagged: order_id=ORD97575
LOG0002009,2026-02-13 05:15:38,INFO,database,Index hit on table=products query (4422ms)
LOG0003525,2026-02-13 05:23:18,INFO,payment,Webhook received from payment provider: status=SUCCESS
LOG0007946,2026-02-13 05:30:21,ERROR,auth,Invalid credentials for user_id=USR1877
LOG0008697,2026-02-13 05:48:17,INFO,database,Index hit on table=products query (4389ms)
LOG0002052,2026-02-13 05:53:59,INFO,payment,Invoice generated: invoice_id=INV86613
LOG0005855,2026-02-13 06:18:41,INFO,auth,User login successful: user_id=USR9307
LOG0009431,2026-02-13 06:22:14,INFO,auth,2FA verification passed: user_id=USR1332
LOG0009065,2026-02-13 06:27:08,ERROR,api_gateway,Circuit breaker OPEN for service: user-service
LOG0001504,2026-02-13 06:56:29,INFO,api_gateway,PUT /api/v1/profile responded 200 in 50ms
LOG0003638,2026-02-13 06:59:45,INFO,api_gateway,Rate limit check passed for client_id=CLI570
LOG0007282,2026-02-13 07:04:23,WARNING,api_gateway,Deprecated endpoint called: /api/v0/users by client_id=CLI795
LOG0008079,2026-02-13 07:13:36,INFO,payment,Invoice generated: invoice_id=INV65686
LOG0001329,2026-02-13 07:13:55,INFO,database,Transaction committed: txn_id=TXN76672
LOG0002609,2026-02-13 07:31:13,INFO,database,Backup snapshot completed successfully
LOG0000678,2026-02-13 07:31:28,ERROR,payment,Webhook delivery failed after 3 retries
LOG0009642,2026-02-13 07:49:14,INFO,payment,Payment gateway responded OK in 903ms
LOG0008178,2026-02-13 07:56:18,INFO,api_gateway,PUT /api/v1/profile responded 200 in 3981ms
LOG0005106,2026-02-13 08:08:02,WARNING,database,Long-running transaction detected: txn_id=TXN47364 (2857ms)
LOG0000843,2026-02-13 08:11:54,INFO,api_gateway,POST /api/v1/orders responded 201 in 246ms
LOG0007080,2026-02-13 08:16:00,INFO,database,INSERT INTO orders completed (2228ms)
LOG0004067,2026-02-13 08:17:10,INFO,database,Index hit on table=products query (1042ms)
LOG0003665,2026-02-13 08:20:42,INFO,auth,Password changed for user_id=USR3087
LOG0001569,2026-02-13 08:22:59,INFO,payment,"Payment processed: order_id=ORD79353 amount=Rp4,912,000"
LOG0000522,2026-02-13 08:25:33,WARNING,auth,Multiple sessions detected for user_id=USR5113
LOG0005308,2026-02-13 08:26:52,INFO,auth,User logout: user_id=USR9110
LOG0003978,2026-02-13 08:31:50,INFO,payment,Webhook received from payment provider: status=SUCCESS
LOG0002830,2026-02-13 08:34:34,INFO,database,INSERT INTO orders completed (2462ms)
LOG0009744,2026-02-13 09:02:33,INFO,api_gateway,GET /api/v1/users responded 200 in 2003ms
LOG0005277,2026-02-13 09:03:15,WARNING,payment,Card expiry warning for user_id=USR7376
LOG0006734,2026-02-13 09:24:08,INFO,auth,2FA verification passed: user_id=USR5005
LOG0005598,2026-02-13 09:24:43,INFO,api_gateway,DELETE /api/v1/item/INV81708 responded 204 in 3790ms
LOG0007624,2026-02-13 09:34:09,INFO,database,Connection pool: 62/20 active connections
LOG0000460,2026-02-13 09:51:22,ERROR,database,Disk usage critical: 57% on /var/lib/postgres
LOG0008351,2026-02-13 09:56:27,INFO,auth,User registered successfully: user_id=USR6491
LOG0007817,2026-02-13 10:47:16,INFO,payment,Payment gateway responded OK in 1171ms
LOG0007790,2026-02-13 11:07:30,INFO,api_gateway,PUT /api/v1/profile responded 200 in 1320ms
LOG0006286,2026-02-13 11:20:03,INFO,auth,Password changed for user_id=USR8076
LOG0008258,2026-02-13 11:26:15,INFO,api_gateway,Request routed to service: order-service in 3361ms
LOG0001832,2026-02-13 11:45:59,ERROR,api_gateway,Upstream service inventory-service unreachable: connection timeout
LOG0009821,2026-02-13 11:52:11,INFO,database,Index hit on table=products query (3519ms)
LOG0008316,2026-02-13 11:56:29,INFO,payment,Subscription renewed: user_id=USR2801
LOG0007969,2026-02-13 11:57:51,INFO,database,Connection pool: 20/20 active connections
LOG0006532,2026-02-13 12:02:13,INFO,api_gateway,DELETE /api/v1/item/INV23573 responded 204 in 3355ms
LOG0009650,2026-02-13 12:24:01,INFO,api_gateway,GET /api/v1/users responded 200 in 1759ms
LOG0008601,2026-02-13 12:33:35,INFO,auth,User registered successfully: user_id=USR3375
LOG0004602,2026-02-13 12:46:59,INFO,payment,Invoice generated: invoice_id=INV96270
LOG0004458,2026-02-13 12:56:05,INFO,database,Query executed: SELECT users WHERE id=USR9274 (2784ms)
LOG0006657,2026-02-13 12:59:26,INFO,api_gateway,DELETE /api/v1/item/INV89100 responded 204 in 3353ms
LOG0009725,2026-02-13 13:19:45,INFO,api_gateway,Request routed to service: user-service in 4086ms
LOG0009706,2026-02-13 13:21:11,INFO,payment,"Payment processed: order_id=ORD88390 amount=Rp9,566,000"
LOG0003015,2026-02-13 13:28:05,INFO,database,Connection pool: 9/20 active connections
LOG0008011,2026-02-13 13:30:07,INFO,auth,2FA verification passed: user_id=USR9404
LOG0005547,2026-02-13 13:37:00,INFO,auth,User login successful: user_id=USR5602
LOG0002283,2026-02-13 13:50:19,INFO,api_gateway,GET /api/v1/users responded 200 in 4029ms
LOG0002134,2026-02-13 15:10:11,INFO,database,Index hit on table=products query (2028ms)
LOG0006603,2026-02-13 15:11:07,WARNING,api_gateway,Slow response: GET /api/v1/reports took 3039ms
LOG0001962,2026-02-13 15:13:30,INFO,database,Connection pool: 58/20 active connections
LOG0008193,2026-02-13 15:20:23,ERROR,auth,Invalid credentials for user_id=USR3217
LOG0003052,2026-02-13 15:20:36,INFO,auth,User login successful: user_id=USR3315
LOG0002467,2026-02-13 15:37:08,INFO,api_gateway,DELETE /api/v1/item/INV56624 responded 204 in 1911ms
LOG0001787,2026-02-13 15:40:20,ERROR,payment,Webhook delivery failed after 3 retries
LOG0009791,2026-02-13 15:44:08,ERROR,api_gateway,Circuit breaker OPEN for service: inventory-service
LOG0008840,2026-02-13 16:09:37,INFO,auth,Token generated for user_id=USR6504
LOG0002143,2026-02-13 16:10:34,INFO,payment,Payment gateway responded OK in 2705ms
LOG0002658,2026-02-13 16:17:24,INFO,database,Transaction committed: txn_id=TXN93680
LOG0000636,2026-02-13 16:17:43,INFO,database,Query executed: SELECT users WHERE id=USR8967 (2638ms)
LOG0009162,2026-02-13 16:26:05,INFO,payment,Invoice generated: invoice_id=INV65506
LOG0001967,2026-02-13 16:29:19,INFO,database,Transaction committed: txn_id=TXN93189
LOG0003928,2026-02-13 16:36:03,INFO,payment,Invoice generated: invoice_id=INV94389
LOG0006963,2026-02-13 16:40:53,WARNING,auth,Unusual login location detected: user_id=USR3770
LOG0008620,2026-02-13 16:49:08,INFO,auth,Token refreshed for user_id=USR7266
LOG0004923,2026-02-13 16:53:48,INFO,payment,Webhook received from payment provider: status=SUCCESS
LOG0000706,2026-02-13 16:55:28,WARNING,api_gateway,High latency detected on route /api/v1/search: 3781ms
LOG0006266,2026-02-13 17:05:07,INFO,database,Connection pool: 12/20 active connections
LOG0005853,2026-02-13 17:05:25,INFO,auth,Session created: session_id=SESS88434
LOG0005092,2026-02-13 17:07:21,ERROR,payment,Payment gateway timeout after 4432ms: order_id=ORD58214
LOG0008616,2026-02-13 17:08:06,INFO,payment,"Refund issued: order_id=ORD39189 amount=Rp2,216,000"
LOG0006298,2026-02-13 17:13:13,INFO,api_gateway,Rate limit check passed for client_id=CLI182
LOG0007295,2026-02-13 17:25:39,ERROR,payment,Fraud detection triggered: order_id=ORD27311
LOG0004671,2026-02-13 17:31:21,WARNING,auth,Multiple sessions detected for user_id=USR2337
LOG0006746,2026-02-13 17:32:02,WARNING,payment,Suspicious transaction flagged: order_id=ORD71862
LOG0009758,2026-02-13 17:36:13,INFO,payment,Subscription renewed: user_id=USR7807
LOG0007451,2026-02-13 17:48:19,INFO,database,Cache hit ratio: 50% for last 5 minutes
LOG0009271,2026-02-13 17:50:59,INFO,payment,"Refund issued: order_id=ORD32441 amount=Rp6,130,000"
LOG0007932,2026-02-13 17:51:38,WARNING,database,Long-running transaction detected: txn_id=TXN39264 (2301ms)
LOG0007249,2026-02-13 18:04:58,INFO,api_gateway,GET /api/v1/users responded 200 in 2294ms
LOG0004106,2026-02-13 18:08:15,WARNING,database,Long-running transaction detected: txn_id=TXN65793 (980ms)
LOG0004509,2026-02-13 18:09:07,WARNING,api_gateway,Slow response: GET /api/v1/reports took 1485ms
LOG0002354,2026-02-13 18:09:14,WARNING,api_gateway,Rate limit approaching for client_id=CLI228: 46/100 req/min
LOG0009404,2026-02-13 18:27:34,WARNING,database,Slow query detected: 2712ms on table=logs
LOG0000760,2026-02-13 18:29:13,INFO,auth,Token generated for user_id=USR7801
LOG0005419,2026-02-13 18:32:51,ERROR,api_gateway,Rate limit exceeded for client_id=CLI476
LOG0001237,2026-02-13 18:39:35,INFO,database,INSERT INTO orders completed (3591ms)
LOG0001369,2026-02-13 18:50:33,INFO,payment,Subscription renewed: user_id=USR6134
LOG0007987,2026-02-13 19:10:35,INFO,auth,2FA verification passed: user_id=USR7904
LOG0006646,2026-02-13 19:10:36,INFO,database,Query executed: SELECT users WHERE id=USR4220 (2037ms)
LOG0003796,2026-02-13 19:21:46,INFO,auth,Token generated for user_id=USR7994
LOG0004323,2026-02-13 19:34:38,WARNING,database,Table=orders approaching max size: 96% capacity
LOG0007113,2026-02-13 19:37:46,INFO,api_gateway,DELETE /api/v1/item/INV44819 responded 204 in 2557ms
LOG0006903,2026-02-13 19:42:26,INFO,database,Backup snapshot completed successfully
LOG0000796,2026-02-13 19:44:19,INFO,api_gateway,POST /api/v1/orders responded 201 in 4477ms
LOG0008056,2026-02-13 19:45:31,INFO,auth,Password changed for user_id=USR4503
LOG0004539,2026-02-13 19:52:10,WARNING,database,Long-running transaction detected: txn_id=TXN72447 (4088ms)
LOG0004987,2026-02-13 20:10:47,ERROR,database,Connection timeout to primary DB host
LOG0002119,2026-02-13 20:23:12,ERROR,auth,JWT signature mismatch for user_id=USR7452
LOG0008475,2026-02-13 20:25:11,INFO,auth,User registered successfully: user_id=USR3713
LOG0002850,2026-02-13 20:26:13,INFO,api_gateway,GET /api/v1/users responded 200 in 3362ms
LOG0003488,2026-02-13 20:37:40,WARNING,payment,Payment provider response slow: 2614ms
LOG0002670,2026-02-13 20:41:25,INFO,api_gateway,Rate limit check passed for client_id=CLI663
LOG0000304,2026-02-13 20:45:13,ERROR,api_gateway,Circuit breaker OPEN for service: user-service
LOG0004127,2026-02-13 20:49:46,ERROR,api_gateway,Circuit breaker OPEN for service: order-service
LOG0000913,2026-02-13 21:16:40,INFO,auth,User logout: user_id=USR7319
LOG0006318,2026-02-13 21:25:09,INFO,auth,Token generated for user_id=USR6284
LOG0006708,2026-02-13 21:55:20,WARNING,api_gateway,Deprecated endpoint called: /api/v0/users by client_id=CLI922
LOG0003094,2026-02-13 22:05:18,INFO,database,Query executed: SELECT users WHERE id=USR7242 (3958ms)
LOG0000061,2026-02-13 22:10:59,WARNING,database,Slow query detected: 2143ms on table=logs
LOG0001046,2026-02-13 22:13:51,INFO,api_gateway,Request routed to service: user-service in 4157ms
LOG0007994,2026-02-13 22:28:26,WARNING,database,Index miss on table=events: consider reindexing
LOG0005941,2026-02-13 22:29:11,ERROR,payment,Payment gateway timeout after 3328ms: order_id=ORD42423
LOG0004983,2026-02-13 22:36:13,INFO,payment,Subscription renewed: user_id=USR6667
LOG0001412,2026-02-13 22:57:31,INFO,api_gateway,PUT /api/v1/profile responded 200 in 543ms
LOG0004603,2026-02-13 23:20:10,INFO,payment,Webhook received from payment provider: status=SUCCESS
LOG0008886,2026-02-13 23:30:47,INFO,auth,User logout: user_id=USR4337
LOG0003063,2026-02-13 23:39:39,INFO,database,Cache hit ratio: 75% for last 5 minutes
LOG0002014,2026-02-13 23:49:05,INFO,auth,Token refreshed for user_id=USR3409
LOG0009018,2026-02-14 00:02:13,INFO,payment,"Payment processed: order_id=ORD92253 amount=Rp1,742,000"
LOG0009003,2026-02-14 00:04:13,WARNING,auth,Multiple sessions detected for user_id=USR4730
LOG0006502,2026-02-14 00:58:37,INFO,api_gateway,GET /api/v1/users responded 200 in 4016ms
LOG0000901,2026-02-14 00:58:44,WARNING,auth,Unusual login location detected: user_id=USR5533
LOG0001150,2026-02-14 01:02:19,INFO,api_gateway,Request routed to service: order-service in 4002ms
LOG0004480,2026-02-14 01:09:42,INFO,database,Transaction committed: txn_id=TXN27356
LOG0005793,2026-02-14 01:15:44,INFO,api_gateway,POST /api/v1/orders responded 201 in 1340ms
LOG0004158,2026-02-14 01:19:09,WARNING,api_gateway,Deprecated endpoint called: /api/v0/users by client_id=CLI795
LOG0007412,2026-02-14 01:25:03,ERROR,auth,Invalid credentials for user_id=USR9507
LOG0001159,2026-02-14 01:26:34,ERROR,database,Query failed: syntax error near 'SELCT'
LOG0007879,2026-02-14 01:34:43,INFO,payment,Invoice generated: invoice_id=INV41673
LOG0002965,2026-02-14 01:51:52,WARNING,payment,Payment retry attempt 43/3 for order_id=ORD59381
LOG0001816,2026-02-14 01:57:54,WARNING,auth,Token expiring soon for user_id=USR1773
LOG0002439,2026-02-14 02:01:16,INFO,auth,Token refreshed for user_id=USR1500
LOG0003386,2026-02-14 02:11:28,INFO,api_gateway,POST /api/v1/orders responded 201 in 2238ms
LOG0009766,2026-02-14 02:14:17,INFO,auth,User registered successfully: user_id=USR4283
LOG0000553,2026-02-14 02:15:12,INFO,database,Query executed: SELECT users WHERE id=USR7903 (3898ms)
LOG0007161,2026-02-14 02:15:26,INFO,auth,User login successful: user_id=USR5589
LOG0004436,2026-02-14 02:18:26,ERROR,payment,Payment gateway timeout after 144ms: order_id=ORD68633
LOG0003453,2026-02-14 02:19:42,WARNING,payment,Payment retry attempt 19/3 for order_id=ORD71293
LOG0001780,2026-02-14 02:34:24,WARNING,api_gateway,Retry attempt 87 for downstream service inventory-service
LOG0002732,2026-02-14 02:51:31,INFO,payment,Invoice generated: invoice_id=INV27096
LOG0007859,2026-02-14 02:56:03,INFO,auth,User registered successfully: user_id=USR5071
LOG0003266,2026-02-14 03:08:12,ERROR,payment,Fraud detection triggered: order_id=ORD24484
LOG0007662,2026-02-14 03:11:25,INFO,auth,User login successful: user_id=USR2178
LOG0005104,2026-02-14 03:17:17,ERROR,payment,Payment failed: order_id=ORD45121 reason=insufficient_funds
LOG0005988,2026-02-14 03:17:56,INFO,api_gateway,Request routed to service: order-service in 1264ms
LOG0007523,2026-02-14 03:20:05,INFO,database,Cache hit ratio: 42% for last 5 minutes
LOG0002525,2026-02-14 03:26:47,INFO,auth,User logout: user_id=USR8489
LOG0003614,2026-02-14 03:41:16,INFO,database,Transaction committed: txn_id=TXN56534
LOG0000501,2026-02-14 04:13:32,INFO,api_gateway,PUT /api/v1/profile responded 200 in 2267ms
LOG0008070,2026-02-14 04:14:29,INFO,payment,"Refund issued: order_id=ORD61443 amount=Rp4,155,000"
LOG0005375,2026-02-14 04:19:57,INFO,api_gateway,POST /api/v1/orders responded 201 in 1934ms
LOG0001575,2026-02-14 04:29:16,INFO,database,Backup snapshot completed successfully
LOG0000089,2026-02-14 04:39:07,INFO,auth,User login successful: user_id=USR1464
LOG0002189,2026-02-14 04:44:48,INFO,auth,User login successful: user_id=USR8672
LOG0002419,2026-02-14 05:00:36,INFO,payment,Webhook received from payment provider: status=SUCCESS
LOG0002718,2026-02-14 05:02:58,INFO,database,Index hit on table=products query (84ms)
LOG0006320,2026-02-14 05:10:00,INFO,auth,Token refreshed for user_id=USR3793
LOG0008732,2026-02-14 05:43:40,WARNING,auth,Failed login attempt for user_id=USR6361 (attempt 49/5)
LOG0006854,2026-02-14 05:46:08,WARNING,auth,Unusual login location detected: user_id=USR9477
LOG0006159,2026-02-14 05:48:59,WARNING,database,Long-running transaction detected: txn_id=TXN52725 (4274ms)
LOG0009600,2026-02-14 05:54:27,WARNING,auth,Failed login attempt for user_id=USR8687 (attempt 34/5)
LOG0008683,2026-02-14 06:07:43,INFO,auth,User registered successfully: user_id=USR8072
LOG0002107,2026-02-14 06:32:31,ERROR,api_gateway,Circuit breaker OPEN for service: inventory-service
LOG0009036,2026-02-14 06:33:28,WARNING,payment,Payment retry attempt 24/3 for order_id=ORD47421
LOG0001525,2026-02-14 06:43:28,INFO,payment,Currency conversion: USD→IDR for order_id=ORD42764
LOG0000841,2026-02-14 06:44:30,INFO,api_gateway,GET /api/v1/users responded 200 in 2585ms
LOG0004107,2026-02-14 06:56:38,WARNING,database,Connection pool usage high: 99/20 connections
LOG0009038,2026-02-14 07:01:55,INFO,payment,Invoice generated: invoice_id=INV87499
LOG0007724,2026-02-14 07:02:54,ERROR,auth,Invalid credentials for user_id=USR6297
LOG0008072,2026-02-14 07:20:10,INFO,api_gateway,Rate limit check passed for client_id=CLI137
LOG0006729,2026-02-14 07:21:36,ERROR,database,Replication lag exceeded threshold: 3752ms behind primary
LOG0003138,2026-02-14 07:31:16,INFO,api_gateway,Rate limit check passed for client_id=CLI710
LOG0006408,2026-02-14 07:38:55,WARNING,auth,Failed login attempt for user_id=USR6584 (attempt 14/5)
LOG0006392,2026-02-14 07:39:00,WARNING,payment,Card expiry warning for user_id=USR5523
LOG0007615,2026-02-14 07:56:22,INFO,database,INSERT INTO orders completed (2272ms)
LOG0002362,2026-02-14 08:00:00,WARNING,auth,Failed login attempt for user_id=USR3836 (attempt 84/5)
LOG0009989,2026-02-14 08:06:53,INFO,api_gateway,GET /api/v1/users responded 200 in 2789ms
LOG0009596,2026-02-14 08:08:41,INFO,payment,"Payment processed: order_id=ORD65870 amount=Rp5,141,000"
LOG0002754,2026-02-14 08:27:53,INFO,payment,"Payment processed: order_id=ORD75394 amount=Rp4,622,000"
LOG0002916,2026-02-14 08:29:32,WARNING,database,Connection pool usage high: 90/20 connections
LOG0001910,2026-02-14 08:43:42,INFO,api_gateway,GET /api/v1/products responded 200 in 1919ms
LOG0002823,2026-02-14 08:49:26,WARNING,payment,Payment provider response slow: 121ms
LOG0000128,2026-02-14 09:15:58,ERROR,api_gateway,Invalid request schema on POST /api/v1/orders
LOG0002318,2026-02-14 09:16:53,INFO,payment,"Payment processed: order_id=ORD85058 amount=Rp7,786,000"
LOG0003740,2026-02-14 09:23:48,INFO,payment,"Payment processed: order_id=ORD93263 amount=Rp4,571,000"
LOG0002281,2026-02-14 09:31:26,INFO,api_gateway,Request routed to service: order-service in 3562ms
LOG0006742,2026-02-14 09:39:45,INFO,database,Query executed: SELECT users WHERE id=USR6126 (966ms)
LOG0001344,2026-02-14 09:50:40,INFO,payment,Invoice generated: invoice_id=INV20896
LOG0006969,2026-02-14 10:02:50,INFO,api_gateway,PUT /api/v1/profile responded 200 in 1270ms
LOG0007386,2026-02-14 10:06:21,INFO,auth,Password changed for user_id=USR7954
LOG0006682,2026-02-14 10:29:40,WARNING,api_gateway,High latency detected on route /api/v1/search: 2536ms
LOG0008853,2026-02-14 10:50:44,INFO,api_gateway,Rate limit check passed for client_id=CLI693
LOG0000347,2026-02-14 11:18:40,INFO,database,Connection pool: 2/20 active connections
LOG0003030,2026-02-14 11:38:12,INFO,payment,Webhook received from payment provider: status=SUCCESS
LOG0009905,2026-02-14 11:47:18,INFO,api_gateway,Rate limit check passed for client_id=CLI395
LOG0005401,2026-02-14 11:51:18,INFO,database,Cache hit ratio: 57% for last 5 minutes
LOG0005369,2026-02-14 11:51:58,INFO,auth,User registered successfully: user_id=USR4655
LOG0009063,2026-02-14 12:16:52,INFO,auth,Token refreshed for user_id=USR1842
LOG0001156,2026-02-14 12:21:39,WARNING,payment,Payment provider response slow: 1599ms
LOG0006519,2026-02-14 12:31:33,WARNING,database,Index miss on table=events: consider reindexing
LOG0001848,2026-02-14 12:54:54,INFO,database,Query executed: SELECT users WHERE id=USR7562 (134ms)
LOG0000785,2026-02-14 12:55:52,WARNING,payment,High transaction volume: 13 TPS (threshold: 50 TPS)
LOG0000939,2026-02-14 13:02:05,WARNING,auth,Password reset requested for user_id=USR8246
LOG0003154,2026-02-14 13:03:51,INFO,auth,Token refreshed for user_id=USR9302
LOG0009896,2026-02-14 13:17:53,INFO,database,Transaction committed: txn_id=TXN40463
LOG0003406,2026-02-14 13:32:42,INFO,auth,2FA verification passed: user_id=USR5072
LOG0008213,2026-02-14 13:39:29,WARNING,payment,Payment provider response slow: 2511ms
LOG0002456,2026-02-14 13:52:51,WARNING,api_gateway,Rate limit approaching for client_id=CLI139: 40/100 req/min
LOG0000302,2026-02-14 13:55:53,INFO,database,Backup snapshot completed successfully
LOG0007986,2026-02-14 13:56:12,INFO,database,Backup snapshot completed successfully
LOG0005253,2026-02-14 14:00:33,INFO,database,Cache hit ratio: 5% for last 5 minutes
LOG0005347,2026-02-14 14:19:41,INFO,auth,Password changed for user_id=USR5373
LOG0001355,2026-02-14 14:24:55,WARNING,payment,Payment retry attempt 38/3 for order_id=ORD53809
LOG0009478,2026-02-14 14:33:02,WARNING,api_gateway,Rate limit approaching for client_id=CLI527: 8/100 req/min
LOG0001240,2026-02-14 14:38:00,WARNING,payment,High transaction volume: 2 TPS (threshold: 50 TPS)
LOG0005872,2026-02-14 14:47:11,INFO,database,Connection pool: 3/20 active connections
LOG0000651,2026-02-14 15:03:54,INFO,database,Query executed: SELECT users WHERE id=USR7163 (1506ms)
LOG0005987,2026-02-14 15:04:09,INFO,payment,Invoice generated: invoice_id=INV48741
LOG0001459,2026-02-14 15:13:51,INFO,payment,Invoice generated: invoice_id=INV87256
LOG0005575,2026-02-14 15:19:35,WARNING,database,Table=orders approaching max size: 30% capacity
LOG0008513,2026-02-14 15:25:35,WARNING,database,Table=orders approaching max size: 75% capacity
LOG0008492,2026-02-14 15:25:57,WARNING,api_gateway,Deprecated endpoint called: /api/v0/users by client_id=CLI814
LOG0007521,2026-02-14 15:34:08,ERROR,database,Connection timeout to primary DB host
LOG0007185,2026-02-14 15:34:54,INFO,auth,User registered successfully: user_id=USR9672
LOG0005881,2026-02-14 15:48:57,INFO,api_gateway,Request routed to service: order-service in 478ms
LOG0005183,2026-02-14 16:07:28,WARNING,payment,Suspicious transaction flagged: order_id=ORD32043
LOG0004664,2026-02-14 16:11:40,INFO,auth,Token generated for user_id=USR1518
LOG0006679,2026-02-14 16:21:23,INFO,database,Query executed: SELECT users WHERE id=USR4795 (1852ms)
LOG0003280,2026-02-14 16:24:12,INFO,api_gateway,DELETE /api/v1/item/INV84639 responded 204 in 148ms
LOG0003442,2026-02-14 16:36:12,INFO,database,Backup snapshot completed successfully
LOG0002880,2026-02-14 16:47:15,INFO,payment,Webhook received from payment provider: status=SUCCESS
LOG0007196,2026-02-14 16:48:24,INFO,payment,Subscription renewed: user_id=USR1313
LOG0008546,2026-02-14 17:00:22,INFO,api_gateway,Rate limit check passed for client_id=CLI531
LOG0002403,2026-02-14 17:08:40,INFO,database,Query executed: SELECT users WHERE id=USR3092 (1643ms)
LOG0003310,2026-02-14 17:15:09,INFO,auth,2FA verification passed: user_id=USR9628
LOG0006836,2026-02-14 17:17:55,ERROR,auth,Token validation failed: user_id=USR5687
LOG0007230,2026-02-14 17:18:00,INFO,api_gateway,Request routed to service: order-service in 482ms
LOG0003275,2026-02-14 17:18:48,INFO,auth,User registered successfully: user_id=USR9028
LOG0007033,2026-02-14 17:25:23,INFO,auth,User registered successfully: user_id=USR4977
LOG0000570,2026-02-14 17:45:18,INFO,payment,"Payment processed: order_id=ORD53126 amount=Rp9,492,000"
LOG0005672,2026-02-14 17:56:52,INFO,api_gateway,POST /api/v1/orders responded 201 in 3500ms
LOG0001266,2026-02-14 18:01:03,INFO,api_gateway,POST /api/v1/orders responded 201 in 1106ms
LOG0005522,2026-02-14 18:06:34,WARNING,payment,Payment provider response slow: 4174ms
LOG0002841,2026-02-14 18:06:49,INFO,auth,User logout: user_id=USR3014
LOG0003622,2026-02-14 18:12:58,INFO,database,Cache hit ratio: 97% for last 5 minutes
LOG0007438,2026-02-14 18:14:03,INFO,auth,2FA verification passed: user_id=USR1531
LOG0008194,2026-02-14 18:20:28,INFO,database,Connection pool: 78/20 active connections
LOG0008728,2026-02-14 18:27:02,INFO,database,Cache hit ratio: 42% for last 5 minutes
LOG0007447,2026-02-14 18:35:42,INFO,database,Connection pool: 87/20 active connections
LOG0001637,2026-02-14 18:57:19,WARNING,database,Slow query detected: 3074ms on table=logs
LOG0007585,2026-02-14 19:07:22,INFO,database,INSERT INTO orders completed (2525ms)
LOG0001983,2026-02-14 19:11:12,INFO,database,Index hit on table=products query (3234ms)
LOG0005840,2026-02-14 19:19:13,WARNING,payment,Payment provider response slow: 3532ms
LOG0006301,2026-02-14 19:24:30,INFO,database,Connection pool: 17/20 active connections
LOG0009123,2026-02-14 19:26:26,INFO,api_gateway,GET /api/v1/products responded 200 in 3672ms
LOG0002297,2026-02-14 19:35:57,INFO,auth,User login successful: user_id=USR1073
LOG0003341,2026-02-14 19:42:19,INFO,api_gateway,Rate limit check passed for client_id=CLI490
LOG0005605,2026-02-14 19:55:17,INFO,api_gateway,GET /api/v1/products responded 200 in 1055ms
LOG0002874,2026-02-14 20:13:07,INFO,payment,Currency conversion: USD→IDR for order_id=ORD36212
LOG0005485,2026-02-14 20:17:40,INFO,auth,User registered successfully: user_id=USR1558
LOG0006162,2026-02-14 20:19:01,INFO,auth,2FA verification passed: user_id=USR8039
LOG0004746,2026-02-14 20:26:54,INFO,payment,Subscription renewed: user_id=USR4060
LOG0009851,2026-02-14 20:30:56,INFO,api_gateway,POST /api/v1/orders responded 201 in 1252ms
LOG0007720,2026-02-14 20:31:45,INFO,payment,"Payment processed: order_id=ORD83840 amount=Rp3,013,000"
LOG0002343,2026-02-14 20:34:55,INFO,database,Connection pool: 73/20 active connections
LOG0000779,2026-02-14 20:45:55,INFO,api_gateway,PUT /api/v1/profile responded 200 in 1792ms
LOG0001000,2026-02-14 20:47:50,INFO,api_gateway,PUT /api/v1/profile responded 200 in 807ms
LOG0003085,2026-02-14 20:49:03,INFO,api_gateway,POST /api/v1/orders responded 201 in 13ms
LOG0003882,2026-02-14 20:50:11,INFO,payment,Invoice generated: invoice_id=INV31724
LOG0003629,2026-02-14 20:57:11,INFO,api_gateway,Rate limit check passed for client_id=CLI275
LOG0006077,2026-02-14 21:28:13,INFO,database,Backup snapshot completed successfully
LOG0005689,2026-02-14 21:33:57,WARNING,api_gateway,Rate limit approaching for client_id=CLI730: 89/100 req/min
LOG0006554,2026-02-14 21:41:18,WARNING,auth,Token expiring soon for user_id=USR6606
LOG0008401,2026-02-14 21:53:13,WARNING,api_gateway,Deprecated endpoint called: /api/v0/users by client_id=CLI708
LOG0003083,2026-02-14 22:34:28,INFO,auth,Session created: session_id=SESS48963
LOG0008553,2026-02-14 22:48:08,INFO,api_gateway,Rate limit check passed for client_id=CLI449
LOG0001216,2026-02-14 22:54:27,WARNING,payment,High transaction volume: 10 TPS (threshold: 50 TPS)
LOG0000324,2026-02-14 23:06:30,WARNING,auth,Failed login attempt for user_id=USR9984 (attempt 21/5)
LOG0003836,2026-02-14 23:06:53,WARNING,api_gateway,Deprecated endpoint called: /api/v0/users by client_id=CLI476
LOG0007654,2026-02-14 23:09:07,INFO,api_gateway,POST /api/v1/orders responded 201 in 1362ms
LOG0004404,2026-02-14 23:12:57,ERROR,payment,Webhook delivery failed after 3 retries
LOG0005340,2026-02-14 23:15:59,INFO,database,Connection pool: 54/20 active connections
LOG0003476,2026-02-14 23:19:51,INFO,database,Transaction committed: txn_id=TXN56364
LOG0007684,2026-02-14 23:36:46,WARNING,auth,Unusual login location detected: user_id=USR2050
LOG0009700,2026-02-14 23:39:25,ERROR,api_gateway,POST /api/v1/payment returned 500 after 4263ms
LOG0009643,2026-02-14 23:41:21,INFO,payment,Payment gateway responded OK in 1768ms
LOG0002389,2026-02-14 23:44:00,INFO,database,Cache hit ratio: 71% for last 5 minutes
LOG0005757,2026-02-14 23:48:55,INFO,auth,Password changed for user_id=USR8716
LOG0004348,2026-02-15 00:03:19,INFO,api_gateway,DELETE /api/v1/item/INV70190 responded 204 in 2222ms
LOG0009031,2026-02-15 00:24:05,ERROR,auth,Invalid credentials for user_id=USR1939
LOG0004950,2026-02-15 00:24:33,INFO,payment,"Refund issued: order_id=ORD85540 amount=Rp5,337,000"
LOG0008058,2026-02-15 00:24:59,INFO,api_gateway,POST /api/v1/orders responded 201 in 2573ms
LOG0002946,2026-02-15 00:31:39,WARNING,auth,Token expiring soon for user_id=USR3324
LOG0009593,2026-02-15 00:36:14,INFO,auth,Password changed for user_id=USR4734
LOG0000275,2026-02-15 00:36:39,WARNING,database,Table=orders approaching max size: 84% capacity
LOG0006982,2026-02-15 00:40:24,INFO,api_gateway,GET /api/v1/users responded 200 in 3481ms
LOG0004163,2026-02-15 00:52:37,WARNING,database,Long-running transaction detected: txn_id=TXN45910 (1879ms)
LOG0006002,2026-02-15 01:05:08,ERROR,auth,Session expired: user_id=USR6523
LOG0007387,2026-02-15 01:25:36,ERROR,auth,Account locked after 5 failed attempts: user_id=USR1217
LOG0000133,2026-02-15 01:42:18,INFO,payment,Subscription renewed: user_id=USR2398
LOG0005730,2026-02-15 01:46:19,INFO,database,Transaction committed: txn_id=TXN71695
LOG0003282,2026-02-15 01:53:22,INFO,api_gateway,GET /api/v1/users responded 200 in 2248ms
LOG0003568,2026-02-15 02:18:20,INFO,payment,Invoice generated: invoice_id=INV28624
LOG0007618,2026-02-15 02:24:16,WARNING,database,Connection pool usage high: 4/20 connections
LOG0000357,2026-02-15 02:55:15,INFO,payment,Subscription renewed: user_id=USR2545
LOG0009694,2026-02-15 03:01:28,INFO,api_gateway,DELETE /api/v1/item/INV86478 responded 204 in 1929ms
LOG0007094,2026-02-15 03:11:01,INFO,api_gateway,DELETE /api/v1/item/INV80253 responded 204 in 733ms
LOG0001003,2026-02-15 03:13:37,INFO,api_gateway,Request routed to service: order-service in 1608ms
LOG0005167,2026-02-15 03:25:05,WARNING,payment,Card expiry warning for user_id=USR8731
LOG0007826,2026-02-15 03:30:32,INFO,database,Transaction committed: txn_id=TXN55825
LOG0009060,2026-02-15 03:31:14,INFO,api_gateway,GET /api/v1/users responded 200 in 3332ms
LOG0002907,2026-02-15 03:35:14,WARNING,database,Index miss on table=events: consider reindexing
LOG0009515,2026-02-15 03:39:46,ERROR,database,Disk usage critical: 82% on /var/lib/postgres
LOG0000474,2026-02-15 03:45:25,INFO,auth,Token refreshed for user_id=USR6911
LOG0005882,2026-02-15 03:57:27,INFO,payment,"Payment processed: order_id=ORD39277 amount=Rp5,525,000"
LOG0000652,2026-02-15 04:00:04,INFO,database,Transaction committed: txn_id=TXN48859
LOG0003849,2026-02-15 04:05:41,INFO,payment,Subscription renewed: user_id=USR8829
LOG0009738,2026-02-15 04:07:13,WARNING,payment,Card expiry warning for user_id=USR1369
LOG0005303,2026-02-15 04:08:11,INFO,auth,User registered successfully: user_id=USR3546
LOG0003615,2026-02-15 04:34:10,INFO,payment,Subscription renewed: user_id=USR8917
LOG0001136,2026-02-15 04:44:08,INFO,api_gateway,Request routed to service: order-service in 4042ms
LOG0000624,2026-02-15 04:45:06,INFO,auth,Token generated for user_id=USR9790
LOG0007248,2026-02-15 05:08:42,INFO,auth,User logout: user_id=USR4432
LOG0001767,2026-02-15 05:15:52,WARNING,auth,Password reset requested for user_id=USR5883
LOG0002187,2026-02-15 05:16:46,WARNING,payment,Payment provider response slow: 919ms
LOG0000881,2026-02-15 05:43:02,INFO,database,Cache hit ratio: 61% for last 5 minutes
LOG0009995,2026-02-15 05:52:07,INFO,database,Cache hit ratio: 80% for last 5 minutes
LOG0007371,2026-02-15 06:14:26,WARNING,payment,Payment retry attempt 3/3 for order_id=ORD45881
LOG0000404,2026-02-15 06:27:05,INFO,auth,Token refreshed for user_id=USR6454
LOG0005276,2026-02-15 06:27:43,WARNING,payment,Card expiry warning for user_id=USR1696
LOG0009232,2026-02-15 06:33:05,WARNING,auth,Unusual login location detected: user_id=USR5821
LOG0002605,2026-02-15 06:48:59,WARNING,database,Index miss on table=events: consider reindexing
LOG0006906,2026-02-15 06:49:33,INFO,payment,Payment gateway responded OK in 1684ms
LOG0006107,2026-02-15 06:53:10,INFO,api_gateway,POST /api/v1/orders responded 201 in 478ms
LOG0005671,2026-02-15 07:04:11,WARNING,payment,Card expiry warning for user_id=USR8444
LOG0007777,2026-02-15 07:10:09,INFO,payment,Currency conversion: USD→IDR for order_id=ORD93951
LOG0004561,2026-02-15 07:12:46,INFO,payment,"Payment processed: order_id=ORD58358 amount=Rp5,324,000"
LOG0000200,2026-02-15 07:32:03,INFO,api_gateway,GET /api/v1/users responded 200 in 3135ms
LOG0009876,2026-02-15 07:36:41,WARNING,auth,Password reset requested for user_id=USR6033
LOG0001453,2026-02-15 07:44:41,WARNING,database,Slow query detected: 3308ms on table=logs
LOG0004709,2026-02-15 07:56:28,INFO,payment,"Refund issued: order_id=ORD40643 amount=Rp8,968,000"
LOG0000839,2026-02-15 07:56:34,WARNING,payment,High transaction volume: 75 TPS (threshold: 50 TPS)
LOG0003710,2026-02-15 08:09:57,WARNING,api_gateway,Retry attempt 13 for downstream service inventory-service
LOG0007430,2026-02-15 08:12:55,INFO,api_gateway,PUT /api/v1/profile responded 200 in 84ms
LOG0002776,2026-02-15 08:34:00,INFO,auth,Token generated for user_id=USR1403
LOG0003813,2026-02-15 08:52:13,INFO,auth,User login successful: user_id=USR6680
LOG0003050,2026-02-15 09:11:17,INFO,api_gateway,GET /api/v1/products responded 200 in 238ms
LOG0008130,2026-02-15 09:11:22,WARNING,database,Index miss on table=events: consider reindexing
LOG0005407,2026-02-15 09:22:30,INFO,auth,2FA verification passed: user_id=USR3480
LOG0009518,2026-02-15 09:32:47,INFO,api_gateway,PUT /api/v1/profile responded 200 in 125ms
LOG0001741,2026-02-15 09:34:01,INFO,api_gateway,Rate limit check passed for client_id=CLI240
LOG0002017,2026-02-15 09:39:25,INFO,auth,User registered successfully: user_id=USR9592
LOG0000965,2026-02-15 09:40:37,ERROR,api_gateway,Rate limit exceeded for client_id=CLI916
LOG0007689,2026-02-15 09:41:04,WARNING,payment,Payment retry attempt 33/3 for order_id=ORD21667
LOG0004760,2026-02-15 09:41:07,INFO,payment,Subscription renewed: user_id=USR1591
LOG0006458,2026-02-15 09:41:08,INFO,payment,Webhook received from payment provider: status=SUCCESS
LOG0006389,2026-02-15 09:58:31,INFO,payment,"Refund issued: order_id=ORD68963 amount=Rp8,248,000"
LOG0003866,2026-02-15 10:18:50,INFO,database,Backup snapshot completed successfully
LOG0008416,2026-02-15 10:20:39,INFO,api_gateway,Rate limit check passed for client_id=CLI568
LOG0002055,2026-02-15 10:26:11,INFO,auth,Token generated for user_id=USR7917
LOG0007405,2026-02-15 10:32:57,INFO,payment,Subscription renewed: user_id=USR3111
LOG0007848,2026-02-15 10:40:53,INFO,api_gateway,Rate limit check passed for client_id=CLI492
LOG0004428,2026-02-15 10:47:09,INFO,api_gateway,Rate limit check passed for client_id=CLI426
LOG0009809,2026-02-15 10:53:51,INFO,database,INSERT INTO orders completed (2182ms)
LOG0000858,2026-02-15 11:09:51,INFO,api_gateway,DELETE /api/v1/item/INV42210 responded 204 in 3410ms
LOG0000348,2026-02-15 11:11:21,INFO,payment,Currency conversion: USD→IDR for order_id=ORD21752
LOG0000567,2026-02-15 11:14:40,INFO,auth,User login successful: user_id=USR5586
LOG0003851,2026-02-15 11:16:28,ERROR,api_gateway,POST /api/v1/payment returned 500 after 2422ms
LOG0000670,2026-02-15 11:29:10,INFO,payment,"Payment processed: order_id=ORD63888 amount=Rp6,695,000"
LOG0000606,2026-02-15 11:38:07,INFO,payment,Currency conversion: USD→IDR for order_id=ORD14694
LOG0007488,2026-02-15 11:47:30,INFO,payment,Payment gateway responded OK in 4403ms
LOG0007144,2026-02-15 12:05:39,ERROR,auth,JWT signature mismatch for user_id=USR3533
LOG0005717,2026-02-15 12:05:56,INFO,database,Backup snapshot completed successfully
LOG0007470,2026-02-15 12:07:02,INFO,auth,User logout: user_id=USR6880
LOG0004098,2026-02-15 12:08:00,INFO,database,Backup snapshot completed successfully
LOG0007309,2026-02-15 12:10:07,INFO,auth,2FA verification passed: user_id=USR6737
LOG0004684,2026-02-15 12:20:28,INFO,database,Index hit on table=products query (753ms)
LOG0006252,2026-02-15 12:31:20,INFO,auth,Session created: session_id=SESS10198
LOG0006071,2026-02-15 12:39:36,WARNING,auth,Failed login attempt for user_id=USR2111 (attempt 63/5)
LOG0008870,2026-02-15 12:49:14,WARNING,payment,High transaction volume: 40 TPS (threshold: 50 TPS)
LOG0005823,2026-02-15 12:50:20,WARNING,database,Slow query detected: 1148ms on table=logs
LOG0004233,2026-02-15 12:51:34,INFO,database,Connection pool: 45/20 active connections
LOG0002209,2026-02-15 12:58:39,ERROR,api_gateway,Upstream service order-service unreachable: connection timeout
LOG0008527,2026-02-15 13:03:39,WARNING,database,Index miss on table=events: consider reindexing
LOG0009076,2026-02-15 13:09:18,INFO,auth,User logout: user_id=USR6444
LOG0001518,2026-02-15 13:14:03,INFO,auth,Password changed for user_id=USR8846
LOG0004846,2026-02-15 13:31:19,INFO,api_gateway,GET /api/v1/users responded 200 in 2313ms
LOG0002394,2026-02-15 13:40:36,ERROR,database,Deadlock detected on table=orders: txn_id=TXN11987
LOG0002311,2026-02-15 13:49:35,WARNING,auth,Multiple sessions detected for user_id=USR8258
LOG0006571,2026-02-15 13:56:02,INFO,payment,Invoice generated: invoice_id=INV65770
LOG0008313,2026-02-15 13:59:59,WARNING,database,Long-running transaction detected: txn_id=TXN47029 (454ms)
LOG0008199,2026-02-15 14:01:12,INFO,auth,User logout: user_id=USR4568
LOG0000247,2026-02-15 14:15:00,INFO,payment,Webhook received from payment provider: status=SUCCESS
LOG0003573,2026-02-15 14:15:53,INFO,api_gateway,PUT /api/v1/profile responded 200 in 1835ms
LOG0003602,2026-02-15 14:19:43,INFO,database,Query executed: SELECT users WHERE id=USR9752 (3550ms)
LOG0002044,2026-02-15 14:28:03,WARNING,payment,High transaction volume: 89 TPS (threshold: 50 TPS)
LOG0002217,2026-02-15 14:28:59,INFO,database,Connection pool: 9/20 active connections
LOG0003452,2026-02-15 14:31:01,INFO,payment,Currency conversion: USD→IDR for order_id=ORD54342
LOG0003395,2026-02-15 14:45:07,INFO,database,Backup snapshot completed successfully
LOG0004018,2026-02-15 14:48:58,ERROR,payment,Webhook delivery failed after 3 retries
LOG0002543,2026-02-15 15:06:22,INFO,payment,Invoice generated: invoice_id=INV76747
LOG0003658,2026-02-15 15:13:42,INFO,auth,Token generated for user_id=USR4043
LOG0009394,2026-02-15 15:14:41,INFO,auth,Token refreshed for user_id=USR4227
LOG0003287,2026-02-15 15:23:00,INFO,api_gateway,GET /api/v1/users responded 200 in 3785ms
LOG0003165,2026-02-15 15:24:28,INFO,auth,User logout: user_id=USR7380
LOG0006365,2026-02-15 15:28:15,INFO,payment,Subscription renewed: user_id=USR6229
LOG0003578,2026-02-15 15:39:50,WARNING,api_gateway,Deprecated endpoint called: /api/v0/users by client_id=CLI543
LOG0004823,2026-02-15 15:47:09,WARNING,payment,Suspicious transaction flagged: order_id=ORD25902
LOG0008559,2026-02-15 15:54:52,INFO,payment,Currency conversion: USD→IDR for order_id=ORD64750
LOG0001913,2026-02-15 16:02:12,INFO,api_gateway,GET /api/v1/users responded 200 in 3473ms
LOG0003317,2026-02-15 16:21:43,INFO,auth,User login successful: user_id=USR6185
LOG0007815,2026-02-15 16:25:23,INFO,database,Query executed: SELECT users WHERE id=USR8101 (1215ms)
LOG0007495,2026-02-15 16:27:39,WARNING,api_gateway,Rate limit approaching for client_id=CLI107: 27/100 req/min
LOG0004867,2026-02-15 16:33:07,INFO,api_gateway,Rate limit check passed for client_id=CLI423
LOG0008235,2026-02-15 16:37:40,INFO,database,Query executed: SELECT users WHERE id=USR9631 (3446ms)
LOG0008447,2026-02-15 16:38:18,INFO,database,Transaction committed: txn_id=TXN95634
LOG0003487,2026-02-15 16:44:03,INFO,database,Transaction committed: txn_id=TXN39032
LOG0002540,2026-02-15 16:47:14,ERROR,api_gateway,Rate limit exceeded for client_id=CLI975
LOG0007953,2026-02-15 16:49:28,INFO,database,INSERT INTO orders completed (4453ms)
LOG0009524,2026-02-15 16:54:29,WARNING,database,Table=orders approaching max size: 74% capacity
LOG0007794,2026-02-15 16:58:13,ERROR,api_gateway,Invalid request schema on POST /api/v1/orders
LOG0009546,2026-02-15 17:01:37,INFO,auth,User login successful: user_id=USR5279
LOG0009055,2026-02-15 17:07:07,INFO,auth,Session created: session_id=SESS14056
LOG0006170,2026-02-15 17:41:24,INFO,api_gateway,GET /api/v1/users responded 200 in 2548ms
LOG0009417,2026-02-15 17:45:05,INFO,auth,2FA verification passed: user_id=USR9135
LOG0003163,2026-02-15 17:53:04,INFO,database,Backup snapshot completed successfully
LOG0007576,2026-02-15 18:01:27,INFO,api_gateway,Request routed to service: order-service in 4156ms
LOG0000692,2026-02-15 18:03:14,INFO,payment,Currency conversion: USD→IDR for order_id=ORD88852
LOG0003171,2026-02-15 18:08:17,INFO,database,INSERT INTO orders completed (1022ms)
LOG0006228,2026-02-15 18:28:37,INFO,auth,Token refreshed for user_id=USR2199
LOG0000462,2026-02-15 18:39:10,WARNING,database,Connection pool usage high: 11/20 connections
LOG0003493,2026-02-15 18:45:56,INFO,payment,"Refund issued: order_id=ORD48135 amount=Rp6,347,000"
LOG0001880,2026-02-15 18:52:19,INFO,payment,Subscription renewed: user_id=USR6946
LOG0006322,2026-02-15 18:56:09,WARNING,auth,Token expiring soon for user_id=USR7958
LOG0004512,2026-02-15 18:56:47,INFO,api_gateway,GET /api/v1/products responded 200 in 2562ms
LOG0006012,2026-02-15 19:10:16,INFO,payment,"Payment processed: order_id=ORD48735 amount=Rp3,816,000"
LOG0006946,2026-02-15 19:26:05,INFO,api_gateway,Rate limit check passed for client_id=CLI929
LOG0009201,2026-02-15 19:53:34,INFO,payment,Currency conversion: USD→IDR for order_id=ORD16647
LOG0006870,2026-02-15 20:07:09,INFO,auth,2FA verification passed: user_id=USR3616
LOG0004327,2026-02-15 20:09:32,ERROR,payment,Fraud detection triggered: order_id=ORD67127
LOG0009666,2026-02-15 20:13:33,ERROR,api_gateway,POST /api/v1/payment returned 500 after 2501ms
LOG0004752,2026-02-15 20:27:53,INFO,payment,Webhook received from payment provider: status=SUCCESS
LOG0006838,2026-02-15 20:28:37,INFO,payment,Webhook received from payment provider: status=SUCCESS
LOG0007147,2026-02-15 20:42:28,ERROR,payment,Webhook delivery failed after 3 retries
LOG0008273,2026-02-15 20:49:45,INFO,payment,Invoice generated: invoice_id=INV15941
LOG0004873,2026-02-15 20:52:51,ERROR,database,Query failed: syntax error near 'SELCT'
LOG0005936,2026-02-15 20:55:37,INFO,auth,Token generated for user_id=USR9191
LOG0003209,2026-02-15 21:08:59,INFO,api_gateway,Rate limit check passed for client_id=CLI471
LOG0005336,2026-02-15 21:09:33,INFO,api_gateway,DELETE /api/v1/item/INV50109 responded 204 in 2995ms
LOG0002285,2026-02-15 21:12:31,INFO,database,Connection pool: 13/20 active connections
LOG0003361,2026-02-15 21:12:45,WARNING,payment,High transaction volume: 50 TPS (threshold: 50 TPS)
LOG0002010,2026-02-15 21:20:59,INFO,api_gateway,GET /api/v1/products responded 200 in 235ms
LOG0007734,2026-02-15 21:22:18,WARNING,payment,Card expiry warning for user_id=USR1418
LOG0006202,2026-02-15 21:40:48,INFO,database,Index hit on table=products query (1080ms)
LOG0009354,2026-02-15 21:50:58,ERROR,auth,Invalid credentials for user_id=USR9812
LOG0007524,2026-02-15 21:52:15,WARNING,payment,Payment provider response slow: 3170ms
LOG0001180,2026-02-15 21:54:34,INFO,api_gateway,Request routed to service: order-service in 1632ms
LOG0008613,2026-02-15 22:01:37,ERROR,auth,JWT signature mismatch for user_id=USR8464
LOG0001231,2026-02-15 22:18:06,ERROR,auth,Invalid credentials for user_id=USR6764
LOG0001801,2026-02-15 22:27:48,INFO,database,Index hit on table=products query (1670ms)
LOG0009148,2026-02-15 22:52:37,WARNING,auth,Failed login attempt for user_id=USR8427 (attempt 67/5)
LOG0003539,2026-02-15 22:52:46,INFO,payment,Payment gateway responded OK in 140ms
LOG0002937,2026-02-15 22:56:39,INFO,payment,Invoice generated: invoice_id=INV34477
LOG0001675,2026-02-15 23:02:06,INFO,api_gateway,GET /api/v1/users responded 200 in 336ms
LOG0000697,2026-02-15 23:13:05,INFO,payment,Currency conversion: USD→IDR for order_id=ORD62235
LOG0006635,2026-02-15 23:16:25,INFO,api_gateway,PUT /api/v1/profile responded 200 in 751ms
LOG0007571,2026-02-15 23:23:04,ERROR,payment,Currency conversion error for order_id=ORD92948
LOG0009248,2026-02-15 23:36:27,ERROR,auth,Invalid credentials for user_id=USR3645
LOG0006423,2026-02-15 23:39:58,INFO,api_gateway,DELETE /api/v1/item/INV97875 responded 204 in 352ms
LOG0004311,2026-02-15 23:49:00,WARNING,auth,Multiple sessions detected for user_id=USR2052
LOG0001078,2026-02-15 23:55:17,INFO,api_gateway,GET /api/v1/products responded 200 in 2567ms
LOG0001294,2026-02-15 23:56:04,INFO,payment,Invoice generated: invoice_id=INV19240
LOG0001286,2026-02-15 23:59:44,WARNING,api_gateway,High latency detected on route /api/v1/search: 2523ms
LOG0002737,2026-02-16 00:12:43,INFO,payment,Invoice generated: invoice_id=INV93901
LOG0009798,2026-02-16 00:13:43,WARNING,database,Slow query detected: 4434ms on table=logs
LOG0004567,2026-02-16 00:19:25,INFO,database,Index hit on table=products query (3543ms)
LOG0008875,2026-02-16 00:33:33,INFO,database,Transaction committed: txn_id=TXN38877
LOG0008750,2026-02-16 00:44:40,INFO,auth,Token refreshed for user_id=USR9570
LOG0006255,2026-02-16 00:51:41,WARNING,api_gateway,Retry attempt 76 for downstream service user-service
LOG0000671,2026-02-16 00:52:11,INFO,auth,Session created: session_id=SESS63839
LOG0002561,2026-02-16 00:56:58,WARNING,database,Index miss on table=events: consider reindexing
LOG0005036,2026-02-16 01:05:48,INFO,database,Transaction committed: txn_id=TXN80644
LOG0006078,2026-02-16 01:11:18,INFO,payment,Webhook received from payment provider: status=SUCCESS
LOG0002694,2026-02-16 01:20:09,ERROR,api_gateway,Upstream service inventory-service unreachable: connection timeout
LOG0009929,2026-02-16 01:28:28,INFO,api_gateway,PUT /api/v1/profile responded 200 in 3319ms
LOG0004175,2026-02-16 01:31:33,WARNING,auth,Failed login attempt for user_id=USR1247 (attempt 91/5)
LOG0005191,2026-02-16 01:43:48,INFO,api_gateway,DELETE /api/v1/item/INV69018 responded 204 in 1682ms
LOG0009367,2026-02-16 01:53:58,WARNING,payment,Payment retry attempt 19/3 for order_id=ORD75744
LOG0000884,2026-02-16 02:04:26,INFO,api_gateway,GET /api/v1/products responded 200 in 4115ms
LOG0000820,2026-02-16 02:04:49,INFO,auth,2FA verification passed: user_id=USR8651
LOG0004780,2026-02-16 02:16:25,INFO,payment,Subscription renewed: user_id=USR6717
LOG0007572,2026-02-16 02:23:22,INFO,api_gateway,PUT /api/v1/profile responded 200 in 2113ms
LOG0002398,2026-02-16 02:35:22,WARNING,database,Slow query detected: 426ms on table=logs
LOG0000748,2026-02-16 02:50:22,WARNING,api_gateway,Retry attempt 99 for downstream service order-service
LOG0006014,2026-02-16 02:52:30,INFO,database,INSERT INTO orders completed (3300ms)
LOG0004356,2026-02-16 02:55:42,WARNING,auth,Token expiring soon for user_id=USR8695
LOG0007455,2026-02-16 02:57:19,INFO,database,INSERT INTO orders completed (2783ms)
LOG0009718,2026-02-16 02:59:14,WARNING,database,Long-running transaction detected: txn_id=TXN82449 (1381ms)
LOG0000306,2026-02-16 03:04:04,INFO,api_gateway,DELETE /api/v1/item/INV99465 responded 204 in 1281ms
LOG0004474,2026-02-16 03:07:17,INFO,payment,"Payment processed: order_id=ORD83190 amount=Rp4,491,000"
LOG0005235,2026-02-16 03:08:37,INFO,database,Cache hit ratio: 85% for last 5 minutes
LOG0002807,2026-02-16 03:11:08,INFO,payment,Webhook received from payment provider: status=SUCCESS
LOG0009602,2026-02-16 03:11:15,INFO,payment,Invoice generated: invoice_id=INV98589
LOG0002491,2026-02-16 03:24:28,WARNING,database,Index miss on table=events: consider reindexing
LOG0009044,2026-02-16 03:33:36,WARNING,api_gateway,Deprecated endpoint called: /api/v0/users by client_id=CLI474
LOG0003286,2026-02-16 03:36:51,INFO,api_gateway,GET /api/v1/products responded 200 in 1504ms
LOG0002752,2026-02-16 03:40:48,INFO,api_gateway,GET /api/v1/users responded 200 in 3158ms
LOG0005863,2026-02-16 04:01:21,WARNING,database,Index miss on table=events: consider reindexing
LOG0008734,2026-02-16 04:06:05,WARNING,payment,Payment retry attempt 49/3 for order_id=ORD19276
LOG0005317,2026-02-16 04:06:08,WARNING,api_gateway,Retry attempt 81 for downstream service inventory-service
LOG0006767,2026-02-16 04:13:14,INFO,auth,Password changed for user_id=USR8026
LOG0000145,2026-02-16 04:14:32,WARNING,auth,Token expiring soon for user_id=USR2289
LOG0009505,2026-02-16 04:22:46,INFO,auth,Token generated for user_id=USR4600
LOG0009158,2026-02-16 04:29:11,INFO,api_gateway,POST /api/v1/orders responded 201 in 315ms
LOG0005001,2026-02-16 04:29:58,ERROR,payment,Fraud detection triggered: order_id=ORD27764
LOG0007097,2026-02-16 04:51:56,WARNING,database,Long-running transaction detected: txn_id=TXN48889 (1310ms)
LOG0001850,2026-02-16 05:00:26,INFO,database,Connection pool: 33/20 active connections
LOG0000147,2026-02-16 05:02:59,INFO,payment,Payment gateway responded OK in 898ms
LOG0000609,2026-02-16 05:07:28,INFO,auth,Token refreshed for user_id=USR6456
LOG0003014,2026-02-16 05:08:03,INFO,auth,User registered successfully: user_id=USR7546
LOG0009627,2026-02-16 05:12:03,INFO,auth,Session created: session_id=SESS11276
LOG0002145,2026-02-16 05:14:59,INFO,database,Backup snapshot completed successfully
LOG0006965,2026-02-16 05:26:04,ERROR,payment,Payment failed: order_id=ORD43004 reason=insufficient_funds
LOG0006372,2026-02-16 05:28:24,ERROR,auth,Account locked after 5 failed attempts: user_id=USR4008
LOG0006889,2026-02-16 05:35:15,INFO,payment,"Refund issued: order_id=ORD19941 amount=Rp9,074,000"
LOG0009928,2026-02-16 05:49:11,INFO,api_gateway,Request routed to service: user-service in 2990ms
LOG0008692,2026-02-16 05:54:20,WARNING,auth,Multiple sessions detected for user_id=USR8530
LOG0000227,2026-02-16 05:59:36,INFO,api_gateway,DELETE /api/v1/item/INV88602 responded 204 in 4403ms
LOG0007029,2026-02-16 06:06:41,INFO,payment,Webhook received from payment provider: status=SUCCESS
LOG0008256,2026-02-16 06:10:40,INFO,payment,Subscription renewed: user_id=USR5906
LOG0000687,2026-02-16 06:14:08,INFO,database,Index hit on table=products query (4070ms)
LOG0002115,2026-02-16 06:18:14,INFO,payment,"Refund issued: order_id=ORD89789 amount=Rp1,606,000"
LOG0001055,2026-02-16 06:18:39,WARNING,payment,Suspicious transaction flagged: order_id=ORD88533
LOG0000620,2026-02-16 06:25:08,INFO,database,Index hit on table=products query (1452ms)
LOG0005477,2026-02-16 06:42:29,WARNING,auth,Token expiring soon for user_id=USR7277
LOG0007410,2026-02-16 06:51:58,INFO,payment,"Refund issued: order_id=ORD69576 amount=Rp7,527,000"
LOG0006545,2026-02-16 06:55:29,INFO,api_gateway,DELETE /api/v1/item/INV92418 responded 204 in 1391ms
LOG0003806,2026-02-16 07:18:55,INFO,api_gateway,GET /api/v1/products responded 200 in 2207ms
LOG0009845,2026-02-16 07:20:11,INFO,auth,User login successful: user_id=USR8196
LOG0008672,2026-02-16 07:28:31,INFO,database,Connection pool: 72/20 active connections
LOG0006334,2026-02-16 07:42:24,WARNING,api_gateway,Retry attempt 12 for downstream service inventory-service
LOG0004642,2026-02-16 07:42:42,ERROR,payment,Payment failed: order_id=ORD54863 reason=insufficient_funds
LOG0009058,2026-02-16 07:45:26,INFO,api_gateway,Rate limit check passed for client_id=CLI742
LOG0009066,2026-02-16 07:52:29,WARNING,auth,Password reset requested for user_id=USR4747
LOG0005837,2026-02-16 07:59:59,INFO,payment,"Payment processed: order_id=ORD76787 amount=Rp3,074,000"
LOG0006456,2026-02-16 08:12:16,INFO,database,Index hit on table=products query (358ms)
LOG0005466,2026-02-16 08:14:46,WARNING,payment,Suspicious transaction flagged: order_id=ORD64053
LOG0003752,2026-02-16 08:23:05,INFO,auth,User logout: user_id=USR4415
LOG0007563,2026-02-16 08:38:16,ERROR,payment,Payment gateway timeout after 356ms: order_id=ORD53904
LOG0009480,2026-02-16 08:44:54,INFO,database,INSERT INTO orders completed (524ms)
LOG0004277,2026-02-16 08:53:20,WARNING,database,Long-running transaction detected: txn_id=TXN46155 (1347ms)
LOG0008748,2026-02-16 09:17:54,INFO,auth,Password changed for user_id=USR9308
LOG0006867,2026-02-16 09:28:14,INFO,payment,Currency conversion: USD→IDR for order_id=ORD50037
LOG0009213,2026-02-16 09:35:06,WARNING,payment,Payment provider response slow: 3239ms
LOG0008479,2026-02-16 09:36:30,WARNING,payment,Suspicious transaction flagged: order_id=ORD88249
LOG0007916,2026-02-16 09:40:17,INFO,payment,Webhook received from payment provider: status=SUCCESS
LOG0002502,2026-02-16 09:43:05,INFO,payment,Payment gateway responded OK in 2088ms
LOG0009509,2026-02-16 09:46:05,INFO,api_gateway,DELETE /api/v1/item/INV36642 responded 204 in 1842ms
LOG0009163,2026-02-16 09:52:37,INFO,auth,User login successful: user_id=USR8905
LOG0002218,2026-02-16 09:55:50,WARNING,payment,High transaction volume: 42 TPS (threshold: 50 TPS)
LOG0002197,2026-02-16 10:09:21,INFO,api_gateway,Request routed to service: user-service in 3967ms
LOG0009151,2026-02-16 10:18:31,INFO,auth,User registered successfully: user_id=USR7584
LOG0002869,2026-02-16 10:18:42,ERROR,payment,Payment failed: order_id=ORD27699 reason=insufficient_funds
LOG0004314,2026-02-16 10:20:50,INFO,api_gateway,GET /api/v1/users responded 200 in 292ms
LOG0001682,2026-02-16 10:20:52,INFO,payment,"Payment processed: order_id=ORD23992 amount=Rp8,296,000"
LOG0006232,2026-02-16 10:28:37,INFO,auth,User logout: user_id=USR6424
LOG0003506,2026-02-16 10:29:36,INFO,auth,Session created: session_id=SESS50207
LOG0004587,2026-02-16 10:30:55,INFO,auth,User login successful: user_id=USR2082
LOG0005043,2026-02-16 10:32:19,INFO,auth,Session created: session_id=SESS27097
LOG0008801,2026-02-16 10:34:15,INFO,auth,Token refreshed for user_id=USR8596
LOG0007537,2026-02-16 10:56:24,INFO,api_gateway,DELETE /api/v1/item/INV26297 responded 204 in 2305ms
LOG0001468,2026-02-16 10:58:38,INFO,auth,User registered successfully: user_id=USR6503
LOG0001416,2026-02-16 10:59:47,INFO,payment,Subscription renewed: user_id=USR4477
LOG0003620,2026-02-16 11:00:14,WARNING,database,Long-running transaction detected: txn_id=TXN47851 (1043ms)
LOG0002216,2026-02-16 11:05:37,INFO,auth,User login successful: user_id=USR4981
LOG0009035,2026-02-16 11:17:19,WARNING,payment,High transaction volume: 57 TPS (threshold: 50 TPS)
LOG0009609,2026-02-16 11:17:52,WARNING,database,Slow query detected: 201ms on table=logs
LOG0003899,2026-02-16 11:19:54,ERROR,database,Query failed: syntax error near 'SELCT'
LOG0001831,2026-02-16 11:22:19,INFO,auth,Token generated for user_id=USR5580
LOG0004005,2026-02-16 11:28:04,INFO,auth,User registered successfully: user_id=USR7534
LOG0008964,2026-02-16 11:34:43,WARNING,api_gateway,Retry attempt 49 for downstream service user-service
LOG0003837,2026-02-16 11:43:34,ERROR,api_gateway,Rate limit exceeded for client_id=CLI303
LOG0007268,2026-02-16 11:48:47,INFO,payment,Currency conversion: USD→IDR for order_id=ORD88079
LOG0000512,2026-02-16 11:49:18,WARNING,payment,High transaction volume: 68 TPS (threshold: 50 TPS)
LOG0003178,2026-02-16 12:08:35,INFO,database,Backup snapshot completed successfully
LOG0006871,2026-02-16 12:11:56,INFO,payment,Currency conversion: USD→IDR for order_id=ORD76254
LOG0006184,2026-02-16 12:17:38,INFO,api_gateway,GET /api/v1/products responded 200 in 427ms
LOG0006815,2026-02-16 12:26:56,INFO,api_gateway,DELETE /api/v1/item/INV48402 responded 204 in 4146ms
LOG0002346,2026-02-16 12:42:56,WARNING,auth,Password reset requested for user_id=USR3431
LOG0001371,2026-02-16 12:46:42,INFO,payment,Currency conversion: USD→IDR for order_id=ORD65835
LOG0003801,2026-02-16 12:47:27,ERROR,api_gateway,Rate limit exceeded for client_id=CLI167
LOG0003081,2026-02-16 12:48:23,WARNING,api_gateway,Deprecated endpoint called: /api/v0/users by client_id=CLI437
LOG0007419,2026-02-16 13:00:10,INFO,api_gateway,GET /api/v1/users responded 200 in 2352ms
LOG0004252,2026-02-16 13:01:36,ERROR,payment,Currency conversion error for order_id=ORD41053
LOG0004956,2026-02-16 13:26:36,INFO,auth,Session created: session_id=SESS98565
LOG0006492,2026-02-16 13:36:30,INFO,auth,Token refreshed for user_id=USR6701
LOG0001719,2026-02-16 13:41:41,INFO,database,INSERT INTO orders completed (2981ms)
LOG0002196,2026-02-16 13:42:19,INFO,auth,User logout: user_id=USR8384
LOG0004622,2026-02-16 13:52:19,INFO,auth,Token generated for user_id=USR3218
LOG0000471,2026-02-16 14:02:09,INFO,auth,Session created: session_id=SESS72711
LOG0003248,2026-02-16 14:05:09,INFO,database,Transaction committed: txn_id=TXN54753
LOG0001077,2026-02-16 14:07:36,INFO,api_gateway,GET /api/v1/users responded 200 in 175ms
LOG0002287,2026-02-16 14:15:01,INFO,database,Index hit on table=products query (1306ms)
LOG0000511,2026-02-16 14:20:05,ERROR,payment,Webhook delivery failed after 3 retries
LOG0004255,2026-02-16 14:30:23,INFO,auth,Password changed for user_id=USR4886
LOG0002882,2026-02-16 14:40:07,INFO,database,Query executed: SELECT users WHERE id=USR5212 (4267ms)
LOG0000871,2026-02-16 14:42:51,WARNING,api_gateway,High latency detected on route /api/v1/search: 4416ms
LOG0009756,2026-02-16 14:51:17,WARNING,auth,Password reset requested for user_id=USR1511
LOG0004477,2026-02-16 14:59:08,INFO,api_gateway,GET /api/v1/products responded 200 in 3016ms
LOG0003327,2026-02-16 15:07:08,INFO,api_gateway,DELETE /api/v1/item/INV67910 responded 204 in 2275ms
LOG0009570,2026-02-16 15:13:28,INFO,database,Query executed: SELECT users WHERE id=USR3583 (1314ms)
LOG0003652,2026-02-16 15:20:09,ERROR,auth,Session expired: user_id=USR8249
LOG0002194,2026-02-16 15:23:03,WARNING,api_gateway,High latency detected on route /api/v1/search: 4413ms
LOG0006069,2026-02-16 15:26:26,ERROR,api_gateway,Invalid request schema on POST /api/v1/orders
LOG0008255,2026-02-16 15:39:21,WARNING,payment,Suspicious transaction flagged: order_id=ORD25537
LOG0001038,2026-02-16 15:56:18,WARNING,api_gateway,Rate limit approaching for client_id=CLI766: 71/100 req/min
LOG0008196,2026-02-16 15:59:57,INFO,api_gateway,GET /api/v1/products responded 200 in 3097ms
LOG0001922,2026-02-16 16:05:55,ERROR,database,Deadlock detected on table=orders: txn_id=TXN16475
LOG0000252,2026-02-16 16:15:54,INFO,database,Index hit on table=products query (2236ms)
LOG0009898,2026-02-16 16:18:02,INFO,payment,Subscription renewed: user_id=USR1892
LOG0007665,2026-02-16 16:18:54,WARNING,database,Table=orders approaching max size: 88% capacity
LOG0009117,2026-02-16 16:19:09,WARNING,auth,Multiple sessions detected for user_id=USR1408
LOG0004006,2026-02-16 16:22:25,INFO,auth,Token generated for user_id=USR9970
LOG0009943,2026-02-16 16:30:39,WARNING,api_gateway,Slow response: GET /api/v1/reports took 1797ms
LOG0009945,2026-02-16 16:35:16,INFO,api_gateway,Request routed to service: user-service in 4028ms
LOG0006974,2026-02-16 16:37:29,WARNING,auth,Password reset requested for user_id=USR3055
LOG0006029,2026-02-16 16:49:44,WARNING,payment,Card expiry warning for user_id=USR2717
LOG0001657,2026-02-16 16:52:47,INFO,auth,Token generated for user_id=USR7825
LOG0005162,2026-02-16 16:56:16,WARNING,payment,Suspicious transaction flagged: order_id=ORD97051
LOG0001039,2026-02-16 16:59:18,INFO,payment,Subscription renewed: user_id=USR2562
LOG0009559,2026-02-16 17:05:19,WARNING,database,Connection pool usage high: 91/20 connections
LOG0009016,2026-02-16 17:10:12,WARNING,payment,High transaction volume: 65 TPS (threshold: 50 TPS)
LOG0007501,2026-02-16 17:10:34,INFO,api_gateway,PUT /api/v1/profile responded 200 in 339ms
LOG0005066,2026-02-16 17:15:15,WARNING,api_gateway,Deprecated endpoint called: /api/v0/users by client_id=CLI640
LOG0006583,2026-02-16 17:18:10,INFO,payment,Subscription renewed: user_id=USR5127
LOG0004137,2026-02-16 17:30:07,INFO,api_gateway,Request routed to service: inventory-service in 1500ms
LOG0008823,2026-02-16 17:34:08,INFO,database,Connection pool: 95/20 active connections
LOG0003219,2026-02-16 17:34:55,ERROR,api_gateway,Rate limit exceeded for client_id=CLI624
LOG0007510,2026-02-16 17:55:40,INFO,auth,User registered successfully: user_id=USR9622
LOG0000328,2026-02-16 17:58:36,INFO,payment,Currency conversion: USD→IDR for order_id=ORD96651
LOG0004842,2026-02-16 18:00:37,INFO,auth,2FA verification passed: user_id=USR2540
LOG0001297,2026-02-16 18:05:02,INFO,database,Cache hit ratio: 18% for last 5 minutes
LOG0004851,2026-02-16 18:06:15,INFO,payment,Webhook received from payment provider: status=SUCCESS
LOG0003762,2026-02-16 18:20:32,INFO,database,Transaction committed: txn_id=TXN79392
LOG0002494,2026-02-16 18:30:44,INFO,auth,User registered successfully: user_id=USR1120
LOG0003261,2026-02-16 18:38:40,INFO,database,Backup snapshot completed successfully
LOG0007997,2026-02-16 18:57:35,WARNING,database,Long-running transaction detected: txn_id=TXN90563 (3007ms)
LOG0007542,2026-02-16 18:57:56,INFO,api_gateway,GET /api/v1/products responded 200 in 3399ms
LOG0009381,2026-02-16 19:06:32,INFO,database,Cache hit ratio: 75% for last 5 minutes
LOG0008113,2026-02-16 19:09:34,INFO,auth,User registered successfully: user_id=USR4720
LOG0009719,2026-02-16 19:09:47,INFO,api_gateway,Rate limit check passed for client_id=CLI687
LOG0002746,2026-02-16 19:11:30,INFO,auth,Token generated for user_id=USR6015
LOG0002909,2026-02-16 19:15:23,WARNING,payment,Card expiry warning for user_id=USR7152
LOG0000668,2026-02-16 19:21:34,INFO,database,Connection pool: 80/20 active connections
LOG0008418,2026-02-16 19:26:21,WARNING,database,Slow query detected: 2019ms on table=logs
LOG0007485,2026-02-16 19:38:18,INFO,auth,User registered successfully: user_id=USR5412
LOG0009586,2026-02-16 19:39:30,ERROR,payment,Payment gateway timeout after 2019ms: order_id=ORD88178
LOG0000752,2026-02-16 19:50:53,INFO,payment,Subscription renewed: user_id=USR4141
LOG0001340,2026-02-16 20:11:31,WARNING,payment,Payment provider response slow: 4267ms
LOG0005325,2026-02-16 20:20:45,INFO,payment,Webhook received from payment provider: status=SUCCESS
LOG0001664,2026-02-16 20:36:18,INFO,api_gateway,Request routed to service: inventory-service in 2320ms
LOG0004284,2026-02-16 20:37:36,INFO,payment,"Payment processed: order_id=ORD45313 amount=Rp1,634,000"
LOG0000883,2026-02-16 20:39:41,INFO,payment,Invoice generated: invoice_id=INV40980
LOG0005462,2026-02-16 20:48:52,WARNING,database,Table=orders approaching max size: 57% capacity
LOG0005157,2026-02-16 20:51:08,INFO,database,Backup snapshot completed successfully
LOG0002521,2026-02-16 21:03:54,ERROR,auth,JWT signature mismatch for user_id=USR7146
LOG0005094,2026-02-16 21:08:48,ERROR,payment,Fraud detection triggered: order_id=ORD40982
LOG0009499,2026-02-16 21:09:13,INFO,database,INSERT INTO orders completed (1068ms)
LOG0003927,2026-02-16 21:14:53,ERROR,auth,JWT signature mismatch for user_id=USR5724
LOG0008654,2026-02-16 21:20:01,INFO,api_gateway,PUT /api/v1/profile responded 200 in 1598ms
LOG0007342,2026-02-16 21:29:49,ERROR,auth,Invalid credentials for user_id=USR3601
LOG0002987,2026-02-16 21:41:49,INFO,auth,Token refreshed for user_id=USR9221
LOG0006616,2026-02-16 21:42:10,INFO,payment,Payment gateway responded OK in 2375ms
LOG0004857,2026-02-16 21:53:50,WARNING,database,Long-running transaction detected: txn_id=TXN78903 (3039ms)
LOG0005161,2026-02-16 21:57:41,INFO,auth,Token generated for user_id=USR6149
LOG0008771,2026-02-16 22:13:19,INFO,auth,User registered successfully: user_id=USR1287
LOG0001948,2026-02-16 22:17:12,INFO,payment,Webhook received from payment provider: status=SUCCESS
LOG0008237,2026-02-16 22:24:43,INFO,auth,Token refreshed for user_id=USR6646
LOG0001568,2026-02-16 22:29:31,INFO,api_gateway,Request routed to service: inventory-service in 1407ms
LOG0009353,2026-02-16 22:37:06,INFO,database,Connection pool: 65/20 active connections
LOG0007688,2026-02-16 22:37:10,WARNING,payment,Card expiry warning for user_id=USR6294
LOG0001451,2026-02-16 22:55:42,INFO,api_gateway,PUT /api/v1/profile responded 200 in 2094ms
LOG0009261,2026-02-16 23:03:47,WARNING,payment,Card expiry warning for user_id=USR1536
LOG0007534,2026-02-16 23:14:49,WARNING,database,Table=orders approaching max size: 27% capacity
LOG0008878,2026-02-16 23:19:05,ERROR,api_gateway,POST /api/v1/payment returned 500 after 3147ms
LOG0001963,2026-02-16 23:25:31,INFO,payment,Currency conversion: USD→IDR for order_id=ORD10375
LOG0007635,2026-02-16 23:52:48,ERROR,database,Disk usage critical: 10% on /var/lib/postgres
LOG0005870,2026-02-17 00:07:31,WARNING,auth,Unusual login location detected: user_id=USR8653
LOG0005725,2026-02-17 00:10:05,INFO,payment,Currency conversion: USD→IDR for order_id=ORD57241
LOG0002011,2026-02-17 00:10:57,ERROR,api_gateway,Circuit breaker OPEN for service: inventory-service
LOG0008430,2026-02-17 00:13:41,INFO,database,Backup snapshot completed successfully
LOG0001753,2026-02-17 00:20:42,INFO,payment,"Payment processed: order_id=ORD29452 amount=Rp6,238,000"
LOG0001856,2026-02-17 00:21:11,INFO,database,Query executed: SELECT users WHERE id=USR1429 (4029ms)
LOG0003036,2026-02-17 00:26:05,ERROR,payment,Payment gateway timeout after 1351ms: order_id=ORD23056
LOG0002404,2026-02-17 00:31:04,ERROR,api_gateway,Invalid request schema on POST /api/v1/orders
LOG0005410,2026-02-17 00:31:50,INFO,payment,Subscription renewed: user_id=USR3649
LOG0005156,2026-02-17 00:37:32,INFO,api_gateway,GET /api/v1/products responded 200 in 1987ms
LOG0008510,2026-02-17 00:40:50,INFO,payment,Webhook received from payment provider: status=SUCCESS
LOG0000836,2026-02-17 01:01:58,ERROR,payment,Payment gateway timeout after 4478ms: order_id=ORD48069
LOG0004205,2026-02-17 01:04:46,WARNING,auth,Password reset requested for user_id=USR8325
LOG0002890,2026-02-17 01:05:53,WARNING,payment,Suspicious transaction flagged: order_id=ORD56562
LOG0001018,2026-02-17 01:07:26,INFO,database,Backup snapshot completed successfully
LOG0000409,2026-02-17 01:13:11,ERROR,auth,Session expired: user_id=USR9864
LOG0001499,2026-02-17 01:33:18,INFO,payment,Payment gateway responded OK in 695ms
LOG0001315,2026-02-17 01:45:13,WARNING,api_gateway,High latency detected on route /api/v1/search: 1528ms
LOG0006970,2026-02-17 01:51:56,WARNING,payment,High transaction volume: 53 TPS (threshold: 50 TPS)
LOG0007818,2026-02-17 01:52:50,INFO,payment,"Refund issued: order_id=ORD48679 amount=Rp689,000"
LOG0005621,2026-02-17 02:13:20,INFO,payment,Webhook received from payment provider: status=SUCCESS
LOG0008762,2026-02-17 02:18:51,WARNING,database,Table=orders approaching max size: 84% capacity
LOG0009382,2026-02-17 02:26:15,INFO,auth,User logout: user_id=USR4249
LOG0002702,2026-02-17 02:27:22,INFO,api_gateway,Request routed to service: user-service in 380ms
LOG0009640,2026-02-17 02:32:15,INFO,payment,Currency conversion: USD→IDR for order_id=ORD60629
LOG0004840,2026-02-17 02:37:11,INFO,api_gateway,POST /api/v1/orders responded 201 in 3051ms
LOG0001381,2026-02-17 02:42:02,WARNING,api_gateway,Rate limit approaching for client_id=CLI463: 90/100 req/min
LOG0001891,2026-02-17 02:44:56,INFO,api_gateway,DELETE /api/v1/item/INV52337 responded 204 in 436ms
LOG0003758,2026-02-17 02:50:12,INFO,auth,User login successful: user_id=USR8882
LOG0002251,2026-02-17 03:03:02,INFO,database,Transaction committed: txn_id=TXN41894
LOG0007220,2026-02-17 03:09:23,INFO,payment,Payment gateway responded OK in 1768ms
LOG0008544,2026-02-17 03:22:49,INFO,api_gateway,GET /api/v1/users responded 200 in 2675ms
LOG0004373,2026-02-17 03:31:05,WARNING,auth,Failed login attempt for user_id=USR3193 (attempt 29/5)
LOG0006444,2026-02-17 03:34:34,INFO,auth,User logout: user_id=USR4222
LOG0002168,2026-02-17 03:36:51,WARNING,payment,High transaction volume: 25 TPS (threshold: 50 TPS)
LOG0004949,2026-02-17 03:37:47,WARNING,database,Connection pool usage high: 71/20 connections
LOG0007310,2026-02-17 03:53:40,INFO,payment,Invoice generated: invoice_id=INV18176
LOG0004604,2026-02-17 04:02:06,INFO,api_gateway,Request routed to service: user-service in 4095ms
LOG0004112,2026-02-17 04:04:42,INFO,database,Cache hit ratio: 7% for last 5 minutes
LOG0003070,2026-02-17 04:06:07,INFO,api_gateway,DELETE /api/v1/item/INV16346 responded 204 in 2185ms
LOG0002117,2026-02-17 04:17:20,INFO,auth,User login successful: user_id=USR1886
LOG0006305,2026-02-17 04:19:06,ERROR,auth,JWT signature mismatch for user_id=USR2947
LOG0008623,2026-02-17 04:24:33,INFO,database,Query executed: SELECT users WHERE id=USR8337 (3731ms)
LOG0001743,2026-02-17 04:25:38,INFO,payment,"Payment processed: order_id=ORD63201 amount=Rp5,834,000"
LOG0003580,2026-02-17 04:26:39,INFO,auth,User registered successfully: user_id=USR7912
LOG0006999,2026-02-17 04:33:51,WARNING,database,Connection pool usage high: 50/20 connections
LOG0006659,2026-02-17 04:34:42,WARNING,payment,Payment retry attempt 38/3 for order_id=ORD99155
LOG0001623,2026-02-17 04:36:43,INFO,api_gateway,POST /api/v1/orders responded 201 in 3090ms
LOG0001884,2026-02-17 04:43:59,WARNING,api_gateway,Rate limit approaching for client_id=CLI922: 47/100 req/min
LOG0005765,2026-02-17 04:59:10,WARNING,auth,Failed login attempt for user_id=USR2245 (attempt 11/5)
LOG0004041,2026-02-17 05:22:50,INFO,database,Cache hit ratio: 74% for last 5 minutes
LOG0008966,2026-02-17 05:27:33,INFO,auth,Password changed for user_id=USR5718
LOG0006878,2026-02-17 05:37:42,ERROR,api_gateway,Upstream service user-service unreachable: connection timeout
LOG0007798,2026-02-17 05:59:34,INFO,api_gateway,DELETE /api/v1/item/INV97510 responded 204 in 3014ms
LOG0000642,2026-02-17 05:59:41,WARNING,payment,Payment retry attempt 60/3 for order_id=ORD43858
LOG0007180,2026-02-17 06:03:03,INFO,payment,Invoice generated: invoice_id=INV50756
LOG0002041,2026-02-17 06:23:07,INFO,auth,2FA verification passed: user_id=USR3123
LOG0002332,2026-02-17 06:28:58,INFO,database,Transaction committed: txn_id=TXN12362
LOG0002088,2026-02-17 06:36:58,INFO,payment,Currency conversion: USD→IDR for order_id=ORD65814
LOG0001855,2026-02-17 06:43:20,INFO,payment,"Refund issued: order_id=ORD17218 amount=Rp8,248,000"
LOG0006351,2026-02-17 06:50:26,WARNING,payment,High transaction volume: 90 TPS (threshold: 50 TPS)
LOG0004650,2026-02-17 06:55:51,INFO,auth,Token refreshed for user_id=USR8077
LOG0009752,2026-02-17 06:56:24,INFO,auth,Token generated for user_id=USR7937
LOG0002411,2026-02-17 06:59:54,INFO,payment,Subscription renewed: user_id=USR8945
LOG0005906,2026-02-17 07:01:45,ERROR,api_gateway,Circuit breaker OPEN for service: order-service
LOG0008614,2026-02-17 07:02:04,INFO,payment,Invoice generated: invoice_id=INV45116
LOG0008165,2026-02-17 07:03:52,INFO,auth,Password changed for user_id=USR5233
LOG0006009,2026-02-17 07:13:00,INFO,payment,Payment gateway responded OK in 2178ms
LOG0006668,2026-02-17 07:13:50,INFO,api_gateway,GET /api/v1/users responded 200 in 4256ms
LOG0002766,2026-02-17 07:14:42,INFO,payment,Invoice generated: invoice_id=INV70074
LOG0009153,2026-02-17 07:16:43,INFO,auth,Token refreshed for user_id=USR1231
LOG0003939,2026-02-17 07:26:40,INFO,api_gateway,GET /api/v1/products responded 200 in 3933ms
LOG0009185,2026-02-17 07:28:29,WARNING,api_gateway,Slow response: GET /api/v1/reports took 1526ms
LOG0008718,2026-02-17 07:29:57,INFO,database,Connection pool: 34/20 active connections
LOG0000684,2026-02-17 07:37:11,INFO,payment,"Refund issued: order_id=ORD45954 amount=Rp8,089,000"
LOG0009775,2026-02-17 07:46:13,INFO,database,Transaction committed: txn_id=TXN81238
LOG0001570,2026-02-17 07:56:09,INFO,auth,Token refreshed for user_id=USR7683
LOG0007362,2026-02-17 08:00:14,INFO,payment,Webhook received from payment provider: status=SUCCESS
LOG0001871,2026-02-17 08:14:56,INFO,payment,Currency conversion: USD→IDR for order_id=ORD21460
LOG0002150,2026-02-17 08:15:43,ERROR,payment,Payment failed: order_id=ORD18686 reason=insufficient_funds
LOG0000464,2026-02-17 08:21:19,WARNING,database,Slow query detected: 4087ms on table=logs
LOG0000650,2026-02-17 08:24:57,INFO,payment,Subscription renewed: user_id=USR4549
LOG0008262,2026-02-17 08:50:14,INFO,api_gateway,GET /api/v1/products responded 200 in 1650ms
LOG0005932,2026-02-17 08:52:20,INFO,auth,2FA verification passed: user_id=USR5802
LOG0006895,2026-02-17 08:53:51,WARNING,api_gateway,Rate limit approaching for client_id=CLI200: 47/100 req/min
LOG0001665,2026-02-17 09:03:20,INFO,payment,"Refund issued: order_id=ORD93283 amount=Rp729,000"
LOG0000264,2026-02-17 09:15:41,INFO,database,Query executed: SELECT users WHERE id=USR4586 (2976ms)
LOG0008422,2026-02-17 09:27:21,INFO,api_gateway,GET /api/v1/products responded 200 in 613ms
LOG0004633,2026-02-17 09:34:00,INFO,auth,User logout: user_id=USR8839
LOG0000373,2026-02-17 09:34:20,WARNING,database,Connection pool usage high: 53/20 connections
LOG0006559,2026-02-17 09:34:40,INFO,auth,Token generated for user_id=USR6609
LOG0005506,2026-02-17 09:36:06,INFO,auth,2FA verification passed: user_id=USR6948
LOG0001516,2026-02-17 09:37:39,WARNING,database,Slow query detected: 1672ms on table=logs
LOG0009262,2026-02-17 09:55:08,WARNING,payment,Payment provider response slow: 3662ms
LOG0006790,2026-02-17 10:01:26,ERROR,database,Replication lag exceeded threshold: 2132ms behind primary
LOG0002487,2026-02-17 10:03:21,INFO,api_gateway,Request routed to service: order-service in 1923ms
LOG0005474,2026-02-17 10:06:50,INFO,api_gateway,GET /api/v1/users responded 200 in 3181ms
LOG0000489,2026-02-17 10:12:35,INFO,database,Index hit on table=products query (307ms)
LOG0005959,2026-02-17 10:15:21,INFO,payment,Currency conversion: USD→IDR for order_id=ORD32867
LOG0006112,2026-02-17 10:22:38,INFO,payment,"Refund issued: order_id=ORD26244 amount=Rp8,141,000"
LOG0003315,2026-02-17 10:27:57,INFO,payment,Payment gateway responded OK in 3425ms
LOG0006872,2026-02-17 10:35:37,ERROR,auth,Account locked after 5 failed attempts: user_id=USR6819
LOG0006584,2026-02-17 10:55:52,INFO,auth,2FA verification passed: user_id=USR6859
LOG0002936,2026-02-17 11:07:53,WARNING,payment,High transaction volume: 26 TPS (threshold: 50 TPS)
LOG0008769,2026-02-17 11:20:36,INFO,payment,"Payment processed: order_id=ORD22902 amount=Rp7,179,000"
LOG0001641,2026-02-17 11:26:01,INFO,api_gateway,Rate limit check passed for client_id=CLI634
LOG0008251,2026-02-17 11:34:13,INFO,auth,Password changed for user_id=USR5280
LOG0005814,2026-02-17 11:49:14,INFO,database,Backup snapshot completed successfully
LOG0008450,2026-02-17 11:50:15,ERROR,auth,Token validation failed: user_id=USR3406
LOG0002877,2026-02-17 11:51:17,INFO,database,Backup snapshot completed successfully
LOG0008166,2026-02-17 12:11:30,ERROR,payment,Fraud detection triggered: order_id=ORD90733
LOG0001467,2026-02-17 12:11:38,INFO,auth,User registered successfully: user_id=USR6480
LOG0007416,2026-02-17 12:13:34,INFO,payment,Currency conversion: USD→IDR for order_id=ORD72435
LOG0002006,2026-02-17 12:21:16,INFO,database,Index hit on table=products query (976ms)
LOG0009704,2026-02-17 12:22:28,ERROR,api_gateway,Invalid request schema on POST /api/v1/orders
LOG0004038,2026-02-17 12:27:50,INFO,payment,Invoice generated: invoice_id=INV31500
LOG0008211,2026-02-17 12:33:18,INFO,database,Cache hit ratio: 52% for last 5 minutes
LOG0006614,2026-02-17 12:35:33,INFO,api_gateway,PUT /api/v1/profile responded 200 in 4281ms
LOG0005737,2026-02-17 12:52:27,INFO,auth,User registered successfully: user_id=USR4962
LOG0009814,2026-02-17 12:55:30,INFO,payment,"Refund issued: order_id=ORD94707 amount=Rp3,355,000"
LOG0000795,2026-02-17 12:58:43,INFO,auth,User registered successfully: user_id=USR8597
LOG0001484,2026-02-17 13:08:22,WARNING,api_gateway,Slow response: GET /api/v1/reports took 4315ms
LOG0008112,2026-02-17 13:19:46,INFO,auth,Password changed for user_id=USR8002
LOG0002611,2026-02-17 13:30:23,INFO,database,Index hit on table=products query (3951ms)
LOG0009152,2026-02-17 13:33:01,INFO,database,Backup snapshot completed successfully
LOG0007606,2026-02-17 13:33:49,INFO,payment,Subscription renewed: user_id=USR9441
LOG0000344,2026-02-17 13:43:12,INFO,payment,Payment gateway responded OK in 2119ms
LOG0006799,2026-02-17 13:54:06,INFO,payment,"Refund issued: order_id=ORD77536 amount=Rp1,020,000"
LOG0005181,2026-02-17 13:57:30,WARNING,payment,Card expiry warning for user_id=USR1427
LOG0001538,2026-02-17 14:06:00,INFO,database,Connection pool: 61/20 active connections
LOG0003481,2026-02-17 14:24:22,INFO,auth,User registered successfully: user_id=USR4837
LOG0001477,2026-02-17 14:32:46,INFO,auth,User registered successfully: user_id=USR3399
LOG0004841,2026-02-17 14:32:56,WARNING,database,Slow query detected: 1665ms on table=logs
LOG0006548,2026-02-17 14:45:38,INFO,auth,User logout: user_id=USR1303
LOG0004582,2026-02-17 14:57:20,INFO,database,Transaction committed: txn_id=TXN88522
LOG0006379,2026-02-17 15:01:11,ERROR,database,Query failed: syntax error near 'SELCT'
LOG0004349,2026-02-17 15:07:01,INFO,api_gateway,POST /api/v1/orders responded 201 in 1205ms
LOG0008881,2026-02-17 15:24:31,INFO,auth,Password changed for user_id=USR9363
LOG0001885,2026-02-17 15:25:38,INFO,api_gateway,GET /api/v1/products responded 200 in 2224ms
LOG0003552,2026-02-17 15:27:10,WARNING,payment,High transaction volume: 8 TPS (threshold: 50 TPS)
LOG0002144,2026-02-17 15:31:51,INFO,auth,2FA verification passed: user_id=USR2470
LOG0000946,2026-02-17 15:33:56,INFO,api_gateway,DELETE /api/v1/item/INV93193 responded 204 in 1462ms
LOG0006524,2026-02-17 15:45:53,INFO,database,Query executed: SELECT users WHERE id=USR6864 (1219ms)
LOG0006283,2026-02-17 15:54:02,WARNING,payment,Card expiry warning for user_id=USR2215
LOG0000323,2026-02-17 15:54:15,INFO,payment,Invoice generated: invoice_id=INV21828
LOG0004636,2026-02-17 15:55:22,WARNING,auth,Failed login attempt for user_id=USR3428 (attempt 79/5)
LOG0000931,2026-02-17 15:59:42,INFO,database,Backup snapshot completed successfully
LOG0002298,2026-02-17 16:01:05,INFO,auth,Password changed for user_id=USR9849
LOG0008410,2026-02-17 16:19:13,INFO,auth,Session created: session_id=SESS38672
LOG0009093,2026-02-17 16:23:38,INFO,payment,"Payment processed: order_id=ORD82224 amount=Rp5,471,000"
LOG0003587,2026-02-17 16:33:04,INFO,auth,Password changed for user_id=USR7752
LOG0003199,2026-02-17 16:34:44,INFO,api_gateway,DELETE /api/v1/item/INV26859 responded 204 in 1731ms
LOG0004677,2026-02-17 16:52:51,INFO,auth,User login successful: user_id=USR9302
LOG0007089,2026-02-17 17:06:28,ERROR,api_gateway,Upstream service order-service unreachable: connection timeout
LOG0005057,2026-02-17 17:10:48,WARNING,api_gateway,Retry attempt 20 for downstream service user-service
LOG0006914,2026-02-17 17:22:05,INFO,api_gateway,DELETE /api/v1/item/INV26727 responded 204 in 4318ms
LOG0008856,2026-02-17 17:22:56,INFO,payment,Payment gateway responded OK in 243ms
LOG0005969,2026-02-17 17:34:23,INFO,payment,Subscription renewed: user_id=USR1972
LOG0001188,2026-02-17 17:36:25,INFO,database,Transaction committed: txn_id=TXN25271
LOG0008462,2026-02-17 17:40:48,INFO,payment,Subscription renewed: user_id=USR7586
LOG0003910,2026-02-17 17:42:57,ERROR,auth,Token validation failed: user_id=USR1185
LOG0002178,2026-02-17 17:46:10,WARNING,api_gateway,Slow response: GET /api/v1/reports took 960ms
LOG0008483,2026-02-17 17:49:25,WARNING,payment,Card expiry warning for user_id=USR6473
LOG0003114,2026-02-17 17:52:14,INFO,database,Query executed: SELECT users WHERE id=USR4008 (159ms)
LOG0003598,2026-02-17 17:52:20,INFO,auth,Token generated for user_id=USR8545
LOG0005686,2026-02-17 17:57:03,WARNING,database,Connection pool usage high: 80/20 connections
LOG0004738,2026-02-17 18:08:01,INFO,api_gateway,DELETE /api/v1/item/INV17751 responded 204 in 4220ms
LOG0007044,2026-02-17 18:23:07,INFO,database,Connection pool: 75/20 active connections
LOG0002153,2026-02-17 18:24:08,INFO,api_gateway,GET /api/v1/products responded 200 in 4245ms
LOG0006574,2026-02-17 18:25:17,INFO,auth,User login successful: user_id=USR3276
LOG0007456,2026-02-17 18:29:21,INFO,api_gateway,DELETE /api/v1/item/INV80422 responded 204 in 2666ms
LOG0000369,2026-02-17 18:36:37,INFO,api_gateway,Request routed to service: inventory-service in 4341ms
LOG0002146,2026-02-17 18:40:06,INFO,auth,Session created: session_id=SESS63765
LOG0000536,2026-02-17 18:43:24,INFO,database,Backup snapshot completed successfully
LOG0005101,2026-02-17 18:43:34,WARNING,payment,Suspicious transaction flagged: order_id=ORD50307
LOG0000895,2026-02-17 18:43:55,INFO,api_gateway,DELETE /api/v1/item/INV19386 responded 204 in 4350ms
LOG0004689,2026-02-17 18:46:11,INFO,api_gateway,Rate limit check passed for client_id=CLI148
LOG0002366,2026-02-17 18:50:57,INFO,payment,Invoice generated: invoice_id=INV20950
LOG0009395,2026-02-17 18:53:16,INFO,api_gateway,GET /api/v1/users responded 200 in 2309ms
LOG0002493,2026-02-17 18:55:25,INFO,auth,Password changed for user_id=USR6604
LOG0000195,2026-02-17 18:56:37,INFO,api_gateway,Request routed to service: inventory-service in 47ms
LOG0005899,2026-02-17 19:01:55,INFO,auth,User login successful: user_id=USR1150
LOG0000389,2026-02-17 19:11:47,INFO,payment,Webhook received from payment provider: status=SUCCESS
LOG0004016,2026-02-17 19:14:25,INFO,auth,2FA verification passed: user_id=USR8905
LOG0003153,2026-02-17 19:18:01,INFO,auth,User logout: user_id=USR7362
LOG0008282,2026-02-17 19:18:21,INFO,auth,User logout: user_id=USR7028
LOG0005548,2026-02-17 19:29:46,INFO,payment,Webhook received from payment provider: status=SUCCESS
LOG0007016,2026-02-17 19:37:50,INFO,api_gateway,DELETE /api/v1/item/INV82062 responded 204 in 2878ms
LOG0000463,2026-02-17 19:57:11,INFO,database,Cache hit ratio: 8% for last 5 minutes
LOG0004750,2026-02-17 20:13:11,INFO,auth,User registered successfully: user_id=USR2388
LOG0008841,2026-02-17 20:22:06,WARNING,api_gateway,High latency detected on route /api/v1/search: 3814ms
LOG0004883,2026-02-17 20:26:36,INFO,database,Query executed: SELECT users WHERE id=USR7000 (3015ms)
LOG0002250,2026-02-17 20:27:47,INFO,payment,"Refund issued: order_id=ORD27729 amount=Rp1,615,000"
LOG0009396,2026-02-17 20:28:25,INFO,auth,Token refreshed for user_id=USR7472
LOG0003501,2026-02-17 20:33:40,INFO,auth,2FA verification passed: user_id=USR7306
LOG0005324,2026-02-17 20:33:47,INFO,api_gateway,GET /api/v1/products responded 200 in 4301ms
LOG0001547,2026-02-17 20:50:41,INFO,api_gateway,PUT /api/v1/profile responded 200 in 2237ms
LOG0007568,2026-02-17 20:52:33,INFO,auth,Token refreshed for user_id=USR5866
LOG0009229,2026-02-17 20:55:36,INFO,database,Transaction committed: txn_id=TXN50457
LOG0000157,2026-02-17 20:59:32,INFO,api_gateway,Rate limit check passed for client_id=CLI902
LOG0004879,2026-02-17 20:59:41,INFO,auth,User login successful: user_id=USR5134
LOG0009813,2026-02-17 21:01:40,INFO,api_gateway,Request routed to service: order-service in 1879ms
LOG0006325,2026-02-17 21:11:24,WARNING,auth,Multiple sessions detected for user_id=USR8705
LOG0009081,2026-02-17 21:40:00,INFO,auth,User registered successfully: user_id=USR8662
LOG0001461,2026-02-17 21:42:01,INFO,payment,Subscription renewed: user_id=USR3746
LOG0007555,2026-02-17 21:53:04,WARNING,database,Table=orders approaching max size: 54% capacity
LOG0006958,2026-02-17 21:54:40,ERROR,payment,Webhook delivery failed after 3 retries
LOG0004014,2026-02-17 21:54:57,INFO,auth,Password changed for user_id=USR5385
LOG0001526,2026-02-17 22:08:45,WARNING,auth,Failed login attempt for user_id=USR2158 (attempt 80/5)
LOG0000995,2026-02-17 22:10:42,INFO,database,Index hit on table=products query (2900ms)
LOG0002999,2026-02-17 22:13:04,ERROR,database,Replication lag exceeded threshold: 1763ms behind primary
LOG0004648,2026-02-17 22:19:17,INFO,database,Backup snapshot completed successfully
LOG0000714,2026-02-17 22:28:06,WARNING,auth,Failed login attempt for user_id=USR1994 (attempt 90/5)
LOG0003731,2026-02-17 22:35:14,INFO,database,Backup snapshot completed successfully
LOG0005493,2026-02-17 22:37:44,INFO,auth,Session created: session_id=SESS33641
LOG0005606,2026-02-17 22:39:41,INFO,api_gateway,Rate limit check passed for client_id=CLI252
LOG0002771,2026-02-17 22:41:01,ERROR,payment,Fraud detection triggered: order_id=ORD52862
LOG0007625,2026-02-17 22:41:17,INFO,payment,Webhook received from payment provider: status=SUCCESS
LOG0003887,2026-02-17 22:56:56,WARNING,payment,High transaction volume: 10 TPS (threshold: 50 TPS)
LOG0004344,2026-02-17 23:03:28,INFO,database,Transaction committed: txn_id=TXN83216
LOG0003991,2026-02-17 23:04:18,INFO,api_gateway,GET /api/v1/products responded 200 in 2092ms
LOG0006479,2026-02-17 23:10:20,INFO,api_gateway,POST /api/v1/orders responded 201 in 2964ms
LOG0007466,2026-02-17 23:17:03,INFO,payment,Subscription renewed: user_id=USR4449
LOG0000465,2026-02-17 23:39:16,INFO,payment,"Payment processed: order_id=ORD65119 amount=Rp2,553,000"
LOG0005097,2026-02-17 23:39:46,INFO,auth,Token generated for user_id=USR8065
LOG0007961,2026-02-17 23:54:03,INFO,payment,Invoice generated: invoice_id=INV82215
LOG0008971,2026-02-17 23:57:46,INFO,payment,Currency conversion: USD→IDR for order_id=ORD68532
LOG0005767,2026-02-18 00:03:31,INFO,api_gateway,POST /api/v1/orders responded 201 in 125ms
LOG0009861,2026-02-18 00:12:16,ERROR,auth,Session expired: user_id=USR9623
LOG0006667,2026-02-18 00:12:52,INFO,auth,2FA verification passed: user_id=USR5989
LOG0007072,2026-02-18 00:22:17,INFO,payment,Invoice generated: invoice_id=INV78421
LOG0005552,2026-02-18 00:25:04,INFO,auth,Token refreshed for user_id=USR6428
LOG0009973,2026-02-18 00:34:29,INFO,api_gateway,DELETE /api/v1/item/INV33654 responded 204 in 4101ms
LOG0009519,2026-02-18 00:36:24,WARNING,database,Table=orders approaching max size: 22% capacity
LOG0009183,2026-02-18 00:42:01,INFO,database,Connection pool: 77/20 active connections
LOG0000420,2026-02-18 00:46:12,WARNING,database,Connection pool usage high: 30/20 connections
LOG0006650,2026-02-18 00:48:00,WARNING,database,Long-running transaction detected: txn_id=TXN57868 (1397ms)
LOG0005125,2026-02-18 00:50:26,INFO,api_gateway,GET /api/v1/users responded 200 in 3526ms
LOG0005816,2026-02-18 01:12:13,INFO,api_gateway,DELETE /api/v1/item/INV42006 responded 204 in 913ms
LOG0004571,2026-02-18 01:19:00,WARNING,database,Long-running transaction detected: txn_id=TXN35790 (357ms)
LOG0001984,2026-02-18 01:28:03,INFO,payment,"Refund issued: order_id=ORD66999 amount=Rp4,475,000"
LOG0001727,2026-02-18 01:32:11,INFO,api_gateway,DELETE /api/v1/item/INV81344 responded 204 in 2205ms
LOG0006751,2026-02-18 01:43:37,WARNING,auth,Password reset requested for user_id=USR5783
LOG0002814,2026-02-18 01:48:46,INFO,api_gateway,GET /api/v1/users responded 200 in 4356ms
LOG0006142,2026-02-18 02:00:32,INFO,auth,User registered successfully: user_id=USR6555
LOG0007831,2026-02-18 02:11:10,INFO,auth,User login successful: user_id=USR9478
LOG0005995,2026-02-18 02:20:47,INFO,payment,Subscription renewed: user_id=USR1595
LOG0006097,2026-02-18 02:22:06,INFO,database,Index hit on table=products query (1173ms)
LOG0008701,2026-02-18 02:52:26,ERROR,auth,Session expired: user_id=USR7027
LOG0006168,2026-02-18 03:02:03,INFO,database,Connection pool: 73/20 active connections
LOG0002992,2026-02-18 03:02:41,WARNING,auth,Password reset requested for user_id=USR2135
LOG0002772,2026-02-18 03:18:46,INFO,api_gateway,PUT /api/v1/profile responded 200 in 271ms
LOG0006768,2026-02-18 03:26:02,INFO,database,Connection pool: 68/20 active connections
LOG0005499,2026-02-18 03:27:04,WARNING,database,Table=orders approaching max size: 37% capacity
LOG0003968,2026-02-18 03:30:38,INFO,api_gateway,Request routed to service: order-service in 3103ms
LOG0003122,2026-02-18 03:33:27,INFO,auth,User logout: user_id=USR4478
LOG0000073,2026-02-18 03:53:35,ERROR,payment,Payment gateway timeout after 3352ms: order_id=ORD97325
LOG0002623,2026-02-18 04:16:04,INFO,api_gateway,DELETE /api/v1/item/INV50909 responded 204 in 2328ms
LOG0005054,2026-02-18 04:20:14,INFO,payment,Currency conversion: USD→IDR for order_id=ORD50016
LOG0003381,2026-02-18 04:21:10,INFO,payment,Payment gateway responded OK in 2792ms
LOG0009321,2026-02-18 04:24:44,ERROR,auth,Invalid credentials for user_id=USR8202
LOG0009276,2026-02-18 04:25:38,WARNING,api_gateway,Retry attempt 44 for downstream service order-service
LOG0009555,2026-02-18 04:26:37,ERROR,api_gateway,Circuit breaker OPEN for service: inventory-service
LOG0009208,2026-02-18 04:31:14,INFO,database,Cache hit ratio: 65% for last 5 minutes
LOG0002541,2026-02-18 04:41:38,INFO,auth,User logout: user_id=USR3486
LOG0006462,2026-02-18 04:50:27,INFO,api_gateway,Request routed to service: user-service in 2688ms
LOG0008362,2026-02-18 05:04:13,INFO,payment,"Payment processed: order_id=ORD80643 amount=Rp1,499,000"
LOG0002252,2026-02-18 05:17:42,INFO,database,Connection pool: 48/20 active connections
LOG0003087,2026-02-18 05:27:20,WARNING,database,Slow query detected: 3246ms on table=logs
LOG0000864,2026-02-18 05:31:15,INFO,payment,"Refund issued: order_id=ORD92433 amount=Rp7,869,000"
LOG0006366,2026-02-18 05:33:23,ERROR,payment,Currency conversion error for order_id=ORD81723
LOG0001772,2026-02-18 05:46:07,WARNING,auth,Password reset requested for user_id=USR8372
LOG0009380,2026-02-18 05:47:08,ERROR,payment,Fraud detection triggered: order_id=ORD48144
LOG0009040,2026-02-18 05:58:47,INFO,auth,User login successful: user_id=USR2734
LOG0007201,2026-02-18 06:23:16,INFO,payment,Payment gateway responded OK in 172ms
LOG0007540,2026-02-18 06:28:51,INFO,api_gateway,DELETE /api/v1/item/INV34519 responded 204 in 3476ms
LOG0002615,2026-02-18 06:31:58,INFO,database,Cache hit ratio: 9% for last 5 minutes
LOG0008917,2026-02-18 06:35:34,INFO,database,Connection pool: 91/20 active connections
LOG0009634,2026-02-18 06:38:49,INFO,api_gateway,POST /api/v1/orders responded 201 in 3005ms
LOG0002261,2026-02-18 06:39:00,WARNING,api_gateway,Deprecated endpoint called: /api/v0/users by client_id=CLI528
LOG0007285,2026-02-18 06:39:23,INFO,api_gateway,Request routed to service: user-service in 1011ms
LOG0005792,2026-02-18 06:58:41,INFO,api_gateway,Rate limit check passed for client_id=CLI439
LOG0005766,2026-02-18 06:59:46,WARNING,auth,Failed login attempt for user_id=USR6838 (attempt 73/5)
LOG0001032,2026-02-18 07:01:26,INFO,auth,2FA verification passed: user_id=USR3895
LOG0001447,2026-02-18 07:05:19,ERROR,api_gateway,POST /api/v1/payment returned 500 after 416ms
LOG0004681,2026-02-18 07:07:01,INFO,api_gateway,DELETE /api/v1/item/INV16428 responded 204 in 1054ms
LOG0001422,2026-02-18 07:08:28,WARNING,auth,Failed login attempt for user_id=USR9315 (attempt 53/5)
LOG0004462,2026-02-18 07:11:03,INFO,payment,Currency conversion: USD→IDR for order_id=ORD26386
LOG0003994,2026-02-18 07:12:59,INFO,auth,Token generated for user_id=USR3053
LOG0009425,2026-02-18 07:21:47,WARNING,database,Slow query detected: 168ms on table=logs
LOG0008723,2026-02-18 07:49:17,INFO,database,Connection pool: 24/20 active connections
LOG0009820,2026-02-18 07:56:28,INFO,payment,"Refund issued: order_id=ORD73158 amount=Rp6,772,000"
LOG0005425,2026-02-18 07:57:12,WARNING,database,Slow query detected: 1816ms on table=logs
LOG0004353,2026-02-18 07:58:00,INFO,auth,User logout: user_id=USR4442
LOG0003956,2026-02-18 08:01:36,INFO,auth,User logout: user_id=USR1562
LOG0006109,2026-02-18 08:05:20,INFO,auth,User registered successfully: user_id=USR1406
LOG0007564,2026-02-18 08:06:52,INFO,auth,Token refreshed for user_id=USR1017
LOG0008940,2026-02-18 08:13:34,INFO,api_gateway,PUT /api/v1/profile responded 200 in 3524ms
LOG0008710,2026-02-18 08:16:36,INFO,payment,Webhook received from payment provider: status=SUCCESS
LOG0002625,2026-02-18 08:22:49,INFO,api_gateway,DELETE /api/v1/item/INV19289 responded 204 in 905ms
LOG0007811,2026-02-18 08:24:28,WARNING,payment,Card expiry warning for user_id=USR7121
LOG0005137,2026-02-18 08:24:50,INFO,payment,Currency conversion: USD→IDR for order_id=ORD88819
LOG0005394,2026-02-18 08:30:30,INFO,payment,Webhook received from payment provider: status=SUCCESS
LOG0006249,2026-02-18 08:37:41,ERROR,auth,JWT signature mismatch for user_id=USR5107
LOG0003021,2026-02-18 08:37:54,INFO,auth,User login successful: user_id=USR6477
LOG0006670,2026-02-18 08:39:36,INFO,api_gateway,Rate limit check passed for client_id=CLI389
LOG0001976,2026-02-18 08:39:40,INFO,auth,Token generated for user_id=USR1073
LOG0005402,2026-02-18 08:41:59,INFO,database,Cache hit ratio: 83% for last 5 minutes
LOG0006209,2026-02-18 08:43:13,ERROR,api_gateway,POST /api/v1/payment returned 500 after 1381ms
LOG0005938,2026-02-18 08:48:41,INFO,database,Transaction committed: txn_id=TXN83465
LOG0003512,2026-02-18 08:51:23,INFO,auth,2FA verification passed: user_id=USR5083
LOG0007345,2026-02-18 08:55:22,INFO,api_gateway,Request routed to service: inventory-service in 1824ms
LOG0005231,2026-02-18 08:57:33,INFO,api_gateway,DELETE /api/v1/item/INV85856 responded 204 in 1697ms
LOG0008843,2026-02-18 08:59:54,INFO,payment,Webhook received from payment provider: status=SUCCESS
LOG0006685,2026-02-18 09:03:04,WARNING,payment,Card expiry warning for user_id=USR9682
LOG0006214,2026-02-18 09:07:25,WARNING,auth,Failed login attempt for user_id=USR4948 (attempt 99/5)
LOG0009128,2026-02-18 09:14:03,ERROR,database,Disk usage critical: 70% on /var/lib/postgres
LOG0008417,2026-02-18 09:22:13,INFO,payment,"Refund issued: order_id=ORD77491 amount=Rp7,373,000"
LOG0000368,2026-02-18 09:50:48,INFO,payment,Payment gateway responded OK in 3710ms
LOG0001482,2026-02-18 09:56:07,INFO,payment,Payment gateway responded OK in 1302ms
LOG0006349,2026-02-18 10:09:56,ERROR,auth,Invalid credentials for user_id=USR7902
LOG0006774,2026-02-18 10:14:19,INFO,payment,Currency conversion: USD→IDR for order_id=ORD76550
LOG0006841,2026-02-18 10:26:17,WARNING,database,Slow query detected: 3291ms on table=logs
LOG0005997,2026-02-18 10:30:59,INFO,database,Index hit on table=products query (366ms)
LOG0008883,2026-02-18 10:32:42,WARNING,payment,Payment retry attempt 45/3 for order_id=ORD54066
LOG0000578,2026-02-18 10:33:33,WARNING,database,Long-running transaction detected: txn_id=TXN10554 (3647ms)
LOG0000566,2026-02-18 10:34:01,INFO,payment,Webhook received from payment provider: status=SUCCESS
LOG0002650,2026-02-18 10:34:59,INFO,api_gateway,Request routed to service: user-service in 2527ms
LOG0008377,2026-02-18 10:44:44,INFO,api_gateway,Rate limit check passed for client_id=CLI273
LOG0007851,2026-02-18 10:44:47,INFO,api_gateway,DELETE /api/v1/item/INV84850 responded 204 in 3427ms
LOG0008642,2026-02-18 10:45:27,INFO,auth,User login successful: user_id=USR1763
LOG0009374,2026-02-18 10:56:53,INFO,auth,User login successful: user_id=USR5715
LOG0000852,2026-02-18 11:07:49,INFO,auth,Session created: session_id=SESS96288
LOG0009577,2026-02-18 11:14:31,INFO,payment,Subscription renewed: user_id=USR7897
LOG0007722,2026-02-18 11:15:18,INFO,api_gateway,GET /api/v1/products responded 200 in 3509ms
LOG0008427,2026-02-18 11:23:04,INFO,payment,"Refund issued: order_id=ORD55167 amount=Rp4,160,000"
LOG0000294,2026-02-18 11:51:56,INFO,database,Backup snapshot completed successfully
LOG0006940,2026-02-18 12:05:27,INFO,api_gateway,GET /api/v1/users responded 200 in 2763ms
LOG0001645,2026-02-18 12:06:12,INFO,database,Transaction committed: txn_id=TXN98775
LOG0000942,2026-02-18 12:06:53,INFO,api_gateway,DELETE /api/v1/item/INV91618 responded 204 in 3466ms
LOG0005601,2026-02-18 12:08:08,INFO,api_gateway,POST /api/v1/orders responded 201 in 3130ms
LOG0002426,2026-02-18 12:09:54,INFO,auth,User registered successfully: user_id=USR7755
LOG0005475,2026-02-18 12:20:44,INFO,api_gateway,POST /api/v1/orders responded 201 in 1637ms
LOG0004465,2026-02-18 12:27:59,WARNING,auth,Password reset requested for user_id=USR9119
LOG0002598,2026-02-18 12:28:22,INFO,payment,Webhook received from payment provider: status=SUCCESS
LOG0000307,2026-02-18 12:36:20,WARNING,api_gateway,Deprecated endpoint called: /api/v0/users by client_id=CLI238
LOG0006919,2026-02-18 12:50:01,INFO,database,Cache hit ratio: 74% for last 5 minutes
LOG0001431,2026-02-18 12:53:53,INFO,auth,User logout: user_id=USR4551
LOG0001578,2026-02-18 12:54:19,WARNING,payment,Payment retry attempt 42/3 for order_id=ORD29015
LOG0008280,2026-02-18 12:57:38,INFO,auth,2FA verification passed: user_id=USR5969
LOG0008811,2026-02-18 12:58:54,INFO,api_gateway,GET /api/v1/users responded 200 in 4152ms
LOG0001737,2026-02-18 13:03:20,INFO,auth,User logout: user_id=USR4799
LOG0002621,2026-02-18 13:23:59,INFO,auth,Session created: session_id=SESS68538
LOG0008014,2026-02-18 13:31:05,WARNING,api_gateway,Rate limit approaching for client_id=CLI488: 7/100 req/min
LOG0009196,2026-02-18 13:31:45,INFO,auth,User registered successfully: user_id=USR8692
LOG0000092,2026-02-18 13:42:25,WARNING,api_gateway,Rate limit approaching for client_id=CLI498: 57/100 req/min
LOG0001112,2026-02-18 14:03:07,INFO,database,Transaction committed: txn_id=TXN57250
LOG0003255,2026-02-18 14:06:52,INFO,api_gateway,Rate limit check passed for client_id=CLI300
LOG0007055,2026-02-18 14:23:55,INFO,payment,Payment gateway responded OK in 4467ms
LOG0009458,2026-02-18 14:23:55,INFO,payment,Webhook received from payment provider: status=SUCCESS
LOG0009034,2026-02-18 14:24:47,INFO,payment,Invoice generated: invoice_id=INV63224
LOG0009178,2026-02-18 14:33:08,INFO,database,Index hit on table=products query (2947ms)
LOG0009455,2026-02-18 14:40:31,INFO,database,Index hit on table=products query (1402ms)
LOG0004506,2026-02-18 14:47:14,ERROR,payment,Fraud detection triggered: order_id=ORD18686
LOG0008312,2026-02-18 14:50:26,WARNING,api_gateway,Deprecated endpoint called: /api/v0/users by client_id=CLI906
LOG0003802,2026-02-18 14:57:11,INFO,auth,User logout: user_id=USR7305
LOG0006510,2026-02-18 15:04:22,INFO,database,Backup snapshot completed successfully
LOG0008041,2026-02-18 15:11:06,INFO,api_gateway,POST /api/v1/orders responded 201 in 263ms
LOG0007280,2026-02-18 15:12:05,INFO,api_gateway,GET /api/v1/users responded 200 in 1799ms
LOG0000095,2026-02-18 15:14:59,WARNING,auth,Password reset requested for user_id=USR5265
LOG0000351,2026-02-18 15:18:33,WARNING,auth,Token expiring soon for user_id=USR1473
LOG0006435,2026-02-18 15:19:18,ERROR,payment,Payment failed: order_id=ORD24817 reason=insufficient_funds
LOG0008412,2026-02-18 15:22:08,INFO,payment,Payment gateway responded OK in 1359ms
LOG0004503,2026-02-18 15:28:59,INFO,auth,Password changed for user_id=USR1399
LOG0008104,2026-02-18 15:40:54,INFO,auth,2FA verification passed: user_id=USR9493
LOG0003073,2026-02-18 15:50:02,INFO,api_gateway,DELETE /api/v1/item/INV70849 responded 204 in 563ms
LOG0007687,2026-02-18 15:52:54,ERROR,auth,Account locked after 5 failed attempts: user_id=USR6406
LOG0007976,2026-02-18 15:55:46,WARNING,auth,Failed login attempt for user_id=USR5045 (attempt 76/5)
LOG0004499,2026-02-18 15:59:52,INFO,database,Backup snapshot completed successfully
LOG0001254,2026-02-18 16:17:14,INFO,payment,Payment gateway responded OK in 2112ms
LOG0002224,2026-02-18 16:18:53,ERROR,api_gateway,Upstream service inventory-service unreachable: connection timeout
LOG0005326,2026-02-18 16:22:17,INFO,api_gateway,Rate limit check passed for client_id=CLI798
LOG0003799,2026-02-18 16:39:39,INFO,auth,2FA verification passed: user_id=USR9639
LOG0002473,2026-02-18 16:48:47,INFO,database,Backup snapshot completed successfully
LOG0004378,2026-02-18 16:49:56,INFO,database,Connection pool: 98/20 active connections
LOG0007171,2026-02-18 16:54:15,ERROR,auth,Token validation failed: user_id=USR5600
LOG0008874,2026-02-18 16:55:34,ERROR,database,Replication lag exceeded threshold: 4180ms behind primary
LOG0005048,2026-02-18 17:17:12,INFO,auth,User logout: user_id=USR9958
LOG0002584,2026-02-18 17:23:00,ERROR,database,Deadlock detected on table=orders: txn_id=TXN42498
LOG0005525,2026-02-18 17:26:40,ERROR,api_gateway,Upstream service order-service unreachable: connection timeout
LOG0007686,2026-02-18 17:37:39,WARNING,auth,Multiple sessions detected for user_id=USR4584
LOG0004177,2026-02-18 17:40:29,INFO,auth,Token generated for user_id=USR2601
LOG0007273,2026-02-18 17:50:14,INFO,api_gateway,Rate limit check passed for client_id=CLI862
LOG0009444,2026-02-18 17:54:42,INFO,api_gateway,GET /api/v1/users responded 200 in 4226ms
LOG0003814,2026-02-18 17:55:29,INFO,api_gateway,PUT /api/v1/profile responded 200 in 2085ms
LOG0008950,2026-02-18 17:58:18,WARNING,auth,Unusual login location detected: user_id=USR6310
LOG0004451,2026-02-18 17:59:05,INFO,auth,Token generated for user_id=USR6852
LOG0007515,2026-02-18 18:06:12,INFO,database,Transaction committed: txn_id=TXN73920
LOG0008499,2026-02-18 18:14:47,INFO,auth,User logout: user_id=USR3411
LOG0000067,2026-02-18 18:20:41,INFO,auth,Token generated for user_id=USR9502
LOG0009743,2026-02-18 18:24:58,ERROR,payment,Payment failed: order_id=ORD78089 reason=insufficient_funds
LOG0006820,2026-02-18 18:29:34,ERROR,auth,JWT signature mismatch for user_id=USR7492
LOG0006082,2026-02-18 18:38:57,INFO,payment,Webhook received from payment provider: status=SUCCESS
LOG0005579,2026-02-18 18:39:32,WARNING,database,Index miss on table=events: consider reindexing
LOG0004849,2026-02-18 18:40:57,INFO,auth,2FA verification passed: user_id=USR4903
LOG0005857,2026-02-18 18:42:07,INFO,api_gateway,GET /api/v1/users responded 200 in 1409ms
LOG0006689,2026-02-18 18:46:55,INFO,auth,Password changed for user_id=USR8267
LOG0008916,2026-02-18 18:47:15,WARNING,database,Index miss on table=events: consider reindexing
LOG0003788,2026-02-18 18:49:54,INFO,database,Index hit on table=products query (1624ms)
LOG0007321,2026-02-18 18:55:30,WARNING,database,Index miss on table=events: consider reindexing
LOG0000032,2026-02-18 18:56:27,ERROR,database,Deadlock detected on table=orders: txn_id=TXN32962
LOG0009225,2026-02-18 19:19:22,INFO,auth,User registered successfully: user_id=USR7181
LOG0000257,2026-02-18 19:22:00,ERROR,database,Replication lag exceeded threshold: 2197ms behind primary
LOG0002221,2026-02-18 19:27:15,INFO,auth,Session created: session_id=SESS83343
LOG0001189,2026-02-18 19:41:21,INFO,database,Transaction committed: txn_id=TXN94034
LOG0002135,2026-02-18 19:42:55,INFO,auth,User registered successfully: user_id=USR2692
LOG0000514,2026-02-18 19:49:44,INFO,database,Cache hit ratio: 27% for last 5 minutes
LOG0009803,2026-02-18 19:54:10,INFO,auth,Token generated for user_id=USR8521
LOG0008854,2026-02-18 20:04:42,INFO,database,INSERT INTO orders completed (1114ms)
LOG0003945,2026-02-18 20:07:55,INFO,auth,User login successful: user_id=USR4675
LOG0001647,2026-02-18 20:13:04,INFO,auth,User login successful: user_id=USR5981
LOG0008456,2026-02-18 20:14:12,WARNING,payment,Card expiry warning for user_id=USR1035
LOG0000833,2026-02-18 20:21:11,INFO,payment,Currency conversion: USD→IDR for order_id=ORD36907
LOG0007102,2026-02-18 20:26:11,INFO,auth,User registered successfully: user_id=USR6018
LOG0003262,2026-02-18 20:30:50,INFO,auth,Token generated for user_id=USR4954
LOG0005249,2026-02-18 20:37:04,INFO,database,Query executed: SELECT users WHERE id=USR8976 (230ms)
LOG0000048,2026-02-18 20:39:39,INFO,payment,"Payment processed: order_id=ORD41893 amount=Rp98,000"
LOG0005925,2026-02-18 20:54:10,INFO,database,Backup snapshot completed successfully
LOG0008272,2026-02-18 20:59:21,INFO,database,Index hit on table=products query (428ms)
LOG0001519,2026-02-18 21:43:53,INFO,auth,Token refreshed for user_id=USR5825
LOG0008224,2026-02-18 21:45:49,INFO,payment,Subscription renewed: user_id=USR1516
LOG0000726,2026-02-18 21:47:18,INFO,database,Query executed: SELECT users WHERE id=USR1910 (3638ms)
LOG0002176,2026-02-18 21:51:24,INFO,payment,"Payment processed: order_id=ORD77450 amount=Rp565,000"
LOG0001283,2026-02-18 21:54:43,INFO,api_gateway,GET /api/v1/products responded 200 in 4256ms
LOG0002547,2026-02-18 22:02:18,WARNING,database,Index miss on table=events: consider reindexing
LOG0005027,2026-02-18 22:06:37,INFO,auth,Token generated for user_id=USR6424
LOG0002998,2026-02-18 22:11:50,INFO,api_gateway,Request routed to service: order-service in 865ms
LOG0004817,2026-02-18 22:17:05,INFO,payment,Currency conversion: USD→IDR for order_id=ORD37638
LOG0002818,2026-02-18 22:19:49,ERROR,auth,Token validation failed: user_id=USR3167
LOG0000876,2026-02-18 22:29:00,INFO,payment,Invoice generated: invoice_id=INV29609
LOG0002676,2026-02-18 22:29:06,INFO,database,Transaction committed: txn_id=TXN91970
LOG0002863,2026-02-18 22:33:32,ERROR,api_gateway,Rate limit exceeded for client_id=CLI498
LOG0002200,2026-02-18 22:38:41,INFO,api_gateway,DELETE /api/v1/item/INV83181 responded 204 in 310ms
LOG0004482,2026-02-18 22:43:12,WARNING,auth,Multiple sessions detected for user_id=USR3654
LOG0002415,2026-02-18 22:43:49,ERROR,auth,JWT signature mismatch for user_id=USR8111
LOG0009500,2026-02-18 22:44:35,INFO,api_gateway,PUT /api/v1/profile responded 200 in 3581ms
LOG0007001,2026-02-18 22:48:40,ERROR,payment,Webhook delivery failed after 3 retries
LOG0004527,2026-02-18 22:49:25,INFO,api_gateway,Request routed to service: inventory-service in 1879ms
LOG0006253,2026-02-18 22:51:31,INFO,payment,Payment gateway responded OK in 495ms
LOG0002141,2026-02-18 22:54:36,INFO,api_gateway,DELETE /api/v1/item/INV14280 responded 204 in 105ms
LOG0005335,2026-02-18 23:05:32,INFO,api_gateway,GET /api/v1/users responded 200 in 582ms
LOG0001239,2026-02-18 23:07:25,INFO,api_gateway,DELETE /api/v1/item/INV52828 responded 204 in 1091ms
LOG0005160,2026-02-18 23:13:13,ERROR,database,Disk usage critical: 47% on /var/lib/postgres
LOG0007630,2026-02-18 23:18:01,INFO,payment,"Refund issued: order_id=ORD45820 amount=Rp2,227,000"
LOG0006503,2026-02-18 23:24:03,INFO,api_gateway,Rate limit check passed for client_id=CLI144
LOG0001777,2026-02-18 23:29:17,ERROR,auth,Invalid credentials for user_id=USR4386
LOG0000950,2026-02-18 23:36:29,INFO,api_gateway,GET /api/v1/users responded 200 in 4208ms
LOG0004214,2026-02-18 23:37:25,INFO,auth,Password changed for user_id=USR4199
LOG0009056,2026-02-18 23:46:27,INFO,auth,2FA verification passed: user_id=USR5591
LOG0004362,2026-02-18 23:46:31,INFO,auth,User logout: user_id=USR1570
LOG0000909,2026-02-18 23:53:05,INFO,auth,Token refreshed for user_id=USR2595
LOG0009777,2026-02-18 23:54:24,INFO,database,Cache hit ratio: 36% for last 5 minutes
LOG0000268,2026-02-18 23:57:28,WARNING,auth,Unusual login location detected: user_id=USR5490
LOG0001316,2026-02-19 00:08:15,INFO,database,Index hit on table=products query (984ms)
LOG0008558,2026-02-19 00:10:01,WARNING,database,Slow query detected: 4492ms on table=logs
LOG0009479,2026-02-19 00:28:15,WARNING,payment,High transaction volume: 30 TPS (threshold: 50 TPS)
LOG0000862,2026-02-19 00:37:09,INFO,database,Connection pool: 36/20 active connections
LOG0002529,2026-02-19 00:41:55,ERROR,auth,Session expired: user_id=USR8197
LOG0005478,2026-02-19 00:44:14,INFO,api_gateway,PUT /api/v1/profile responded 200 in 309ms
LOG0002459,2026-02-19 00:50:32,WARNING,auth,Failed login attempt for user_id=USR4524 (attempt 20/5)
LOG0004394,2026-02-19 01:02:06,INFO,payment,Payment gateway responded OK in 4060ms
LOG0000447,2026-02-19 01:10:54,WARNING,auth,Failed login attempt for user_id=USR5861 (attempt 66/5)
LOG0009083,2026-02-19 01:12:15,ERROR,api_gateway,Invalid request schema on POST /api/v1/orders
LOG0009659,2026-02-19 01:13:58,WARNING,api_gateway,High latency detected on route /api/v1/search: 1144ms
LOG0002376,2026-02-19 01:15:01,INFO,api_gateway,GET /api/v1/products responded 200 in 2478ms
LOG0000492,2026-02-19 01:19:28,INFO,payment,Webhook received from payment provider: status=SUCCESS
LOG0004449,2026-02-19 01:24:58,INFO,auth,Token refreshed for user_id=USR4155
LOG0001683,2026-02-19 01:33:37,INFO,auth,User registered successfully: user_id=USR4630
LOG0007860,2026-02-19 01:42:15,WARNING,api_gateway,Slow response: GET /api/v1/reports took 3743ms
LOG0002915,2026-02-19 01:53:52,INFO,payment,"Payment processed: order_id=ORD70384 amount=Rp4,140,000"
LOG0007843,2026-02-19 01:55:16,INFO,database,INSERT INTO orders completed (544ms)
LOG0008610,2026-02-19 02:10:57,INFO,database,Cache hit ratio: 28% for last 5 minutes
LOG0001060,2026-02-19 02:11:18,INFO,payment,Subscription renewed: user_id=USR2416
LOG0008021,2026-02-19 02:16:07,INFO,auth,Token generated for user_id=USR6195
LOG0005624,2026-02-19 02:21:49,ERROR,api_gateway,POST /api/v1/payment returned 500 after 4348ms
LOG0004741,2026-02-19 02:27:02,INFO,api_gateway,GET /api/v1/products responded 200 in 1512ms
LOG0001750,2026-02-19 02:35:33,INFO,payment,Payment gateway responded OK in 2269ms
LOG0002184,2026-02-19 02:41:10,WARNING,auth,Multiple sessions detected for user_id=USR1465
LOG0003432,2026-02-19 02:46:15,INFO,auth,Token refreshed for user_id=USR2812
LOG0007111,2026-02-19 02:48:37,INFO,database,Connection pool: 78/20 active connections
LOG0006141,2026-02-19 03:07:45,ERROR,payment,Payment gateway timeout after 1578ms: order_id=ORD35034
LOG0006986,2026-02-19 03:16:46,INFO,database,Cache hit ratio: 23% for last 5 minutes
LOG0002724,2026-02-19 03:30:24,INFO,auth,User registered successfully: user_id=USR4928
LOG0004580,2026-02-19 03:34:35,INFO,auth,Token generated for user_id=USR4787
LOG0007156,2026-02-19 03:37:09,INFO,auth,2FA verification passed: user_id=USR1592
LOG0004595,2026-02-19 03:42:52,WARNING,payment,Suspicious transaction flagged: order_id=ORD21465
LOG0009305,2026-02-19 03:56:58,INFO,payment,Subscription renewed: user_id=USR4243
LOG0001817,2026-02-19 04:07:36,INFO,database,Transaction committed: txn_id=TXN84422
LOG0008581,2026-02-19 04:13:34,WARNING,database,Connection pool usage high: 20/20 connections
LOG0009241,2026-02-19 04:24:36,WARNING,payment,Suspicious transaction flagged: order_id=ORD89808
LOG0004946,2026-02-19 04:28:37,INFO,api_gateway,Request routed to service: inventory-service in 3669ms
LOG0008007,2026-02-19 04:33:41,WARNING,payment,High transaction volume: 20 TPS (threshold: 50 TPS)
LOG0005982,2026-02-19 04:35:08,WARNING,payment,Card expiry warning for user_id=USR6080
LOG0008474,2026-02-19 04:42:29,INFO,database,Query executed: SELECT users WHERE id=USR3152 (4475ms)
LOG0004272,2026-02-19 04:48:12,INFO,payment,Webhook received from payment provider: status=SUCCESS
LOG0000944,2026-02-19 04:48:37,INFO,payment,Subscription renewed: user_id=USR3870
LOG0004430,2026-02-19 04:48:40,INFO,payment,Currency conversion: USD→IDR for order_id=ORD58956
LOG0008137,2026-02-19 04:49:27,INFO,database,Connection pool: 78/20 active connections
LOG0009938,2026-02-19 04:52:57,INFO,database,INSERT INTO orders completed (4041ms)
LOG0008858,2026-02-19 04:56:26,INFO,database,Query executed: SELECT users WHERE id=USR6385 (527ms)
LOG0007975,2026-02-19 05:05:56,WARNING,payment,Payment provider response slow: 2080ms
LOG0002254,2026-02-19 05:08:52,INFO,api_gateway,GET /api/v1/products responded 200 in 253ms
LOG0009266,2026-02-19 05:20:18,WARNING,api_gateway,High latency detected on route /api/v1/search: 433ms
LOG0006090,2026-02-19 05:24:22,INFO,database,INSERT INTO orders completed (3696ms)
LOG0003778,2026-02-19 05:36:45,INFO,api_gateway,Rate limit check passed for client_id=CLI605
LOG0006589,2026-02-19 05:39:27,INFO,payment,Currency conversion: USD→IDR for order_id=ORD56785
LOG0003392,2026-02-19 05:44:35,INFO,payment,"Refund issued: order_id=ORD24718 amount=Rp6,158,000"
LOG0002429,2026-02-19 05:46:12,WARNING,auth,Failed login attempt for user_id=USR3870 (attempt 11/5)
LOG0006716,2026-02-19 05:46:39,INFO,auth,User logout: user_id=USR3436
LOG0004916,2026-02-19 05:50:16,ERROR,api_gateway,Rate limit exceeded for client_id=CLI105
LOG0000971,2026-02-19 05:52:52,INFO,api_gateway,POST /api/v1/orders responded 201 in 3933ms
LOG0000023,2026-02-19 06:02:21,INFO,auth,Token generated for user_id=USR9988
LOG0005533,2026-02-19 06:02:59,INFO,database,Connection pool: 8/20 active connections
LOG0002698,2026-02-19 06:08:20,WARNING,payment,High transaction volume: 21 TPS (threshold: 50 TPS)
LOG0007142,2026-02-19 06:15:33,INFO,payment,"Refund issued: order_id=ORD90135 amount=Rp5,432,000"
LOG0006567,2026-02-19 06:17:20,WARNING,api_gateway,Deprecated endpoint called: /api/v0/users by client_id=CLI142
LOG0008181,2026-02-19 06:20:12,INFO,database,INSERT INTO orders completed (3934ms)
LOG0001091,2026-02-19 06:22:52,ERROR,payment,Fraud detection triggered: order_id=ORD72841
LOG0006785,2026-02-19 06:23:00,INFO,payment,Payment gateway responded OK in 767ms
LOG0001975,2026-02-19 06:29:48,WARNING,database,Index miss on table=events: consider reindexing
LOG0000009,2026-02-19 06:46:44,INFO,auth,Session created: session_id=SESS73049
LOG0008924,2026-02-19 06:46:54,INFO,database,INSERT INTO orders completed (4459ms)
LOG0002441,2026-02-19 06:49:44,INFO,api_gateway,GET /api/v1/users responded 200 in 3528ms
LOG0009991,2026-02-19 06:49:48,INFO,database,Cache hit ratio: 47% for last 5 minutes
LOG0003958,2026-02-19 06:50:30,INFO,payment,Currency conversion: USD→IDR for order_id=ORD59901
LOG0005345,2026-02-19 06:53:26,WARNING,api_gateway,High latency detected on route /api/v1/search: 2378ms
LOG0004159,2026-02-19 06:56:06,INFO,auth,User login successful: user_id=USR9485
LOG0006725,2026-02-19 07:17:56,INFO,database,Query executed: SELECT users WHERE id=USR8520 (3029ms)
LOG0003230,2026-02-19 07:29:13,WARNING,auth,Token expiring soon for user_id=USR3365
LOG0005822,2026-02-19 07:29:32,INFO,api_gateway,Request routed to service: user-service in 1111ms
LOG0002620,2026-02-19 07:35:11,INFO,api_gateway,Rate limit check passed for client_id=CLI478
LOG0007337,2026-02-19 07:41:26,INFO,payment,"Refund issued: order_id=ORD84246 amount=Rp6,651,000"
LOG0008908,2026-02-19 07:45:20,INFO,database,INSERT INTO orders completed (1940ms)
LOG0007325,2026-02-19 07:45:42,INFO,payment,Invoice generated: invoice_id=INV20183
LOG0003985,2026-02-19 07:49:39,INFO,database,Query executed: SELECT users WHERE id=USR1670 (3453ms)
LOG0005052,2026-02-19 08:05:27,INFO,api_gateway,POST /api/v1/orders responded 201 in 3563ms
LOG0002227,2026-02-19 08:10:40,INFO,payment,Payment gateway responded OK in 1937ms
LOG0009234,2026-02-19 08:11:22,INFO,auth,User logout: user_id=USR6290
LOG0000172,2026-02-19 08:12:03,ERROR,database,Query failed: syntax error near 'SELCT'
LOG0004548,2026-02-19 08:24:53,INFO,api_gateway,POST /api/v1/orders responded 201 in 1484ms
LOG0001534,2026-02-19 08:33:37,INFO,api_gateway,GET /api/v1/products responded 200 in 1724ms
LOG0000525,2026-02-19 08:38:23,INFO,auth,Password changed for user_id=USR6631
LOG0002803,2026-02-19 08:39:10,WARNING,auth,Failed login attempt for user_id=USR4310 (attempt 47/5)
LOG0008432,2026-02-19 08:56:07,INFO,database,Query executed: SELECT users WHERE id=USR5319 (2678ms)
LOG0008569,2026-02-19 08:57:55,WARNING,payment,High transaction volume: 79 TPS (threshold: 50 TPS)
LOG0001930,2026-02-19 09:11:58,INFO,payment,Subscription renewed: user_id=USR3383
LOG0005667,2026-02-19 09:26:27,INFO,database,Cache hit ratio: 93% for last 5 minutes
LOG0008023,2026-02-19 09:33:27,INFO,payment,Payment gateway responded OK in 1141ms
LOG0006837,2026-02-19 09:34:42,ERROR,api_gateway,Invalid request schema on POST /api/v1/orders
LOG0004652,2026-02-19 09:35:11,INFO,api_gateway,Request routed to service: inventory-service in 867ms
LOG0002591,2026-02-19 09:37:24,INFO,payment,Currency conversion: USD→IDR for order_id=ORD32249
LOG0009937,2026-02-19 09:38:26,ERROR,auth,Invalid credentials for user_id=USR4731
LOG0007462,2026-02-19 09:49:55,INFO,payment,"Payment processed: order_id=ORD41257 amount=Rp2,750,000"
LOG0004930,2026-02-19 10:00:50,INFO,api_gateway,Rate limit check passed for client_id=CLI196
LOG0004753,2026-02-19 10:01:04,INFO,payment,Subscription renewed: user_id=USR9897
LOG0008386,2026-02-19 10:01:25,INFO,payment,Webhook received from payment provider: status=SUCCESS
LOG0003065,2026-02-19 10:03:00,INFO,database,Index hit on table=products query (1756ms)
LOG0004012,2026-02-19 10:05:10,INFO,auth,User registered successfully: user_id=USR1344
LOG0003291,2026-02-19 10:15:51,WARNING,api_gateway,Retry attempt 52 for downstream service order-service
LOG0006804,2026-02-19 10:25:58,ERROR,payment,Payment gateway timeout after 4009ms: order_id=ORD62385
LOG0005428,2026-02-19 10:26:49,INFO,api_gateway,DELETE /api/v1/item/INV25237 responded 204 in 701ms
LOG0008555,2026-02-19 10:28:33,INFO,database,Backup snapshot completed successfully
LOG0003582,2026-02-19 10:42:00,INFO,database,INSERT INTO orders completed (4029ms)
LOG0002388,2026-02-19 10:42:34,INFO,auth,User registered successfully: user_id=USR7230
LOG0004803,2026-02-19 10:44:12,WARNING,api_gateway,Rate limit approaching for client_id=CLI870: 48/100 req/min
LOG0001042,2026-02-19 10:44:15,INFO,auth,Token generated for user_id=USR3028
LOG0004161,2026-02-19 10:46:14,INFO,api_gateway,Request routed to service: user-service in 4333ms
LOG0008065,2026-02-19 10:52:35,INFO,database,INSERT INTO orders completed (2115ms)
LOG0007830,2026-02-19 10:55:19,INFO,api_gateway,GET /api/v1/products responded 200 in 2431ms
LOG0000333,2026-02-19 11:20:08,ERROR,payment,Payment gateway timeout after 2981ms: order_id=ORD23655
LOG0000058,2026-02-19 11:24:00,WARNING,auth,Unusual login location detected: user_id=USR1578
LOG0003443,2026-02-19 11:24:17,INFO,payment,Subscription renewed: user_id=USR8838
LOG0003755,2026-02-19 11:28:31,WARNING,auth,Failed login attempt for user_id=USR5352 (attempt 37/5)
LOG0008170,2026-02-19 11:43:38,INFO,payment,Currency conversion: USD→IDR for order_id=ORD41288
LOG0008896,2026-02-19 12:12:20,INFO,api_gateway,PUT /api/v1/profile responded 200 in 3427ms
LOG0001379,2026-02-19 12:13:05,INFO,auth,Token refreshed for user_id=USR3178
LOG0009579,2026-02-19 12:17:11,ERROR,auth,Account locked after 5 failed attempts: user_id=USR3651
LOG0000987,2026-02-19 12:24:26,INFO,payment,Invoice generated: invoice_id=INV81694
LOG0007755,2026-02-19 12:28:27,WARNING,auth,Unusual login location detected: user_id=USR8609
LOG0005631,2026-02-19 12:38:02,ERROR,api_gateway,Upstream service user-service unreachable: connection timeout
LOG0003723,2026-02-19 12:47:40,INFO,api_gateway,GET /api/v1/users responded 200 in 4385ms
LOG0005744,2026-02-19 12:48:29,WARNING,payment,Payment retry attempt 90/3 for order_id=ORD99857
LOG0006933,2026-02-19 12:48:48,INFO,database,Index hit on table=products query (4124ms)
LOG0009944,2026-02-19 12:54:16,INFO,api_gateway,POST /api/v1/orders responded 201 in 2183ms
LOG0003933,2026-02-19 13:00:25,INFO,api_gateway,GET /api/v1/users responded 200 in 26ms
LOG0008872,2026-02-19 13:02:08,INFO,auth,User login successful: user_id=USR7565
LOG0004927,2026-02-19 13:06:05,WARNING,api_gateway,Slow response: GET /api/v1/reports took 421ms
LOG0005858,2026-02-19 13:09:57,INFO,api_gateway,POST /api/v1/orders responded 201 in 2406ms
LOG0005426,2026-02-19 13:17:09,INFO,payment,Payment gateway responded OK in 3582ms
LOG0000958,2026-02-19 13:33:07,INFO,database,Transaction committed: txn_id=TXN38955
LOG0009527,2026-02-19 13:37:05,INFO,database,INSERT INTO orders completed (3103ms)
LOG0004033,2026-02-19 13:46:23,INFO,database,Backup snapshot completed successfully
LOG0003498,2026-02-19 13:52:57,INFO,auth,User logout: user_id=USR3000
LOG0004406,2026-02-19 13:57:39,INFO,payment,Currency conversion: USD→IDR for order_id=ORD10588
LOG0008607,2026-02-19 14:01:54,INFO,database,Cache hit ratio: 75% for last 5 minutes
LOG0009050,2026-02-19 14:02:44,INFO,payment,Invoice generated: invoice_id=INV12282
LOG0006323,2026-02-19 14:05:16,INFO,api_gateway,DELETE /api/v1/item/INV39479 responded 204 in 1672ms
LOG0002784,2026-02-19 14:06:45,ERROR,payment,Currency conversion error for order_id=ORD73228
LOG0003097,2026-02-19 14:09:41,ERROR,database,Query failed: syntax error near 'SELCT'
LOG0000146,2026-02-19 14:13:09,WARNING,api_gateway,High latency detected on route /api/v1/search: 3025ms
LOG0003076,2026-02-19 14:23:42,INFO,payment,Currency conversion: USD→IDR for order_id=ORD49481
LOG0001695,2026-02-19 14:34:03,INFO,auth,User logout: user_id=USR1898
LOG0000952,2026-02-19 14:42:30,INFO,database,Connection pool: 73/20 active connections
LOG0001170,2026-02-19 14:43:42,ERROR,api_gateway,Upstream service order-service unreachable: connection timeout
LOG0001940,2026-02-19 14:53:10,INFO,auth,Token refreshed for user_id=USR4761
LOG0005152,2026-02-19 14:58:04,ERROR,payment,Fraud detection triggered: order_id=ORD89424
LOG0005626,2026-02-19 15:00:03,INFO,api_gateway,POST /api/v1/orders responded 201 in 3944ms
LOG0002538,2026-02-19 15:02:35,INFO,auth,2FA verification passed: user_id=USR4687
LOG0005199,2026-02-19 15:02:53,WARNING,payment,Payment provider response slow: 1014ms
LOG0004427,2026-02-19 15:07:34,INFO,database,Query executed: SELECT users WHERE id=USR1561 (2373ms)
LOG0000408,2026-02-19 15:09:07,INFO,api_gateway,DELETE /api/v1/item/INV55824 responded 204 in 3251ms
LOG0000719,2026-02-19 15:17:47,WARNING,auth,Password reset requested for user_id=USR6996
LOG0004134,2026-02-19 15:18:04,INFO,api_gateway,Request routed to service: order-service in 1511ms
LOG0009507,2026-02-19 15:28:18,INFO,auth,User registered successfully: user_id=USR2345
LOG0009221,2026-02-19 15:32:51,INFO,auth,2FA verification passed: user_id=USR2255
LOG0004461,2026-02-19 15:41:05,INFO,database,Backup snapshot completed successfully
LOG0002879,2026-02-19 15:47:46,INFO,api_gateway,Request routed to service: inventory-service in 2774ms
LOG0003689,2026-02-19 15:50:52,INFO,payment,"Refund issued: order_id=ORD70530 amount=Rp9,906,000"
LOG0002160,2026-02-19 15:53:02,INFO,payment,Payment gateway responded OK in 3042ms
LOG0008135,2026-02-19 15:58:08,ERROR,auth,Account locked after 5 failed attempts: user_id=USR7931
LOG0009020,2026-02-19 15:59:03,INFO,database,Connection pool: 7/20 active connections
LOG0008722,2026-02-19 15:59:08,ERROR,payment,Webhook delivery failed after 3 retries
LOG0003289,2026-02-19 16:02:30,INFO,auth,2FA verification passed: user_id=USR4423
LOG0000819,2026-02-19 16:10:50,INFO,database,Cache hit ratio: 12% for last 5 minutes
LOG0001561,2026-02-19 16:31:28,INFO,api_gateway,GET /api/v1/products responded 200 in 1205ms
LOG0004899,2026-02-19 16:37:39,INFO,auth,Session created: session_id=SESS25728
LOG0006356,2026-02-19 16:42:34,INFO,auth,Token refreshed for user_id=USR5514
LOG0000221,2026-02-19 16:42:35,INFO,auth,User registered successfully: user_id=USR8033
LOG0006336,2026-02-19 16:54:54,INFO,payment,Subscription renewed: user_id=USR9087
LOG0009960,2026-02-19 16:56:40,INFO,auth,User logout: user_id=USR1984
LOG0009330,2026-02-19 16:57:34,INFO,database,Connection pool: 57/20 active connections
LOG0002049,2026-02-19 16:58:13,WARNING,payment,Payment provider response slow: 1839ms
LOG0008981,2026-02-19 17:00:55,INFO,payment,Currency conversion: USD→IDR for order_id=ORD75590
LOG0001331,2026-02-19 17:22:21,WARNING,auth,Multiple sessions detected for user_id=USR1635
LOG0001140,2026-02-19 17:33:38,INFO,payment,Currency conversion: USD→IDR for order_id=ORD27384
LOG0000079,2026-02-19 17:34:35,INFO,api_gateway,PUT /api/v1/profile responded 200 in 1998ms
LOG0005222,2026-02-19 17:50:46,ERROR,auth,Account locked after 5 failed attempts: user_id=USR5159
LOG0004786,2026-02-19 17:59:36,INFO,auth,Session created: session_id=SESS46308
LOG0001746,2026-02-19 18:00:21,INFO,auth,Session created: session_id=SESS78756
LOG0005117,2026-02-19 18:08:01,INFO,payment,Webhook received from payment provider: status=SUCCESS
LOG0009399,2026-02-19 18:09:01,ERROR,auth,Token validation failed: user_id=USR8370
LOG0009397,2026-02-19 18:14:12,INFO,api_gateway,PUT /api/v1/profile responded 200 in 2981ms
LOG0006920,2026-02-19 18:23:53,INFO,auth,Session created: session_id=SESS86838
LOG0002614,2026-02-19 18:24:05,ERROR,api_gateway,Rate limit exceeded for client_id=CLI565
LOG0004068,2026-02-19 18:28:59,INFO,database,INSERT INTO orders completed (284ms)
LOG0000336,2026-02-19 18:34:39,INFO,auth,2FA verification passed: user_id=USR9889
LOG0004515,2026-02-19 18:46:25,ERROR,payment,Payment gateway timeout after 3778ms: order_id=ORD49284
LOG0009423,2026-02-19 18:47:05,INFO,database,Query executed: SELECT users WHERE id=USR8867 (4311ms)
LOG0008232,2026-02-19 18:48:41,INFO,auth,2FA verification passed: user_id=USR6195
LOG0007018,2026-02-19 18:54:50,INFO,payment,Currency conversion: USD→IDR for order_id=ORD85191
LOG0007407,2026-02-19 19:09:33,WARNING,api_gateway,Rate limit approaching for client_id=CLI811: 89/100 req/min
LOG0004162,2026-02-19 19:10:14,INFO,payment,Invoice generated: invoice_id=INV82629
LOG0006262,2026-02-19 19:29:37,INFO,auth,User registered successfully: user_id=USR9448
LOG0008628,2026-02-19 19:30:58,INFO,auth,2FA verification passed: user_id=USR8728
LOG0003473,2026-02-19 19:43:46,ERROR,api_gateway,Invalid request schema on POST /api/v1/orders
LOG0007832,2026-02-19 19:45:04,INFO,api_gateway,GET /api/v1/users responded 200 in 873ms
LOG0007356,2026-02-19 19:54:22,ERROR,auth,Session expired: user_id=USR7429
LOG0009942,2026-02-19 19:54:27,WARNING,api_gateway,Slow response: GET /api/v1/reports took 207ms
LOG0006858,2026-02-19 20:11:22,INFO,api_gateway,Request routed to service: order-service in 1440ms
LOG0003861,2026-02-19 20:13:00,INFO,api_gateway,Rate limit check passed for client_id=CLI767
LOG0002900,2026-02-19 20:14:45,INFO,auth,Token refreshed for user_id=USR7178
LOG0005867,2026-02-19 20:15:10,WARNING,auth,Unusual login location detected: user_id=USR7927
LOG0009371,2026-02-19 20:16:01,WARNING,auth,Token expiring soon for user_id=USR4681
LOG0005966,2026-02-19 20:23:21,INFO,database,Index hit on table=products query (478ms)
LOG0008001,2026-02-19 20:23:40,ERROR,payment,Payment failed: order_id=ORD70240 reason=insufficient_funds
LOG0003190,2026-02-19 20:29:35,WARNING,api_gateway,Deprecated endpoint called: /api/v0/users by client_id=CLI202
LOG0001708,2026-02-19 20:29:52,INFO,auth,Session created: session_id=SESS48244
LOG0008268,2026-02-19 20:31:36,INFO,api_gateway,Rate limit check passed for client_id=CLI430
LOG0006930,2026-02-19 20:34:31,INFO,database,INSERT INTO orders completed (3374ms)
LOG0002562,2026-02-19 20:35:07,WARNING,api_gateway,Retry attempt 11 for downstream service inventory-service
LOG0007993,2026-02-19 20:37:26,INFO,payment,Invoice generated: invoice_id=INV98810
LOG0001185,2026-02-19 20:38:30,INFO,payment,"Refund issued: order_id=ORD70883 amount=Rp4,314,000"
LOG0008038,2026-02-19 20:52:00,INFO,auth,2FA verification passed: user_id=USR8223
LOG0009200,2026-02-19 20:52:32,INFO,api_gateway,GET /api/v1/products responded 200 in 528ms
LOG0001950,2026-02-19 20:56:52,INFO,payment,Invoice generated: invoice_id=INV88952
LOG0004226,2026-02-19 21:02:09,ERROR,api_gateway,Invalid request schema on POST /api/v1/orders
LOG0007866,2026-02-19 21:04:19,INFO,database,Index hit on table=products query (645ms)
LOG0009258,2026-02-19 21:07:32,INFO,payment,"Refund issued: order_id=ORD26206 amount=Rp7,785,000"
LOG0000300,2026-02-19 21:08:05,WARNING,auth,Multiple sessions detected for user_id=USR8637
LOG0008684,2026-02-19 21:22:40,INFO,api_gateway,POST /api/v1/orders responded 201 in 1764ms
LOG0005416,2026-02-19 21:29:25,WARNING,auth,Token expiring soon for user_id=USR9534
LOG0002488,2026-02-19 21:30:44,WARNING,database,Connection pool usage high: 61/20 connections
LOG0005704,2026-02-19 21:31:06,INFO,auth,User registered successfully: user_id=USR9272
LOG0009708,2026-02-19 21:33:09,WARNING,database,Slow query detected: 3748ms on table=logs
LOG0000880,2026-02-19 21:34:31,WARNING,api_gateway,Deprecated endpoint called: /api/v0/users by client_id=CLI304
LOG0004665,2026-02-19 21:36:45,INFO,payment,Currency conversion: USD→IDR for order_id=ORD53256
LOG0006592,2026-02-19 21:39:32,INFO,api_gateway,Rate limit check passed for client_id=CLI171
LOG0008164,2026-02-19 21:41:26,WARNING,auth,Token expiring soon for user_id=USR1557
LOG0008361,2026-02-19 21:44:58,INFO,api_gateway,DELETE /api/v1/item/INV58722 responded 204 in 224ms
LOG0007008,2026-02-19 21:47:36,INFO,api_gateway,DELETE /api/v1/item/INV83791 responded 204 in 2406ms
LOG0003750,2026-02-19 21:51:41,INFO,api_gateway,GET /api/v1/products responded 200 in 939ms
LOG0005876,2026-02-19 21:53:09,WARNING,auth,Password reset requested for user_id=USR1909
LOG0000316,2026-02-19 21:55:24,INFO,payment,Currency conversion: USD→IDR for order_id=ORD35152
LOG0001302,2026-02-19 21:57:09,INFO,auth,2FA verification passed: user_id=USR4747
LOG0009007,2026-02-19 21:59:00,WARNING,auth,Token expiring soon for user_id=USR2693
LOG0008820,2026-02-19 22:04:49,INFO,auth,Session created: session_id=SESS81954
LOG0001890,2026-02-19 22:10:10,INFO,auth,User logout: user_id=USR7797
LOG0001773,2026-02-19 22:14:35,INFO,payment,Invoice generated: invoice_id=INV93085
LOG0008921,2026-02-19 22:18:14,ERROR,api_gateway,Upstream service order-service unreachable: connection timeout
LOG0001828,2026-02-19 22:22:03,WARNING,payment,Card expiry warning for user_id=USR6561
LOG0000237,2026-02-19 22:32:10,INFO,payment,"Refund issued: order_id=ORD91314 amount=Rp3,410,000"
LOG0005417,2026-02-19 22:37:12,INFO,payment,Currency conversion: USD→IDR for order_id=ORD73679
LOG0001663,2026-02-19 22:48:49,INFO,payment,Payment gateway responded OK in 523ms
LOG0008126,2026-02-19 22:49:38,INFO,auth,Password changed for user_id=USR6280
LOG0009637,2026-02-19 22:58:32,WARNING,api_gateway,High latency detected on route /api/v1/search: 2694ms
LOG0008174,2026-02-19 23:01:06,WARNING,database,Connection pool usage high: 58/20 connections
LOG0000591,2026-02-19 23:02:15,INFO,auth,2FA verification passed: user_id=USR7004
LOG0004417,2026-02-19 23:03:29,INFO,auth,User logout: user_id=USR5664
LOG0008848,2026-02-19 23:12:48,INFO,auth,User login successful: user_id=USR2228
LOG0005067,2026-02-19 23:13:10,INFO,api_gateway,PUT /api/v1/profile responded 200 in 178ms
LOG0005333,2026-02-19 23:13:22,ERROR,api_gateway,POST /api/v1/payment returned 500 after 978ms
LOG0004070,2026-02-19 23:14:44,INFO,auth,Token refreshed for user_id=USR9494
LOG0007199,2026-02-19 23:26:21,INFO,database,Query executed: SELECT users WHERE id=USR9671 (3075ms)
LOG0007473,2026-02-19 23:31:04,INFO,database,Connection pool: 54/20 active connections
LOG0007213,2026-02-19 23:36:34,INFO,database,Connection pool: 68/20 active connections
LOG0007676,2026-02-19 23:40:51,INFO,api_gateway,Request routed to service: user-service in 2518ms
LOG0009223,2026-02-19 23:47:19,INFO,auth,Password changed for user_id=USR7006
LOG0001397,2026-02-19 23:49:04,INFO,api_gateway,Request routed to service: order-service in 3810ms
LOG0006354,2026-02-19 23:50:42,INFO,auth,Token refreshed for user_id=USR2669
LOG0002092,2026-02-20 00:04:12,INFO,auth,Session created: session_id=SESS44083
LOG0008045,2026-02-20 00:06:09,INFO,database,Connection pool: 92/20 active connections
LOG0009810,2026-02-20 00:10:10,INFO,database,Query executed: SELECT users WHERE id=USR6934 (329ms)
LOG0001367,2026-02-20 00:12:49,WARNING,auth,Token expiring soon for user_id=USR4847
LOG0003593,2026-02-20 00:35:14,WARNING,api_gateway,Rate limit approaching for client_id=CLI811: 53/100 req/min
LOG0002098,2026-02-20 00:36:42,WARNING,database,Long-running transaction detected: txn_id=TXN69733 (1757ms)
LOG0009854,2026-02-20 00:39:54,INFO,auth,Token generated for user_id=USR7715
LOG0004131,2026-02-20 00:44:51,INFO,payment,Payment gateway responded OK in 1294ms
LOG0001721,2026-02-20 00:46:39,INFO,api_gateway,DELETE /api/v1/item/INV52479 responded 204 in 781ms
LOG0007403,2026-02-20 00:48:45,INFO,api_gateway,GET /api/v1/users responded 200 in 3003ms
LOG0005880,2026-02-20 00:59:07,INFO,database,Connection pool: 55/20 active connections
LOG0005037,2026-02-20 01:01:01,INFO,api_gateway,DELETE /api/v1/item/INV95806 responded 204 in 705ms
LOG0002892,2026-02-20 01:05:48,INFO,database,INSERT INTO orders completed (913ms)
LOG0000169,2026-02-20 01:10:16,INFO,api_gateway,DELETE /api/v1/item/INV43144 responded 204 in 1022ms
LOG0001303,2026-02-20 01:10:43,INFO,database,Query executed: SELECT users WHERE id=USR2705 (4375ms)
LOG0007163,2026-02-20 01:13:10,WARNING,payment,Card expiry warning for user_id=USR4811
LOG0000688,2026-02-20 01:20:27,INFO,api_gateway,PUT /api/v1/profile responded 200 in 4072ms
LOG0001235,2026-02-20 01:21:20,INFO,api_gateway,GET /api/v1/products responded 200 in 188ms
LOG0009329,2026-02-20 01:22:51,INFO,auth,2FA verification passed: user_id=USR8786
LOG0004416,2026-02-20 01:49:46,INFO,auth,User logout: user_id=USR8504
LOG0003736,2026-02-20 01:51:42,INFO,payment,Webhook received from payment provider: status=SUCCESS
LOG0002075,2026-02-20 01:54:41,ERROR,auth,Invalid credentials for user_id=USR8891
LOG0006393,2026-02-20 01:55:26,INFO,payment,"Payment processed: order_id=ORD96566 amount=Rp2,366,000"
LOG0003912,2026-02-20 02:07:01,INFO,database,Query executed: SELECT users WHERE id=USR7739 (2445ms)
LOG0005130,2026-02-20 02:17:48,INFO,payment,Payment gateway responded OK in 446ms
LOG0007224,2026-02-20 02:20:35,INFO,api_gateway,PUT /api/v1/profile responded 200 in 4068ms
LOG0006661,2026-02-20 02:21:19,INFO,api_gateway,Request routed to service: inventory-service in 3810ms
LOG0002941,2026-02-20 02:30:25,INFO,database,Query executed: SELECT users WHERE id=USR1657 (2829ms)
LOG0008600,2026-02-20 02:31:16,WARNING,payment,Payment retry attempt 15/3 for order_id=ORD37332
LOG0008959,2026-02-20 02:31:34,ERROR,payment,Payment failed: order_id=ORD56503 reason=insufficient_funds
LOG0002236,2026-02-20 02:31:39,INFO,database,INSERT INTO orders completed (3931ms)
LOG0005228,2026-02-20 02:50:23,WARNING,api_gateway,Deprecated endpoint called: /api/v0/users by client_id=CLI360
LOG0001785,2026-02-20 02:53:27,INFO,database,INSERT INTO orders completed (65ms)
LOG0006388,2026-02-20 02:57:48,INFO,api_gateway,PUT /api/v1/profile responded 200 in 1502ms
LOG0006630,2026-02-20 03:01:20,INFO,database,Transaction committed: txn_id=TXN93496
LOG0008397,2026-02-20 03:07:09,INFO,auth,Session created: session_id=SESS60397
LOG0006452,2026-02-20 03:13:53,WARNING,auth,Token expiring soon for user_id=USR2369
LOG0006557,2026-02-20 03:21:55,INFO,database,Transaction committed: txn_id=TXN85999
LOG0000201,2026-02-20 03:23:31,INFO,payment,"Refund issued: order_id=ORD59493 amount=Rp1,138,000"
LOG0009220,2026-02-20 03:23:39,INFO,auth,Password changed for user_id=USR5182
LOG0003781,2026-02-20 03:32:47,INFO,payment,Currency conversion: USD→IDR for order_id=ORD97112
LOG0007810,2026-02-20 03:35:15,WARNING,payment,Card expiry warning for user_id=USR5579
LOG0008421,2026-02-20 03:36:21,INFO,database,Index hit on table=products query (358ms)
LOG0006699,2026-02-20 03:36:52,ERROR,auth,Account locked after 5 failed attempts: user_id=USR7449
LOG0008295,2026-02-20 03:37:46,INFO,auth,Token generated for user_id=USR8738
LOG0007604,2026-02-20 03:39:14,INFO,api_gateway,DELETE /api/v1/item/INV60604 responded 204 in 268ms
LOG0001923,2026-02-20 03:39:35,INFO,database,Cache hit ratio: 4% for last 5 minutes
LOG0002483,2026-02-20 03:46:21,INFO,payment,Invoice generated: invoice_id=INV69384
LOG0000855,2026-02-20 03:49:42,INFO,payment,Invoice generated: invoice_id=INV75229
LOG0005896,2026-02-20 03:50:34,INFO,auth,Password changed for user_id=USR3220
LOG0005008,2026-02-20 03:57:03,ERROR,api_gateway,POST /api/v1/payment returned 500 after 2804ms
LOG0009430,2026-02-20 03:59:41,INFO,auth,Token refreshed for user_id=USR9698
LOG0002711,2026-02-20 04:00:16,INFO,database,Connection pool: 29/20 active connections
LOG0006241,2026-02-20 04:02:35,INFO,api_gateway,GET /api/v1/users responded 200 in 1586ms
LOG0009556,2026-02-20 04:04:38,INFO,auth,Token generated for user_id=USR9235
LOG0000640,2026-02-20 04:04:44,INFO,auth,User registered successfully: user_id=USR6998
LOG0002862,2026-02-20 04:06:36,WARNING,database,Slow query detected: 47ms on table=logs
LOG0005114,2026-02-20 04:11:46,INFO,database,Backup snapshot completed successfully
LOG0005583,2026-02-20 04:21:49,WARNING,payment,High transaction volume: 94 TPS (threshold: 50 TPS)
LOG0005511,2026-02-20 04:31:29,INFO,payment,Subscription renewed: user_id=USR2580
LOG0003147,2026-02-20 04:33:53,INFO,database,Backup snapshot completed successfully
LOG0005945,2026-02-20 04:37:35,INFO,auth,Password changed for user_id=USR6206
LOG0005176,2026-02-20 04:41:09,INFO,payment,Payment gateway responded OK in 416ms
LOG0005732,2026-02-20 04:49:20,INFO,database,Connection pool: 71/20 active connections
LOG0000653,2026-02-20 04:51:30,INFO,database,INSERT INTO orders completed (2245ms)
LOG0005433,2026-02-20 05:00:20,INFO,auth,Session created: session_id=SESS15678
LOG0004593,2026-02-20 05:02:34,INFO,payment,"Payment processed: order_id=ORD17152 amount=Rp8,693,000"
LOG0005141,2026-02-20 05:03:18,INFO,payment,Currency conversion: USD→IDR for order_id=ORD76553
LOG0009390,2026-02-20 05:04:12,WARNING,auth,Unusual login location detected: user_id=USR6292
LOG0003467,2026-02-20 05:07:25,INFO,database,Connection pool: 40/20 active connections
LOG0008899,2026-02-20 05:07:26,INFO,auth,Password changed for user_id=USR9700
LOG0006543,2026-02-20 05:18:21,INFO,auth,User registered successfully: user_id=USR5862
LOG0005596,2026-02-20 05:34:23,ERROR,database,Replication lag exceeded threshold: 2380ms behind primary
LOG0006353,2026-02-20 05:34:27,INFO,auth,Password changed for user_id=USR6251
LOG0002904,2026-02-20 05:36:00,INFO,auth,Session created: session_id=SESS37230
LOG0003776,2026-02-20 05:37:05,INFO,database,Index hit on table=products query (1600ms)
LOG0006065,2026-02-20 05:40:55,INFO,api_gateway,DELETE /api/v1/item/INV99908 responded 204 in 4221ms
LOG0005178,2026-02-20 05:43:04,INFO,api_gateway,Request routed to service: order-service in 352ms
LOG0007923,2026-02-20 06:00:07,INFO,payment,Currency conversion: USD→IDR for order_id=ORD45019
LOG0001088,2026-02-20 06:00:52,INFO,database,INSERT INTO orders completed (1376ms)
LOG0000311,2026-02-20 06:06:20,INFO,auth,Password changed for user_id=USR6093
LOG0004711,2026-02-20 06:53:27,INFO,auth,Session created: session_id=SESS68886
LOG0001888,2026-02-20 06:57:26,WARNING,payment,Payment retry attempt 26/3 for order_id=ORD28983
LOG0002316,2026-02-20 07:08:10,INFO,api_gateway,POST /api/v1/orders responded 201 in 3493ms
LOG0005873,2026-02-20 07:35:03,ERROR,auth,Invalid credentials for user_id=USR5569
LOG0009849,2026-02-20 07:35:41,INFO,api_gateway,Rate limit check passed for client_id=CLI208
LOG0006826,2026-02-20 07:37:11,INFO,payment,Webhook received from payment provider: status=SUCCESS
LOG0005706,2026-02-20 07:47:00,INFO,auth,User login successful: user_id=USR4770
LOG0003591,2026-02-20 07:58:38,INFO,auth,Session created: session_id=SESS35116
LOG0007940,2026-02-20 07:58:43,INFO,payment,"Refund issued: order_id=ORD58097 amount=Rp1,912,000"
LOG0009617,2026-02-20 08:00:16,INFO,auth,User logout: user_id=USR7728
LOG0008055,2026-02-20 08:01:26,INFO,payment,Payment gateway responded OK in 3943ms
LOG0006518,2026-02-20 08:03:56,INFO,payment,"Payment processed: order_id=ORD26824 amount=Rp9,424,000"
LOG0005762,2026-02-20 08:06:38,INFO,auth,Session created: session_id=SESS87962
LOG0003439,2026-02-20 08:08:21,INFO,auth,User logout: user_id=USR2408
LOG0000010,2026-02-20 08:10:16,INFO,payment,Currency conversion: USD→IDR for order_id=ORD48231
LOG0001915,2026-02-20 08:21:41,WARNING,database,Index miss on table=events: consider reindexing
LOG0000808,2026-02-20 08:34:37,INFO,api_gateway,DELETE /api/v1/item/INV45769 responded 204 in 2520ms
LOG0007057,2026-02-20 09:00:05,INFO,auth,Token refreshed for user_id=USR8588
LOG0002103,2026-02-20 09:06:32,INFO,payment,"Payment processed: order_id=ORD81013 amount=Rp5,822,000"
LOG0004789,2026-02-20 09:11:19,INFO,database,Index hit on table=products query (2984ms)
LOG0007836,2026-02-20 09:26:50,INFO,payment,Subscription renewed: user_id=USR6575
LOG0003241,2026-02-20 09:28:07,ERROR,auth,Invalid credentials for user_id=USR9405
LOG0008709,2026-02-20 09:44:59,INFO,api_gateway,PUT /api/v1/profile responded 200 in 2613ms
LOG0000691,2026-02-20 09:45:58,INFO,api_gateway,GET /api/v1/users responded 200 in 2937ms
LOG0001878,2026-02-20 09:46:42,ERROR,auth,Session expired: user_id=USR2962
LOG0007838,2026-02-20 09:49:23,WARNING,auth,Multiple sessions detected for user_id=USR9596
LOG0000879,2026-02-20 09:52:30,WARNING,auth,Unusual login location detected: user_id=USR8352
LOG0001678,2026-02-20 09:58:25,INFO,payment,Invoice generated: invoice_id=INV79084
LOG0009327,2026-02-20 10:07:06,INFO,payment,"Refund issued: order_id=ORD45684 amount=Rp2,340,000"
LOG0001135,2026-02-20 10:08:13,INFO,payment,Subscription renewed: user_id=USR6097
LOG0001072,2026-02-20 10:25:53,INFO,auth,Token generated for user_id=USR6807
LOG0007264,2026-02-20 10:27:10,INFO,auth,2FA verification passed: user_id=USR8587
LOG0004424,2026-02-20 10:33:32,INFO,auth,User registered successfully: user_id=USR2844
LOG0002480,2026-02-20 10:46:59,INFO,payment,Payment gateway responded OK in 2849ms
LOG0001411,2026-02-20 10:47:44,INFO,api_gateway,POST /api/v1/orders responded 201 in 515ms
LOG0003007,2026-02-20 10:48:04,INFO,auth,User logout: user_id=USR8811
LOG0001307,2026-02-20 10:49:14,INFO,api_gateway,GET /api/v1/users responded 200 in 1529ms
LOG0003197,2026-02-20 10:56:00,INFO,api_gateway,Request routed to service: user-service in 3423ms
LOG0000622,2026-02-20 10:58:09,INFO,database,Connection pool: 7/20 active connections
LOG0007892,2026-02-20 11:04:36,ERROR,payment,Payment failed: order_id=ORD40172 reason=insufficient_funds
LOG0007726,2026-02-20 11:06:46,INFO,api_gateway,POST /api/v1/orders responded 201 in 2499ms
LOG0007699,2026-02-20 11:11:41,INFO,payment,Payment gateway responded OK in 4239ms
LOG0006265,2026-02-20 11:22:41,WARNING,database,Connection pool usage high: 82/20 connections
LOG0006464,2026-02-20 11:25:58,WARNING,payment,Payment provider response slow: 2834ms
LOG0008398,2026-02-20 11:27:07,ERROR,database,Disk usage critical: 68% on /var/lib/postgres
LOG0002510,2026-02-20 11:30:48,ERROR,database,Connection timeout to primary DB host
LOG0003683,2026-02-20 11:32:18,INFO,auth,Token generated for user_id=USR9106
LOG0006907,2026-02-20 11:35:40,INFO,payment,Payment gateway responded OK in 780ms
LOG0001606,2026-02-20 11:41:14,INFO,database,Query executed: SELECT users WHERE id=USR5056 (952ms)
LOG0009112,2026-02-20 11:52:47,INFO,api_gateway,POST /api/v1/orders responded 201 in 2785ms
LOG0002902,2026-02-20 11:54:24,INFO,auth,Token refreshed for user_id=USR5910
LOG0002532,2026-02-20 12:00:23,INFO,payment,Subscription renewed: user_id=USR6387
LOG0001092,2026-02-20 12:03:22,INFO,auth,User login successful: user_id=USR8209
LOG0009665,2026-02-20 12:05:58,WARNING,payment,Card expiry warning for user_id=USR8156
LOG0004908,2026-02-20 12:16:53,INFO,auth,User registered successfully: user_id=USR7573
LOG0002758,2026-02-20 12:42:02,WARNING,payment,High transaction volume: 1 TPS (threshold: 50 TPS)
LOG0002373,2026-02-20 12:43:14,INFO,api_gateway,POST /api/v1/orders responded 201 in 4336ms
LOG0002507,2026-02-20 12:48:20,ERROR,api_gateway,POST /api/v1/payment returned 500 after 2589ms
LOG0002128,2026-02-20 12:49:31,INFO,database,Backup snapshot completed successfully
LOG0002408,2026-02-20 13:01:38,ERROR,payment,Fraud detection triggered: order_id=ORD74641
LOG0000661,2026-02-20 13:07:49,INFO,api_gateway,GET /api/v1/products responded 200 in 2438ms
LOG0008754,2026-02-20 13:09:35,WARNING,auth,Multiple sessions detected for user_id=USR5219
LOG0003942,2026-02-20 13:12:04,WARNING,database,Slow query detected: 1617ms on table=logs
LOG0001417,2026-02-20 13:28:53,INFO,auth,Token generated for user_id=USR2383
LOG0001584,2026-02-20 13:57:38,INFO,database,Cache hit ratio: 48% for last 5 minutes
LOG0007223,2026-02-20 14:00:50,INFO,auth,2FA verification passed: user_id=USR6620
LOG0008437,2026-02-20 14:01:02,INFO,database,Backup snapshot completed successfully
LOG0000721,2026-02-20 14:05:01,INFO,api_gateway,PUT /api/v1/profile responded 200 in 2020ms
LOG0005722,2026-02-20 14:09:25,WARNING,auth,Failed login attempt for user_id=USR3966 (attempt 48/5)
LOG0009322,2026-02-20 14:10:30,INFO,database,Index hit on table=products query (3032ms)
LOG0008556,2026-02-20 14:17:20,INFO,api_gateway,POST /api/v1/orders responded 201 in 697ms
LOG0008457,2026-02-20 14:28:46,WARNING,auth,Multiple sessions detected for user_id=USR3335
LOG0001327,2026-02-20 14:29:18,INFO,payment,Payment gateway responded OK in 2603ms
LOG0000602,2026-02-20 14:34:50,INFO,api_gateway,GET /api/v1/users responded 200 in 3166ms
LOG0000113,2026-02-20 14:46:13,WARNING,database,Slow query detected: 3812ms on table=logs
LOG0002401,2026-02-20 14:47:11,INFO,database,Connection pool: 64/20 active connections
LOG0004350,2026-02-20 14:48:31,ERROR,auth,Session expired: user_id=USR6300
LOG0008471,2026-02-20 14:48:34,ERROR,payment,Webhook delivery failed after 3 retries
LOG0003368,2026-02-20 14:50:14,WARNING,api_gateway,High latency detected on route /api/v1/search: 3592ms
LOG0003233,2026-02-20 14:53:32,INFO,api_gateway,GET /api/v1/products responded 200 in 4065ms
LOG0004399,2026-02-20 14:56:55,INFO,payment,Currency conversion: USD→IDR for order_id=ORD73781
LOG0006358,2026-02-20 14:58:23,INFO,auth,User logout: user_id=USR9499
LOG0006371,2026-02-20 14:59:00,INFO,payment,Payment gateway responded OK in 2933ms
LOG0004469,2026-02-20 15:04:09,INFO,database,INSERT INTO orders completed (14ms)
LOG0007452,2026-02-20 15:12:20,INFO,auth,Token generated for user_id=USR5296
LOG0004336,2026-02-20 15:14:32,WARNING,database,Connection pool usage high: 83/20 connections
LOG0005713,2026-02-20 15:18:04,INFO,database,Cache hit ratio: 64% for last 5 minutes
LOG0004034,2026-02-20 15:20:34,INFO,payment,"Refund issued: order_id=ORD95929 amount=Rp3,969,000"
LOG0002572,2026-02-20 15:36:58,ERROR,database,Query failed: syntax error near 'SELCT'
LOG0006762,2026-02-20 15:52:05,INFO,auth,Token generated for user_id=USR9010
LOG0000845,2026-02-20 15:53:11,ERROR,auth,Session expired: user_id=USR1058
LOG0001608,2026-02-20 15:59:49,INFO,payment,Currency conversion: USD→IDR for order_id=ORD71631
LOG0004551,2026-02-20 16:03:38,WARNING,payment,High transaction volume: 10 TPS (threshold: 50 TPS)
LOG0008024,2026-02-20 16:14:22,WARNING,auth,Failed login attempt for user_id=USR8403 (attempt 23/5)
LOG0006883,2026-02-20 16:16:42,ERROR,api_gateway,Upstream service inventory-service unreachable: connection timeout
LOG0002793,2026-02-20 16:18:06,ERROR,auth,Token validation failed: user_id=USR1897
LOG0002428,2026-02-20 16:25:02,INFO,auth,User registered successfully: user_id=USR1699
LOG0007070,2026-02-20 16:33:29,INFO,payment,Webhook received from payment provider: status=SUCCESS
LOG0005040,2026-02-20 16:42:01,WARNING,auth,Unusual login location detected: user_id=USR2071
LOG0004332,2026-02-20 16:42:37,WARNING,payment,Payment provider response slow: 4155ms
LOG0004186,2026-02-20 16:42:44,INFO,database,Query executed: SELECT users WHERE id=USR5755 (2039ms)
LOG0005615,2026-02-20 16:45:53,INFO,database,Index hit on table=products query (1342ms)
LOG0009664,2026-02-20 16:50:17,INFO,auth,User registered successfully: user_id=USR7006
LOG0006127,2026-02-20 17:13:02,INFO,payment,Currency conversion: USD→IDR for order_id=ORD39452
LOG0003838,2026-02-20 17:20:59,INFO,api_gateway,POST /api/v1/orders responded 201 in 3402ms
LOG0001147,2026-02-20 17:30:35,INFO,payment,"Payment processed: order_id=ORD15383 amount=Rp420,000"
LOG0009789,2026-02-20 17:49:13,INFO,auth,Token refreshed for user_id=USR8187
LOG0005875,2026-02-20 17:49:20,INFO,api_gateway,PUT /api/v1/profile responded 200 in 4075ms
LOG0007681,2026-02-20 18:01:43,INFO,payment,Payment gateway responded OK in 2433ms
LOG0007020,2026-02-20 18:03:58,INFO,database,Transaction committed: txn_id=TXN66833
LOG0007459,2026-02-20 18:06:20,WARNING,database,Table=orders approaching max size: 73% capacity
LOG0004761,2026-02-20 18:10:18,INFO,payment,Webhook received from payment provider: status=SUCCESS
LOG0003818,2026-02-20 18:14:54,INFO,api_gateway,Rate limit check passed for client_id=CLI419
LOG0004333,2026-02-20 18:22:32,INFO,api_gateway,GET /api/v1/users responded 200 in 3608ms
LOG0007381,2026-02-20 18:22:32,WARNING,auth,Password reset requested for user_id=USR6550
LOG0008622,2026-02-20 18:27:53,INFO,payment,Currency conversion: USD→IDR for order_id=ORD23976
LOG0000997,2026-02-20 18:32:56,INFO,api_gateway,GET /api/v1/users responded 200 in 169ms
LOG0003791,2026-02-20 18:35:30,INFO,payment,"Payment processed: order_id=ORD64160 amount=Rp1,725,000"
LOG0001144,2026-02-20 18:36:07,INFO,auth,User registered successfully: user_id=USR8351
LOG0002613,2026-02-20 18:45:51,INFO,api_gateway,POST /api/v1/orders responded 201 in 1111ms
LOG0000160,2026-02-20 18:46:14,INFO,database,Index hit on table=products query (3494ms)
LOG0008400,2026-02-20 18:49:55,WARNING,auth,Password reset requested for user_id=USR1854
LOG0004363,2026-02-20 18:50:26,INFO,database,Backup snapshot completed successfully
LOG0003265,2026-02-20 18:56:49,INFO,payment,Invoice generated: invoice_id=INV56511
LOG0004788,2026-02-20 19:03:51,INFO,payment,Payment gateway responded OK in 449ms
LOG0008563,2026-02-20 19:12:35,WARNING,auth,Unusual login location detected: user_id=USR2137
LOG0008681,2026-02-20 19:15:06,INFO,auth,Token refreshed for user_id=USR9904
LOG0007174,2026-02-20 19:22:25,ERROR,api_gateway,POST /api/v1/payment returned 500 after 330ms
LOG0009339,2026-02-20 19:26:48,ERROR,api_gateway,Circuit breaker OPEN for service: user-service
LOG0005957,2026-02-20 19:29:52,INFO,auth,2FA verification passed: user_id=USR8929
LOG0009445,2026-02-20 19:41:49,INFO,payment,Invoice generated: invoice_id=INV61949
LOG0000526,2026-02-20 19:45:57,INFO,auth,Token generated for user_id=USR4778
LOG0001864,2026-02-20 19:48:50,INFO,database,Index hit on table=products query (3970ms)
LOG0007212,2026-02-20 19:52:02,INFO,database,INSERT INTO orders completed (3860ms)
LOG0005077,2026-02-20 19:53:48,WARNING,database,Slow query detected: 3320ms on table=logs
LOG0009550,2026-02-20 19:54:04,INFO,auth,2FA verification passed: user_id=USR4696
LOG0003881,2026-02-20 20:03:47,WARNING,api_gateway,Slow response: GET /api/v1/reports took 4330ms
LOG0002361,2026-02-20 20:37:42,WARNING,database,Slow query detected: 937ms on table=logs
LOG0008862,2026-02-20 20:57:55,INFO,auth,User logout: user_id=USR1497
LOG0002817,2026-02-20 20:58:49,INFO,auth,2FA verification passed: user_id=USR8188
LOG0002668,2026-02-20 21:00:01,WARNING,database,Index miss on table=events: consider reindexing
LOG0002806,2026-02-20 21:16:41,WARNING,api_gateway,Deprecated endpoint called: /api/v0/users by client_id=CLI212
LOG0006775,2026-02-20 21:18:29,INFO,database,Query executed: SELECT users WHERE id=USR6847 (3811ms)
LOG0006180,2026-02-20 21:48:55,INFO,payment,Webhook received from payment provider: status=SUCCESS
LOG0007594,2026-02-20 21:58:58,WARNING,database,Connection pool usage high: 75/20 connections
LOG0008143,2026-02-20 22:06:50,WARNING,database,Table=orders approaching max size: 63% capacity
LOG0007133,2026-02-20 22:13:15,INFO,payment,Currency conversion: USD→IDR for order_id=ORD64894
LOG0005699,2026-02-20 22:23:16,INFO,payment,Invoice generated: invoice_id=INV58584
LOG0005652,2026-02-20 22:24:10,INFO,api_gateway,DELETE /api/v1/item/INV36492 responded 204 in 3613ms
LOG0003977,2026-02-20 22:38:03,INFO,auth,Session created: session_id=SESS92215
LOG0009620,2026-02-20 22:39:09,WARNING,database,Connection pool usage high: 54/20 connections
LOG0003744,2026-02-20 22:40:44,WARNING,payment,Card expiry warning for user_id=USR4557
LOG0003326,2026-02-20 22:53:49,INFO,payment,Webhook received from payment provider: status=SUCCESS
LOG0003819,2026-02-20 23:03:35,INFO,api_gateway,PUT /api/v1/profile responded 200 in 829ms
LOG0000729,2026-02-20 23:10:42,INFO,api_gateway,Request routed to service: order-service in 2806ms
LOG0007598,2026-02-20 23:10:45,INFO,api_gateway,GET /api/v1/users responded 200 in 1631ms
LOG0008098,2026-02-20 23:16:41,WARNING,api_gateway,Rate limit approaching for client_id=CLI538: 29/100 req/min
LOG0007982,2026-02-20 23:19:33,WARNING,auth,Failed login attempt for user_id=USR9368 (attempt 90/5)
LOG0004531,2026-02-20 23:25:01,ERROR,payment,Webhook delivery failed after 3 retries
LOG0008153,2026-02-20 23:27:42,INFO,database,Index hit on table=products query (852ms)
LOG0007683,2026-02-20 23:31:08,INFO,auth,Token generated for user_id=USR2222
LOG0000075,2026-02-20 23:32:57,INFO,database,Transaction committed: txn_id=TXN68318
LOG0005752,2026-02-20 23:34:38,INFO,database,Connection pool: 62/20 active connections
LOG0001405,2026-02-20 23:35:21,ERROR,auth,Token validation failed: user_id=USR4594
LOG0007101,2026-02-20 23:35:50,ERROR,database,Deadlock detected on table=orders: txn_id=TXN73229
LOG0001376,2026-02-21 00:00:30,INFO,api_gateway,GET /api/v1/products responded 200 in 4266ms
LOG0008049,2026-02-21 00:04:03,ERROR,auth,Account locked after 5 failed attempts: user_id=USR2043
LOG0008897,2026-02-21 00:04:13,WARNING,auth,Token expiring soon for user_id=USR9504
LOG0001580,2026-02-21 00:19:41,WARNING,payment,Payment provider response slow: 608ms
LOG0001232,2026-02-21 00:21:43,WARNING,payment,High transaction volume: 24 TPS (threshold: 50 TPS)
LOG0004583,2026-02-21 00:23:50,INFO,auth,User login successful: user_id=USR8967
LOG0003507,2026-02-21 00:31:55,INFO,database,INSERT INTO orders completed (21ms)
LOG0005480,2026-02-21 00:44:32,INFO,auth,Session created: session_id=SESS40711
LOG0004547,2026-02-21 00:46:43,WARNING,api_gateway,High latency detected on route /api/v1/search: 808ms
LOG0001206,2026-02-21 01:06:09,INFO,api_gateway,PUT /api/v1/profile responded 200 in 2648ms
LOG0001366,2026-02-21 01:07:15,INFO,api_gateway,Rate limit check passed for client_id=CLI548
LOG0002132,2026-02-21 01:07:22,INFO,database,Transaction committed: txn_id=TXN63199
LOG0001490,2026-02-21 01:09:19,INFO,auth,2FA verification passed: user_id=USR6525
LOG0000598,2026-02-21 01:16:43,ERROR,api_gateway,Invalid request schema on POST /api/v1/orders
LOG0003906,2026-02-21 01:19:01,INFO,payment,Currency conversion: USD→IDR for order_id=ORD40835
LOG0009975,2026-02-21 01:19:13,WARNING,api_gateway,Deprecated endpoint called: /api/v0/users by client_id=CLI302
LOG0000279,2026-02-21 01:39:48,INFO,api_gateway,POST /api/v1/orders responded 201 in 2023ms
LOG0004126,2026-02-21 01:40:51,ERROR,auth,Account locked after 5 failed attempts: user_id=USR1545
LOG0002012,2026-02-21 01:48:05,INFO,database,Backup snapshot completed successfully
LOG0004797,2026-02-21 01:51:04,WARNING,database,Long-running transaction detected: txn_id=TXN92112 (893ms)
LOG0007060,2026-02-21 01:51:38,INFO,payment,Currency conversion: USD→IDR for order_id=ORD84202
LOG0001701,2026-02-21 01:57:23,INFO,payment,Currency conversion: USD→IDR for order_id=ORD81756
LOG0006290,2026-02-21 02:02:22,INFO,database,Connection pool: 96/20 active connections
LOG0007901,2026-02-21 02:03:24,WARNING,payment,Payment retry attempt 90/3 for order_id=ORD84053
LOG0005901,2026-02-21 02:05:52,INFO,payment,Subscription renewed: user_id=USR5565
LOG0003351,2026-02-21 02:06:51,ERROR,auth,Token validation failed: user_id=USR6764
LOG0001716,2026-02-21 02:15:02,INFO,database,Transaction committed: txn_id=TXN67045
LOG0002434,2026-02-21 02:22:45,ERROR,auth,Account locked after 5 failed attempts: user_id=USR8975
LOG0008650,2026-02-21 02:23:23,INFO,auth,User logout: user_id=USR9983
LOG0000395,2026-02-21 02:39:42,INFO,api_gateway,GET /api/v1/users responded 200 in 3139ms
LOG0000930,2026-02-21 02:47:23,INFO,database,Index hit on table=products query (2060ms)
LOG0002637,2026-02-21 02:57:15,WARNING,api_gateway,High latency detected on route /api/v1/search: 552ms
LOG0005341,2026-02-21 03:03:45,INFO,auth,Token refreshed for user_id=USR2792
LOG0009710,2026-02-21 03:12:09,INFO,payment,Subscription renewed: user_id=USR8782
LOG0005665,2026-02-21 03:25:42,INFO,database,Transaction committed: txn_id=TXN16274
LOG0001114,2026-02-21 03:40:47,INFO,database,Index hit on table=products query (2499ms)
LOG0006138,2026-02-21 03:45:20,INFO,payment,"Payment processed: order_id=ORD66491 amount=Rp5,605,000"
LOG0001027,2026-02-21 03:53:14,INFO,auth,Password changed for user_id=USR9737
LOG0007627,2026-02-21 03:53:16,INFO,auth,Password changed for user_id=USR4226
LOG0006832,2026-02-21 04:00:40,ERROR,auth,Account locked after 5 failed attempts: user_id=USR9647
LOG0001627,2026-02-21 04:03:40,INFO,database,Query executed: SELECT users WHERE id=USR8660 (3432ms)
LOG0008501,2026-02-21 04:32:06,INFO,payment,Payment gateway responded OK in 3432ms
LOG0001977,2026-02-21 04:36:29,INFO,auth,Session created: session_id=SESS80536
LOG0004712,2026-02-21 04:44:56,WARNING,auth,Failed login attempt for user_id=USR1834 (attempt 93/5)
LOG0005613,2026-02-21 04:47:19,INFO,payment,Payment gateway responded OK in 528ms
LOG0009682,2026-02-21 04:52:22,WARNING,auth,Unusual login location detected: user_id=USR4237
LOG0002264,2026-02-21 04:59:25,INFO,api_gateway,Request routed to service: inventory-service in 1649ms
LOG0005564,2026-02-21 05:00:22,INFO,database,Index hit on table=products query (4183ms)
LOG0006031,2026-02-21 05:08:18,INFO,payment,Invoice generated: invoice_id=INV25869
LOG0007109,2026-02-21 05:19:35,INFO,payment,Currency conversion: USD→IDR for order_id=ORD27621
LOG0004670,2026-02-21 05:29:56,WARNING,api_gateway,High latency detected on route /api/v1/search: 4479ms
LOG0009146,2026-02-21 05:40:04,INFO,auth,2FA verification passed: user_id=USR6080
LOG0009514,2026-02-21 05:43:05,INFO,auth,Session created: session_id=SESS28732
LOG0001842,2026-02-21 05:46:30,INFO,database,Cache hit ratio: 30% for last 5 minutes
LOG0000618,2026-02-21 05:46:56,ERROR,auth,Account locked after 5 failed attempts: user_id=USR9343
LOG0005230,2026-02-21 05:51:33,WARNING,api_gateway,Deprecated endpoint called: /api/v0/users by client_id=CLI314
LOG0008900,2026-02-21 06:01:57,INFO,auth,Session created: session_id=SESS97212
LOG0006169,2026-02-21 06:13:04,INFO,database,Connection pool: 12/20 active connections
LOG0009835,2026-02-21 06:19:03,INFO,auth,User login successful: user_id=USR7187
LOG0003300,2026-02-21 06:22:27,WARNING,auth,Unusual login location detected: user_id=USR3953
LOG0005735,2026-02-21 06:32:31,INFO,payment,Invoice generated: invoice_id=INV66938
LOG0007580,2026-02-21 06:39:07,INFO,auth,Token generated for user_id=USR9109
LOG0004329,2026-02-21 06:40:04,WARNING,auth,Unusual login location detected: user_id=USR5113
LOG0007050,2026-02-21 06:51:15,INFO,payment,"Refund issued: order_id=ORD69970 amount=Rp8,677,000"
LOG0000370,2026-02-21 06:59:35,ERROR,database,Query failed: syntax error near 'SELCT'
LOG0005799,2026-02-21 07:00:38,INFO,database,Backup snapshot completed successfully
LOG0007479,2026-02-21 07:04:16,INFO,payment,Subscription renewed: user_id=USR3501
LOG0000587,2026-02-21 07:17:36,INFO,payment,Subscription renewed: user_id=USR8166
LOG0006500,2026-02-21 07:26:41,INFO,auth,Session created: session_id=SESS54957
LOG0008323,2026-02-21 07:27:08,INFO,api_gateway,POST /api/v1/orders responded 201 in 3647ms
LOG0000870,2026-02-21 07:37:32,INFO,auth,Token refreshed for user_id=USR5162
LOG0000335,2026-02-21 07:38:20,INFO,api_gateway,DELETE /api/v1/item/INV50615 responded 204 in 295ms
LOG0003483,2026-02-21 07:40:22,INFO,auth,2FA verification passed: user_id=USR9226
LOG0007299,2026-02-21 07:41:56,WARNING,database,Index miss on table=events: consider reindexing
LOG0009086,2026-02-21 07:42:32,INFO,api_gateway,GET /api/v1/products responded 200 in 1332ms
LOG0004938,2026-02-21 07:42:52,ERROR,api_gateway,Circuit breaker OPEN for service: order-service
LOG0006605,2026-02-21 07:55:37,INFO,auth,Token generated for user_id=USR8088
LOG0009533,2026-02-21 08:05:31,INFO,api_gateway,Rate limit check passed for client_id=CLI274
LOG0009233,2026-02-21 08:06:29,INFO,database,Backup snapshot completed successfully
LOG0003320,2026-02-21 08:06:55,INFO,database,Backup snapshot completed successfully
LOG0003596,2026-02-21 08:20:44,INFO,api_gateway,GET /api/v1/users responded 200 in 4199ms
LOG0008757,2026-02-21 08:20:56,INFO,database,Backup snapshot completed successfully
LOG0009316,2026-02-21 08:25:40,INFO,api_gateway,DELETE /api/v1/item/INV46867 responded 204 in 1832ms
LOG0006827,2026-02-21 08:27:07,INFO,payment,Subscription renewed: user_id=USR4864
LOG0000283,2026-02-21 08:27:38,INFO,auth,Token generated for user_id=USR6581
LOG0004943,2026-02-21 08:36:33,WARNING,api_gateway,Deprecated endpoint called: /api/v0/users by client_id=CLI499
LOG0008067,2026-02-21 08:41:54,INFO,database,Index hit on table=products query (439ms)
LOG0009285,2026-02-21 08:42:22,ERROR,database,Deadlock detected on table=orders: txn_id=TXN91727
LOG0007673,2026-02-21 08:53:31,INFO,api_gateway,GET /api/v1/products responded 200 in 4187ms
LOG0002710,2026-02-21 08:58:10,INFO,api_gateway,Request routed to service: inventory-service in 1802ms
LOG0005396,2026-02-21 09:05:45,INFO,database,Query executed: SELECT users WHERE id=USR4273 (1300ms)
LOG0007293,2026-02-21 09:17:01,INFO,payment,Invoice generated: invoice_id=INV25342
LOG0008358,2026-02-21 09:30:41,INFO,database,Index hit on table=products query (3118ms)
LOG0008574,2026-02-21 09:32:38,WARNING,api_gateway,Deprecated endpoint called: /api/v0/users by client_id=CLI138
LOG0007698,2026-02-21 09:42:22,INFO,database,Index hit on table=products query (838ms)
LOG0005444,2026-02-21 09:58:56,ERROR,auth,Invalid credentials for user_id=USR5487
LOG0009597,2026-02-21 10:02:54,INFO,auth,Session created: session_id=SESS20497
LOG0009078,2026-02-21 10:04:48,INFO,database,Index hit on table=products query (735ms)
LOG0004977,2026-02-21 10:06:36,INFO,payment,Payment gateway responded OK in 1425ms
LOG0008572,2026-02-21 10:12:51,INFO,database,Index hit on table=products query (2021ms)
LOG0004021,2026-02-21 10:15:36,INFO,database,INSERT INTO orders completed (706ms)
LOG0007469,2026-02-21 10:23:08,INFO,database,Cache hit ratio: 8% for last 5 minutes
LOG0003518,2026-02-21 10:27:18,INFO,api_gateway,PUT /api/v1/profile responded 200 in 3943ms
LOG0003324,2026-02-21 10:27:45,ERROR,auth,Invalid credentials for user_id=USR5040
LOG0006110,2026-02-21 10:44:38,INFO,database,INSERT INTO orders completed (3895ms)
LOG0007614,2026-02-21 10:50:56,WARNING,database,Index miss on table=events: consider reindexing
LOG0000440,2026-02-21 10:52:05,INFO,payment,Payment gateway responded OK in 2250ms
LOG0002643,2026-02-21 11:09:33,INFO,api_gateway,DELETE /api/v1/item/INV67721 responded 204 in 3225ms
LOG0009856,2026-02-21 11:18:26,INFO,payment,"Payment processed: order_id=ORD84562 amount=Rp1,118,000"
LOG0001804,2026-02-21 11:21:08,WARNING,auth,Unusual login location detected: user_id=USR5225
LOG0004963,2026-02-21 11:21:21,INFO,api_gateway,POST /api/v1/orders responded 201 in 1718ms
LOG0003846,2026-02-21 11:24:44,INFO,auth,User logout: user_id=USR2124
LOG0006152,2026-02-21 11:25:10,INFO,auth,Session created: session_id=SESS47488
LOG0003811,2026-02-21 11:32:18,INFO,api_gateway,POST /api/v1/orders responded 201 in 155ms
LOG0001153,2026-02-21 11:38:38,INFO,payment,"Payment processed: order_id=ORD78037 amount=Rp4,029,000"
LOG0006355,2026-02-21 11:40:29,INFO,api_gateway,GET /api/v1/users responded 200 in 3423ms
LOG0009941,2026-02-21 11:41:49,ERROR,auth,Session expired: user_id=USR6236
LOG0001241,2026-02-21 11:48:46,INFO,api_gateway,GET /api/v1/products responded 200 in 588ms
LOG0009131,2026-02-21 11:55:53,INFO,payment,Currency conversion: USD→IDR for order_id=ORD85919
LOG0005794,2026-02-21 12:17:25,INFO,api_gateway,DELETE /api/v1/item/INV31889 responded 204 in 369ms
LOG0002154,2026-02-21 12:24:12,WARNING,auth,Failed login attempt for user_id=USR5263 (attempt 91/5)
LOG0009863,2026-02-21 12:27:37,WARNING,database,Index miss on table=events: consider reindexing
LOG0004932,2026-02-21 12:28:36,INFO,payment,Currency conversion: USD→IDR for order_id=ORD25096
LOG0003725,2026-02-21 12:29:09,WARNING,api_gateway,Deprecated endpoint called: /api/v0/users by client_id=CLI823
LOG0003822,2026-02-21 12:30:28,INFO,auth,User logout: user_id=USR7066
LOG0009966,2026-02-21 12:33:54,INFO,api_gateway,DELETE /api/v1/item/INV72585 responded 204 in 3809ms
LOG0004700,2026-02-21 12:34:16,WARNING,auth,Token expiring soon for user_id=USR3617
LOG0004808,2026-02-21 12:34:58,INFO,api_gateway,Rate limit check passed for client_id=CLI193
LOG0008631,2026-02-21 12:39:24,INFO,api_gateway,PUT /api/v1/profile responded 200 in 661ms
LOG0005297,2026-02-21 12:46:57,INFO,database,Cache hit ratio: 96% for last 5 minutes
LOG0009669,2026-02-21 12:47:46,WARNING,database,Connection pool usage high: 29/20 connections
LOG0000755,2026-02-21 12:58:28,INFO,database,Connection pool: 17/20 active connections
LOG0004552,2026-02-21 12:59:24,INFO,api_gateway,DELETE /api/v1/item/INV98804 responded 204 in 1067ms
LOG0001414,2026-02-21 12:59:26,WARNING,payment,Payment retry attempt 81/3 for order_id=ORD89551
LOG0000322,2026-02-21 12:59:59,INFO,database,Connection pool: 98/20 active connections
LOG0002585,2026-02-21 13:03:45,WARNING,auth,Unusual login location detected: user_id=USR3932
LOG0003515,2026-02-21 13:07:46,INFO,auth,Token generated for user_id=USR3511
LOG0008629,2026-02-21 13:08:40,WARNING,database,Table=orders approaching max size: 37% capacity
LOG0000278,2026-02-21 13:11:58,INFO,database,INSERT INTO orders completed (4365ms)
LOG0009778,2026-02-21 13:18:56,INFO,database,Query executed: SELECT users WHERE id=USR5519 (1024ms)
LOG0008936,2026-02-21 13:20:13,INFO,api_gateway,POST /api/v1/orders responded 201 in 3635ms
LOG0006598,2026-02-21 13:22:48,INFO,database,Backup snapshot completed successfully
LOG0005108,2026-02-21 13:29:22,INFO,auth,Token refreshed for user_id=USR2964
LOG0003277,2026-02-21 13:30:11,WARNING,api_gateway,Retry attempt 62 for downstream service inventory-service
LOG0005826,2026-02-21 13:31:49,WARNING,auth,Unusual login location detected: user_id=USR6470
LOG0009762,2026-02-21 13:41:22,INFO,auth,Token refreshed for user_id=USR8181
LOG0006457,2026-02-21 13:43:37,WARNING,auth,Failed login attempt for user_id=USR6128 (attempt 21/5)
LOG0007222,2026-02-21 13:52:58,WARNING,payment,High transaction volume: 46 TPS (threshold: 50 TPS)
LOG0003334,2026-02-21 13:55:58,ERROR,database,Disk usage critical: 92% on /var/lib/postgres
LOG0001954,2026-02-21 14:00:30,WARNING,payment,Payment provider response slow: 1734ms
LOG0004529,2026-02-21 14:07:10,INFO,api_gateway,Request routed to service: user-service in 525ms
LOG0007927,2026-02-21 14:08:02,ERROR,api_gateway,Circuit breaker OPEN for service: inventory-service
LOG0008331,2026-02-21 14:10:55,INFO,auth,Password changed for user_id=USR5585
LOG0003782,2026-02-21 14:11:03,INFO,auth,User registered successfully: user_id=USR8053
LOG0005360,2026-02-21 14:13:00,INFO,api_gateway,Request routed to service: inventory-service in 4298ms
LOG0003496,2026-02-21 14:13:05,INFO,api_gateway,Request routed to service: user-service in 2053ms
LOG0009240,2026-02-21 14:19:23,INFO,payment,"Refund issued: order_id=ORD60363 amount=Rp1,808,000"
LOG0004931,2026-02-21 14:21:14,ERROR,payment,Fraud detection triggered: order_id=ORD95673
LOG0003456,2026-02-21 14:23:26,INFO,payment,Subscription renewed: user_id=USR9006
LOG0001996,2026-02-21 14:30:03,INFO,auth,Token refreshed for user_id=USR8811
LOG0007366,2026-02-21 14:34:27,ERROR,auth,Session expired: user_id=USR9732
LOG0001455,2026-02-21 14:37:16,WARNING,api_gateway,Rate limit approaching for client_id=CLI223: 87/100 req/min
LOG0000910,2026-02-21 14:43:29,INFO,payment,Subscription renewed: user_id=USR7488
LOG0002582,2026-02-21 14:45:25,INFO,auth,Token generated for user_id=USR7281
LOG0003648,2026-02-21 14:48:28,INFO,database,INSERT INTO orders completed (2319ms)
LOG0006373,2026-02-21 14:50:28,WARNING,auth,Failed login attempt for user_id=USR2874 (attempt 55/5)
LOG0006123,2026-02-21 14:53:54,INFO,database,INSERT INTO orders completed (1742ms)
LOG0005520,2026-02-21 14:54:16,INFO,auth,2FA verification passed: user_id=USR1196
LOG0007081,2026-02-21 14:57:49,INFO,api_gateway,Rate limit check passed for client_id=CLI767
LOG0000776,2026-02-21 15:06:41,INFO,api_gateway,POST /api/v1/orders responded 201 in 4493ms
LOG0007390,2026-02-21 15:07:32,INFO,api_gateway,POST /api/v1/orders responded 201 in 1601ms
LOG0004049,2026-02-21 15:07:36,ERROR,auth,JWT signature mismatch for user_id=USR3541
LOG0001935,2026-02-21 15:14:41,WARNING,payment,Card expiry warning for user_id=USR1775
LOG0006560,2026-02-21 15:31:38,WARNING,auth,Password reset requested for user_id=USR2482
LOG0005121,2026-02-21 15:33:21,INFO,payment,"Payment processed: order_id=ORD92972 amount=Rp7,991,000"
LOG0000584,2026-02-21 15:33:52,INFO,api_gateway,GET /api/v1/products responded 200 in 2502ms
LOG0007120,2026-02-21 15:34:50,INFO,database,Query executed: SELECT users WHERE id=USR9816 (482ms)
LOG0006073,2026-02-21 15:41:35,INFO,payment,Currency conversion: USD→IDR for order_id=ORD20427
LOG0002739,2026-02-21 15:41:57,WARNING,api_gateway,Deprecated endpoint called: /api/v0/users by client_id=CLI714
LOG0004153,2026-02-21 15:53:45,INFO,api_gateway,POST /api/v1/orders responded 201 in 4130ms
LOG0004821,2026-02-21 15:54:26,ERROR,payment,Payment gateway timeout after 80ms: order_id=ORD94503
LOG0004722,2026-02-21 15:57:17,INFO,api_gateway,Rate limit check passed for client_id=CLI909
LOG0002219,2026-02-21 16:12:59,INFO,auth,Session created: session_id=SESS97836
LOG0009540,2026-02-21 16:20:59,ERROR,payment,Payment failed: order_id=ORD42417 reason=insufficient_funds
LOG0007260,2026-02-21 16:21:59,INFO,auth,Token generated for user_id=USR9234
LOG0000918,2026-02-21 16:28:06,INFO,auth,User logout: user_id=USR7223
LOG0001621,2026-02-21 16:30:27,INFO,database,Backup snapshot completed successfully
LOG0000680,2026-02-21 16:36:20,INFO,database,Backup snapshot completed successfully
LOG0003325,2026-02-21 16:39:23,WARNING,api_gateway,Retry attempt 48 for downstream service order-service
LOG0002826,2026-02-21 16:39:30,WARNING,payment,High transaction volume: 10 TPS (threshold: 50 TPS)
LOG0002423,2026-02-21 16:48:55,WARNING,auth,Password reset requested for user_id=USR4282
LOG0005254,2026-02-21 16:51:34,INFO,auth,User logout: user_id=USR1332
LOG0009678,2026-02-21 17:01:55,INFO,api_gateway,DELETE /api/v1/item/INV84833 responded 204 in 3125ms
LOG0003628,2026-02-21 17:06:50,INFO,auth,User logout: user_id=USR4403
LOG0009547,2026-02-21 17:07:01,INFO,api_gateway,PUT /api/v1/profile responded 200 in 568ms
LOG0007331,2026-02-21 17:14:44,WARNING,database,Table=orders approaching max size: 78% capacity
LOG0001028,2026-02-21 17:34:48,ERROR,auth,Invalid credentials for user_id=USR2712
LOG0008195,2026-02-21 17:35:23,INFO,auth,User logout: user_id=USR8931
LOG0003137,2026-02-21 17:35:40,WARNING,database,Slow query detected: 4171ms on table=logs
LOG0004184,2026-02-21 17:36:57,ERROR,api_gateway,Rate limit exceeded for client_id=CLI703
LOG0003678,2026-02-21 17:38:40,INFO,api_gateway,Rate limit check passed for client_id=CLI954
LOG0002081,2026-02-21 17:38:48,INFO,auth,Session created: session_id=SESS75031
LOG0006690,2026-02-21 17:46:06,INFO,payment,Currency conversion: USD→IDR for order_id=ORD66192
LOG0004316,2026-02-21 17:53:46,INFO,api_gateway,GET /api/v1/users responded 200 in 3642ms
LOG0007437,2026-02-21 18:00:44,INFO,database,INSERT INTO orders completed (1714ms)
LOG0003544,2026-02-21 18:04:37,INFO,database,Transaction committed: txn_id=TXN68762
LOG0004359,2026-02-21 18:15:12,INFO,api_gateway,GET /api/v1/users responded 200 in 2652ms
LOG0001429,2026-02-21 18:22:57,WARNING,api_gateway,High latency detected on route /api/v1/search: 2082ms
LOG0006297,2026-02-21 18:27:42,INFO,payment,Subscription renewed: user_id=USR1729
LOG0005883,2026-02-21 18:27:46,ERROR,api_gateway,Circuit breaker OPEN for service: inventory-service
LOG0003304,2026-02-21 18:31:11,INFO,database,Cache hit ratio: 26% for last 5 minutes
LOG0004978,2026-02-21 18:51:08,ERROR,database,Query failed: syntax error near 'SELCT'
LOG0003884,2026-02-21 18:58:25,INFO,auth,User registered successfully: user_id=USR1907
LOG0009268,2026-02-21 18:58:54,INFO,database,Connection pool: 46/20 active connections
LOG0002422,2026-02-21 19:02:55,INFO,payment,"Payment processed: order_id=ORD71193 amount=Rp5,448,000"
LOG0002597,2026-02-21 19:05:13,INFO,auth,Token generated for user_id=USR7676
LOG0008795,2026-02-21 19:06:19,WARNING,api_gateway,Deprecated endpoint called: /api/v0/users by client_id=CLI726
LOG0000467,2026-02-21 19:10:39,INFO,auth,2FA verification passed: user_id=USR3249
LOG0002091,2026-02-21 19:12:32,INFO,database,Cache hit ratio: 91% for last 5 minutes
LOG0007971,2026-02-21 19:29:08,INFO,database,INSERT INTO orders completed (2877ms)
LOG0008851,2026-02-21 19:30:24,INFO,database,Connection pool: 22/20 active connections
LOG0006427,2026-02-21 19:32:34,INFO,payment,"Refund issued: order_id=ORD39697 amount=Rp687,000"
LOG0000717,2026-02-21 19:37:52,WARNING,auth,Unusual login location detected: user_id=USR8282
LOG0006350,2026-02-21 19:46:54,INFO,payment,Currency conversion: USD→IDR for order_id=ORD72173
LOG0005229,2026-02-21 19:51:24,INFO,database,Index hit on table=products query (487ms)
LOG0001483,2026-02-21 19:52:58,INFO,payment,Subscription renewed: user_id=USR1652
LOG0000593,2026-02-21 20:15:06,INFO,database,Cache hit ratio: 67% for last 5 minutes
LOG0005127,2026-02-21 20:15:55,INFO,payment,Webhook received from payment provider: status=SUCCESS
LOG0000326,2026-02-21 20:32:35,INFO,api_gateway,DELETE /api/v1/item/INV36212 responded 204 in 1621ms
LOG0002450,2026-02-21 20:38:16,INFO,auth,User registered successfully: user_id=USR3277
LOG0006881,2026-02-21 20:41:40,WARNING,auth,Multiple sessions detected for user_id=USR4706
LOG0002185,2026-02-21 20:41:50,INFO,auth,Token generated for user_id=USR5483
LOG0008281,2026-02-21 20:46:31,INFO,database,Cache hit ratio: 76% for last 5 minutes
LOG0005296,2026-02-21 20:47:36,WARNING,auth,Token expiring soon for user_id=USR9557
LOG0006308,2026-02-21 20:50:04,INFO,api_gateway,Request routed to service: inventory-service in 2122ms
LOG0009842,2026-02-21 20:50:51,INFO,database,Backup snapshot completed successfully
LOG0006011,2026-02-21 20:57:02,INFO,payment,Invoice generated: invoice_id=INV16831
LOG0004805,2026-02-21 20:58:17,INFO,database,Connection pool: 7/20 active connections
LOG0008895,2026-02-21 21:00:56,INFO,auth,Session created: session_id=SESS72283
LOG0001020,2026-02-21 21:17:42,WARNING,auth,Token expiring soon for user_id=USR5587
LOG0001574,2026-02-21 21:18:09,INFO,database,INSERT INTO orders completed (3355ms)
LOG0004972,2026-02-21 21:19:22,INFO,database,INSERT INTO orders completed (4102ms)
LOG0003374,2026-02-21 21:20:17,INFO,payment,"Refund issued: order_id=ORD70612 amount=Rp113,000"
LOG0003056,2026-02-21 21:32:02,INFO,database,Connection pool: 38/20 active connections
LOG0002691,2026-02-21 21:32:23,INFO,database,Backup snapshot completed successfully
LOG0006036,2026-02-21 21:37:36,WARNING,api_gateway,Retry attempt 94 for downstream service inventory-service
LOG0001889,2026-02-21 21:38:03,INFO,api_gateway,Rate limit check passed for client_id=CLI490
LOG0004942,2026-02-21 21:52:12,INFO,api_gateway,PUT /api/v1/profile responded 200 in 3619ms
LOG0004663,2026-02-21 21:58:30,INFO,database,Index hit on table=products query (2460ms)
LOG0005736,2026-02-21 22:03:01,ERROR,api_gateway,Circuit breaker OPEN for service: order-service
LOG0004319,2026-02-21 22:03:12,WARNING,payment,Suspicious transaction flagged: order_id=ORD50635
LOG0001446,2026-02-21 22:11:00,ERROR,auth,Invalid credentials for user_id=USR9743
LOG0004120,2026-02-21 22:12:34,WARNING,payment,Payment retry attempt 55/3 for order_id=ORD52862
LOG0004352,2026-02-21 22:14:33,WARNING,database,Connection pool usage high: 98/20 connections
LOG0006621,2026-02-21 22:27:56,INFO,payment,Subscription renewed: user_id=USR7222
LOG0007959,2026-02-21 22:35:06,INFO,auth,User logout: user_id=USR5143
LOG0004525,2026-02-21 22:41:33,INFO,api_gateway,PUT /api/v1/profile responded 200 in 3816ms
LOG0001585,2026-02-21 22:49:39,WARNING,api_gateway,Rate limit approaching for client_id=CLI452: 65/100 req/min
LOG0002248,2026-02-21 22:52:03,WARNING,auth,Unusual login location detected: user_id=USR9914
LOG0004766,2026-02-21 22:59:39,WARNING,payment,Payment retry attempt 93/3 for order_id=ORD48179
LOG0002239,2026-02-21 23:00:22,INFO,database,Cache hit ratio: 42% for last 5 minutes
LOG0002901,2026-02-21 23:03:01,INFO,api_gateway,DELETE /api/v1/item/INV49239 responded 204 in 1985ms
LOG0002310,2026-02-21 23:09:36,INFO,api_gateway,GET /api/v1/users responded 200 in 165ms
LOG0000060,2026-02-21 23:11:04,INFO,payment,Webhook received from payment provider: status=SUCCESS
LOG0009278,2026-02-21 23:14:19,INFO,api_gateway,Request routed to service: inventory-service in 4156ms
LOG0002205,2026-02-21 23:19:52,INFO,api_gateway,Rate limit check passed for client_id=CLI675
LOG0003800,2026-02-21 23:21:37,INFO,database,Cache hit ratio: 20% for last 5 minutes
LOG0002022,2026-02-21 23:22:07,INFO,payment,Subscription renewed: user_id=USR6407
LOG0006087,2026-02-21 23:22:42,INFO,api_gateway,Request routed to service: inventory-service in 4204ms
LOG0004340,2026-02-21 23:24:09,INFO,auth,User login successful: user_id=USR7586
LOG0002295,2026-02-21 23:26:14,WARNING,api_gateway,Retry attempt 13 for downstream service user-service
LOG0002773,2026-02-21 23:26:41,INFO,payment,Invoice generated: invoice_id=INV87557
LOG0005279,2026-02-21 23:27:03,INFO,api_gateway,PUT /api/v1/profile responded 200 in 1609ms
LOG0004918,2026-02-21 23:28:42,INFO,api_gateway,PUT /api/v1/profile responded 200 in 1954ms
LOG0006639,2026-02-21 23:28:46,WARNING,auth,Token expiring soon for user_id=USR9436
LOG0009357,2026-02-21 23:40:21,INFO,api_gateway,Rate limit check passed for client_id=CLI464
LOG0001921,2026-02-21 23:42:25,INFO,database,Transaction committed: txn_id=TXN24865
LOG0000530,2026-02-21 23:45:55,INFO,auth,User logout: user_id=USR8305
LOG0009256,2026-02-22 00:08:22,INFO,api_gateway,Request routed to service: user-service in 2917ms
LOG0006601,2026-02-22 00:10:05,INFO,auth,2FA verification passed: user_id=USR2875
LOG0003566,2026-02-22 00:24:07,INFO,auth,2FA verification passed: user_id=USR7093
LOG0007214,2026-02-22 00:25:41,WARNING,payment,High transaction volume: 22 TPS (threshold: 50 TPS)
LOG0007596,2026-02-22 00:25:53,WARNING,payment,Payment retry attempt 91/3 for order_id=ORD47559
LOG0002961,2026-02-22 00:28:40,INFO,api_gateway,Rate limit check passed for client_id=CLI125
LOG0006809,2026-02-22 00:34:59,INFO,payment,Invoice generated: invoice_id=INV42260
LOG0007531,2026-02-22 00:36:21,WARNING,payment,Card expiry warning for user_id=USR1749
LOG0005358,2026-02-22 00:45:04,ERROR,payment,Payment gateway timeout after 2394ms: order_id=ORD34146
LOG0008575,2026-02-22 00:45:30,INFO,api_gateway,Rate limit check passed for client_id=CLI386
LOG0008109,2026-02-22 00:50:57,INFO,auth,User logout: user_id=USR7828
LOG0008209,2026-02-22 01:05:57,INFO,database,Cache hit ratio: 65% for last 5 minutes
LOG0001160,2026-02-22 01:16:07,INFO,api_gateway,GET /api/v1/products responded 200 in 3461ms
LOG0001034,2026-02-22 01:20:13,ERROR,api_gateway,POST /api/v1/payment returned 500 after 1137ms
LOG0006056,2026-02-22 01:24:32,INFO,auth,User registered successfully: user_id=USR5479
LOG0005539,2026-02-22 01:25:13,INFO,api_gateway,Rate limit check passed for client_id=CLI487
LOG0003646,2026-02-22 01:26:43,ERROR,payment,Payment gateway timeout after 4026ms: order_id=ORD75617
LOG0007486,2026-02-22 01:27:26,INFO,payment,Invoice generated: invoice_id=INV70197
LOG0003526,2026-02-22 01:38:03,WARNING,auth,Failed login attempt for user_id=USR8450 (attempt 79/5)
LOG0005700,2026-02-22 01:41:06,WARNING,payment,Payment retry attempt 77/3 for order_id=ORD97664
LOG0001001,2026-02-22 01:44:42,INFO,auth,2FA verification passed: user_id=USR1097
LOG0003555,2026-02-22 01:46:57,INFO,auth,User login successful: user_id=USR2215
LOG0005184,2026-02-22 01:47:48,ERROR,database,Connection timeout to primary DB host
LOG0008356,2026-02-22 01:54:18,WARNING,api_gateway,Retry attempt 72 for downstream service order-service
LOG0003967,2026-02-22 01:56:49,WARNING,auth,Failed login attempt for user_id=USR1253 (attempt 48/5)
LOG0006797,2026-02-22 01:57:55,INFO,database,Cache hit ratio: 80% for last 5 minutes
LOG0008787,2026-02-22 01:58:08,INFO,auth,Password changed for user_id=USR4323
LOG0006931,2026-02-22 01:59:32,INFO,payment,Invoice generated: invoice_id=INV60236
LOG0007011,2026-02-22 02:08:17,INFO,payment,"Refund issued: order_id=ORD47261 amount=Rp5,265,000"
LOG0007465,2026-02-22 02:14:50,INFO,auth,User logout: user_id=USR7843
LOG0004912,2026-02-22 02:21:33,INFO,database,Query executed: SELECT users WHERE id=USR7294 (2539ms)
LOG0005807,2026-02-22 02:41:07,INFO,api_gateway,GET /api/v1/products responded 200 in 1665ms
LOG0009939,2026-02-22 02:54:48,ERROR,api_gateway,Circuit breaker OPEN for service: inventory-service
LOG0001903,2026-02-22 02:56:17,INFO,database,Cache hit ratio: 5% for last 5 minutes
LOG0003458,2026-02-22 02:56:46,ERROR,database,Replication lag exceeded threshold: 1622ms behind primary
LOG0000012,2026-02-22 03:02:15,ERROR,database,Disk usage critical: 86% on /var/lib/postgres
LOG0002537,2026-02-22 03:05:36,INFO,payment,Currency conversion: USD→IDR for order_id=ORD76094
LOG0001688,2026-02-22 03:05:57,INFO,auth,User logout: user_id=USR5725
LOG0004834,2026-02-22 03:06:32,WARNING,payment,Payment provider response slow: 2768ms
LOG0005219,2026-02-22 03:07:36,INFO,api_gateway,DELETE /api/v1/item/INV78048 responded 204 in 4432ms
LOG0005528,2026-02-22 03:10:21,INFO,auth,User login successful: user_id=USR9743
LOG0000102,2026-02-22 03:13:10,WARNING,auth,Token expiring soon for user_id=USR4941
LOG0004160,2026-02-22 03:14:02,INFO,database,Cache hit ratio: 66% for last 5 minutes
LOG0008537,2026-02-22 03:16:06,WARNING,payment,Payment retry attempt 61/3 for order_id=ORD61856
LOG0001201,2026-02-22 03:18:38,INFO,payment,Payment gateway responded OK in 3020ms
LOG0004864,2026-02-22 03:18:53,INFO,payment,Subscription renewed: user_id=USR4174
LOG0009926,2026-02-22 03:19:08,INFO,api_gateway,Request routed to service: order-service in 4073ms
LOG0007749,2026-02-22 03:22:03,INFO,database,Connection pool: 46/20 active connections
LOG0003692,2026-02-22 03:22:42,INFO,auth,Token generated for user_id=USR4568
LOG0002440,2026-02-22 03:23:02,INFO,database,Query executed: SELECT users WHERE id=USR9951 (1947ms)
LOG0005020,2026-02-22 03:29:16,INFO,database,Backup snapshot completed successfully
LOG0001122,2026-02-22 03:29:49,INFO,auth,User login successful: user_id=USR7346
LOG0005841,2026-02-22 03:30:05,INFO,payment,Currency conversion: USD→IDR for order_id=ORD46252
LOG0001941,2026-02-22 03:32:21,INFO,database,Query executed: SELECT users WHERE id=USR1180 (817ms)
LOG0000285,2026-02-22 03:32:25,ERROR,auth,Token validation failed: user_id=USR9620
LOG0007034,2026-02-22 03:33:37,ERROR,api_gateway,Rate limit exceeded for client_id=CLI496
LOG0005087,2026-02-22 03:36:45,INFO,api_gateway,Rate limit check passed for client_id=CLI427
LOG0003585,2026-02-22 03:39:56,INFO,database,Query executed: SELECT users WHERE id=USR7914 (2343ms)
LOG0008765,2026-02-22 03:47:23,INFO,payment,"Refund issued: order_id=ORD35455 amount=Rp1,003,000"
LOG0000052,2026-02-22 03:50:46,INFO,payment,Currency conversion: USD→IDR for order_id=ORD41280
LOG0000372,2026-02-22 03:58:16,INFO,auth,User registered successfully: user_id=USR2089
LOG0000782,2026-02-22 04:07:51,WARNING,auth,Token expiring soon for user_id=USR5179
LOG0008727,2026-02-22 04:10:32,INFO,payment,Currency conversion: USD→IDR for order_id=ORD57251
LOG0003667,2026-02-22 04:22:45,INFO,api_gateway,Request routed to service: user-service in 3465ms
LOG0002847,2026-02-22 04:24:58,INFO,api_gateway,GET /api/v1/users responded 200 in 4085ms
LOG0001008,2026-02-22 04:26:10,ERROR,api_gateway,Invalid request schema on POST /api/v1/orders
LOG0002094,2026-02-22 04:30:49,WARNING,auth,Unusual login location detected: user_id=USR6483
LOG0002309,2026-02-22 04:31:29,INFO,api_gateway,GET /api/v1/products responded 200 in 4231ms
LOG0008414,2026-02-22 04:37:14,INFO,api_gateway,GET /api/v1/products responded 200 in 1051ms
LOG0001491,2026-02-22 04:38:56,INFO,auth,Token generated for user_id=USR1522
LOG0001048,2026-02-22 04:45:58,INFO,database,Index hit on table=products query (2051ms)
LOG0000583,2026-02-22 04:46:17,INFO,database,Index hit on table=products query (2629ms)
LOG0002569,2026-02-22 04:49:49,WARNING,database,Connection pool usage high: 51/20 connections
LOG0004339,2026-02-22 04:52:10,INFO,payment,"Refund issued: order_id=ORD85988 amount=Rp6,805,000"
LOG0009531,2026-02-22 04:54:06,ERROR,payment,Fraud detection triggered: order_id=ORD97833
LOG0001530,2026-02-22 04:57:05,INFO,payment,Payment gateway responded OK in 4102ms
LOG0005740,2026-02-22 04:59:36,INFO,payment,Subscription renewed: user_id=USR3555
LOG0006629,2026-02-22 05:01:49,WARNING,payment,Suspicious transaction flagged: order_id=ORD82266
LOG0007812,2026-02-22 05:03:51,INFO,auth,Token generated for user_id=USR7574
LOG0009723,2026-02-22 05:06:06,INFO,payment,Subscription renewed: user_id=USR4278
LOG0009949,2026-02-22 05:06:14,WARNING,auth,Password reset requested for user_id=USR9041
LOG0006885,2026-02-22 05:08:39,WARNING,payment,Suspicious transaction flagged: order_id=ORD46993
LOG0004129,2026-02-22 05:23:12,WARNING,api_gateway,Slow response: GET /api/v1/reports took 2882ms
LOG0006050,2026-02-22 05:26:10,WARNING,database,Long-running transaction detected: txn_id=TXN92034 (350ms)
LOG0004759,2026-02-22 05:33:30,INFO,payment,Currency conversion: USD→IDR for order_id=ORD12471
LOG0008590,2026-02-22 05:39:07,INFO,auth,Password changed for user_id=USR1594
LOG0009025,2026-02-22 05:40:12,INFO,api_gateway,GET /api/v1/products responded 200 in 928ms
LOG0009192,2026-02-22 05:40:43,WARNING,database,Index miss on table=events: consider reindexing
LOG0002080,2026-02-22 05:42:50,ERROR,auth,Account locked after 5 failed attempts: user_id=USR8197
LOG0008810,2026-02-22 05:43:21,INFO,auth,Token refreshed for user_id=USR1280
LOG0009170,2026-02-22 05:44:54,INFO,api_gateway,GET /api/v1/users responded 200 in 1557ms
LOG0004334,2026-02-22 05:45:49,INFO,auth,Token generated for user_id=USR3408
LOG0005610,2026-02-22 05:49:58,INFO,auth,User registered successfully: user_id=USR8688
LOG0006691,2026-02-22 05:50:47,INFO,database,Transaction committed: txn_id=TXN95639
LOG0000025,2026-02-22 05:52:38,INFO,api_gateway,PUT /api/v1/profile responded 200 in 3668ms
LOG0000818,2026-02-22 05:55:11,INFO,api_gateway,POST /api/v1/orders responded 201 in 214ms
LOG0005716,2026-02-22 05:55:31,INFO,database,Query executed: SELECT users WHERE id=USR6431 (3133ms)
LOG0004410,2026-02-22 06:01:52,INFO,auth,User logout: user_id=USR6345
LOG0004865,2026-02-22 06:02:02,INFO,database,Connection pool: 32/20 active connections
LOG0005032,2026-02-22 06:06:24,INFO,api_gateway,POST /api/v1/orders responded 201 in 3785ms
LOG0007758,2026-02-22 06:06:45,INFO,api_gateway,Rate limit check passed for client_id=CLI105
LOG0005953,2026-02-22 06:07:13,INFO,database,Index hit on table=products query (412ms)
LOG0005007,2026-02-22 06:08:04,INFO,database,INSERT INTO orders completed (1925ms)
LOG0007711,2026-02-22 06:14:12,INFO,auth,Session created: session_id=SESS39618
LOG0009087,2026-02-22 06:15:47,INFO,database,Backup snapshot completed successfully
LOG0008139,2026-02-22 06:17:45,INFO,database,Connection pool: 11/20 active connections
LOG0007291,2026-02-22 06:20:16,INFO,payment,Currency conversion: USD→IDR for order_id=ORD27567
LOG0008775,2026-02-22 06:20:34,ERROR,api_gateway,Rate limit exceeded for client_id=CLI935
LOG0001172,2026-02-22 06:25:20,INFO,api_gateway,DELETE /api/v1/item/INV15982 responded 204 in 3085ms
LOG0000314,2026-02-22 06:27:47,INFO,api_gateway,GET /api/v1/products responded 200 in 4430ms
LOG0005981,2026-02-22 06:30:12,INFO,api_gateway,POST /api/v1/orders responded 201 in 417ms
LOG0000078,2026-02-22 06:32:59,INFO,payment,"Payment processed: order_id=ORD76475 amount=Rp2,136,000"
LOG0000245,2026-02-22 06:36:45,WARNING,payment,Payment provider response slow: 4131ms
LOG0004734,2026-02-22 06:58:36,INFO,api_gateway,DELETE /api/v1/item/INV85503 responded 204 in 3225ms
LOG0005641,2026-02-22 07:03:45,ERROR,auth,Invalid credentials for user_id=USR4015
LOG0005244,2026-02-22 07:06:36,INFO,auth,Password changed for user_id=USR3956
LOG0003542,2026-02-22 07:06:49,INFO,payment,"Payment processed: order_id=ORD64696 amount=Rp6,625,000"
LOG0007931,2026-02-22 07:08:35,INFO,database,Index hit on table=products query (4446ms)
LOG0005221,2026-02-22 07:16:58,INFO,database,Query executed: SELECT users WHERE id=USR2449 (3853ms)
LOG0006538,2026-02-22 07:17:17,INFO,api_gateway,Rate limit check passed for client_id=CLI664
LOG0003202,2026-02-22 07:32:56,INFO,database,Cache hit ratio: 14% for last 5 minutes
LOG0009441,2026-02-22 07:34:00,INFO,payment,Invoice generated: invoice_id=INV98203
LOG0004577,2026-02-22 07:36:49,INFO,auth,User login successful: user_id=USR7219
LOG0001242,2026-02-22 07:37:54,INFO,database,Transaction committed: txn_id=TXN59945
LOG0005694,2026-02-22 07:42:47,INFO,auth,User login successful: user_id=USR8031
LOG0001611,2026-02-22 07:48:33,INFO,api_gateway,DELETE /api/v1/item/INV68683 responded 204 in 4289ms
LOG0002756,2026-02-22 07:59:00,INFO,database,Query executed: SELECT users WHERE id=USR5742 (1095ms)
LOG0007870,2026-02-22 08:07:22,WARNING,payment,High transaction volume: 13 TPS (threshold: 50 TPS)
LOG0004653,2026-02-22 08:14:12,WARNING,payment,Payment retry attempt 2/3 for order_id=ORD40802
LOG0002511,2026-02-22 08:15:28,INFO,api_gateway,PUT /api/v1/profile responded 200 in 3892ms
LOG0007550,2026-02-22 08:24:44,INFO,database,Transaction committed: txn_id=TXN85175
LOG0008745,2026-02-22 08:30:36,INFO,auth,User registered successfully: user_id=USR5292
LOG0006490,2026-02-22 08:35:19,WARNING,api_gateway,Rate limit approaching for client_id=CLI476: 71/100 req/min
LOG0001628,2026-02-22 08:39:49,INFO,payment,Webhook received from payment provider: status=SUCCESS
LOG0005685,2026-02-22 08:50:25,INFO,database,Connection pool: 45/20 active connections
LOG0002253,2026-02-22 08:53:31,INFO,payment,Subscription renewed: user_id=USR1354
LOG0005436,2026-02-22 09:09:52,INFO,database,INSERT INTO orders completed (703ms)
LOG0007743,2026-02-22 09:15:37,INFO,auth,User registered successfully: user_id=USR9368
LOG0007477,2026-02-22 09:16:20,ERROR,payment,Payment gateway timeout after 741ms: order_id=ORD44049
LOG0000139,2026-02-22 09:21:32,WARNING,api_gateway,High latency detected on route /api/v1/search: 3584ms
LOG0006347,2026-02-22 09:29:53,INFO,api_gateway,PUT /api/v1/profile responded 200 in 979ms
LOG0002742,2026-02-22 09:32:07,INFO,database,Query executed: SELECT users WHERE id=USR8324 (2111ms)
LOG0003623,2026-02-22 09:46:43,INFO,auth,Session created: session_id=SESS53564
LOG0004429,2026-02-22 09:56:22,ERROR,auth,Token validation failed: user_id=USR2817
LOG0005112,2026-02-22 09:58:24,INFO,payment,Payment gateway responded OK in 3085ms
LOG0009094,2026-02-22 10:04:09,INFO,api_gateway,DELETE /api/v1/item/INV48334 responded 204 in 3073ms
LOG0007148,2026-02-22 10:06:18,INFO,payment,"Payment processed: order_id=ORD34005 amount=Rp9,092,000"
LOG0003759,2026-02-22 10:29:31,ERROR,database,Query failed: syntax error near 'SELCT'
LOG0000072,2026-02-22 10:34:27,INFO,auth,Password changed for user_id=USR5006
LOG0002360,2026-02-22 10:38:23,INFO,api_gateway,Rate limit check passed for client_id=CLI668
LOG0005010,2026-02-22 10:40:08,INFO,database,INSERT INTO orders completed (2552ms)
LOG0006396,2026-02-22 10:44:49,INFO,api_gateway,GET /api/v1/products responded 200 in 1586ms
LOG0007119,2026-02-22 10:46:54,INFO,payment,Payment gateway responded OK in 2236ms
LOG0000994,2026-02-22 10:48:20,INFO,api_gateway,Rate limit check passed for client_id=CLI302
LOG0002852,2026-02-22 10:51:38,INFO,database,Backup snapshot completed successfully
LOG0001901,2026-02-22 10:56:17,WARNING,auth,Multiple sessions detected for user_id=USR9560
LOG0008962,2026-02-22 11:00:30,INFO,auth,User registered successfully: user_id=USR7095
LOG0008363,2026-02-22 11:08:15,INFO,api_gateway,DELETE /api/v1/item/INV48320 responded 204 in 4177ms
LOG0000648,2026-02-22 11:10:23,INFO,api_gateway,POST /api/v1/orders responded 201 in 3907ms
LOG0005306,2026-02-22 11:13:53,INFO,api_gateway,POST /api/v1/orders responded 201 in 2090ms
LOG0006450,2026-02-22 11:25:53,ERROR,api_gateway,Invalid request schema on POST /api/v1/orders
LOG0000405,2026-02-22 11:30:07,INFO,database,INSERT INTO orders completed (2112ms)
LOG0005900,2026-02-22 11:37:58,INFO,api_gateway,Rate limit check passed for client_id=CLI374
LOG0000996,2026-02-22 11:39:02,INFO,api_gateway,Request routed to service: user-service in 3511ms
LOG0007499,2026-02-22 11:40:14,INFO,payment,Invoice generated: invoice_id=INV72248
LOG0001809,2026-02-22 11:45:44,INFO,auth,2FA verification passed: user_id=USR6079
LOG0001357,2026-02-22 11:49:36,INFO,payment,Webhook received from payment provider: status=SUCCESS
LOG0009471,2026-02-22 11:51:50,WARNING,auth,Token expiring soon for user_id=USR5207
LOG0003371,2026-02-22 12:02:55,INFO,payment,Payment gateway responded OK in 1225ms
LOG0007611,2026-02-22 12:07:18,INFO,auth,Token generated for user_id=USR7503
LOG0004074,2026-02-22 12:08:04,INFO,payment,Webhook received from payment provider: status=SUCCESS
LOG0001132,2026-02-22 12:18:02,INFO,auth,Password changed for user_id=USR8541
LOG0005251,2026-02-22 12:23:00,WARNING,api_gateway,Deprecated endpoint called: /api/v0/users by client_id=CLI375
LOG0000244,2026-02-22 12:30:08,INFO,payment,Invoice generated: invoice_id=INV75105
LOG0005223,2026-02-22 12:38:05,INFO,auth,Session created: session_id=SESS68023
LOG0006291,2026-02-22 12:42:29,WARNING,api_gateway,Retry attempt 98 for downstream service inventory-service
LOG0004627,2026-02-22 12:44:15,INFO,auth,2FA verification passed: user_id=USR3460
LOG0002348,2026-02-22 12:46:19,INFO,auth,Token generated for user_id=USR9212
LOG0002997,2026-02-22 12:57:33,INFO,payment,"Refund issued: order_id=ORD64765 amount=Rp9,350,000"
LOG0008871,2026-02-22 13:04:04,WARNING,api_gateway,Slow response: GET /api/v1/reports took 1102ms
LOG0008651,2026-02-22 13:19:13,INFO,auth,Session created: session_id=SESS50037
LOG0008647,2026-02-22 13:23:23,INFO,database,Backup snapshot completed successfully
LOG0002523,2026-02-22 13:25:42,INFO,api_gateway,PUT /api/v1/profile responded 200 in 3554ms
LOG0009224,2026-02-22 13:33:23,WARNING,api_gateway,Retry attempt 85 for downstream service user-service
LOG0003062,2026-02-22 13:38:44,WARNING,api_gateway,Slow response: GET /api/v1/reports took 1323ms
LOG0007047,2026-02-22 13:39:09,INFO,auth,User login successful: user_id=USR8490
LOG0004695,2026-02-22 13:43:14,INFO,payment,Invoice generated: invoice_id=INV40901
LOG0006619,2026-02-22 13:45:16,WARNING,database,Table=orders approaching max size: 80% capacity
LOG0002357,2026-02-22 13:56:52,INFO,api_gateway,Request routed to service: order-service in 1856ms
LOG0002186,2026-02-22 14:01:14,INFO,api_gateway,Rate limit check passed for client_id=CLI828
LOG0000649,2026-02-22 14:06:38,WARNING,auth,Multiple sessions detected for user_id=USR5383
LOG0000220,2026-02-22 14:08:56,WARNING,auth,Password reset requested for user_id=USR8287
LOG0009857,2026-02-22 14:09:43,INFO,api_gateway,GET /api/v1/products responded 200 in 3480ms
LOG0001299,2026-02-22 14:14:15,INFO,auth,User login successful: user_id=USR7161
LOG0000824,2026-02-22 14:23:07,INFO,api_gateway,POST /api/v1/orders responded 201 in 2892ms
LOG0003875,2026-02-22 14:35:01,INFO,api_gateway,POST /api/v1/orders responded 201 in 4148ms
LOG0005110,2026-02-22 14:40:29,INFO,auth,User registered successfully: user_id=USR1440
LOG0007166,2026-02-22 14:44:52,INFO,auth,User registered successfully: user_id=USR3856
LOG0006482,2026-02-22 14:50:15,INFO,database,Query executed: SELECT users WHERE id=USR8659 (147ms)
LOG0003292,2026-02-22 14:52:26,INFO,api_gateway,POST /api/v1/orders responded 201 in 2754ms
LOG0001680,2026-02-22 14:53:48,INFO,payment,"Refund issued: order_id=ORD40686 amount=Rp403,000"
LOG0007481,2026-02-22 14:54:17,WARNING,payment,Payment retry attempt 57/3 for order_id=ORD69054
LOG0007426,2026-02-22 14:56:58,INFO,api_gateway,GET /api/v1/users responded 200 in 3570ms
LOG0009543,2026-02-22 14:56:59,INFO,auth,User registered successfully: user_id=USR2747
LOG0002133,2026-02-22 14:58:39,INFO,api_gateway,GET /api/v1/products responded 200 in 794ms
LOG0004166,2026-02-22 15:05:18,INFO,payment,Payment gateway responded OK in 1986ms
LOG0007905,2026-02-22 15:11:19,WARNING,api_gateway,Retry attempt 68 for downstream service inventory-service
LOG0001124,2026-02-22 15:14:46,ERROR,auth,JWT signature mismatch for user_id=USR8254
LOG0000888,2026-02-22 15:15:47,INFO,database,Backup snapshot completed successfully
LOG0003225,2026-02-22 15:18:37,WARNING,api_gateway,Slow response: GET /api/v1/reports took 3329ms
LOG0004232,2026-02-22 15:23:58,INFO,database,Index hit on table=products query (433ms)
LOG0003892,2026-02-22 15:26:47,WARNING,payment,Suspicious transaction flagged: order_id=ORD50507
LOG0005450,2026-02-22 15:31:58,INFO,database,Query executed: SELECT users WHERE id=USR7683 (2566ms)
LOG0008057,2026-02-22 15:34:18,WARNING,payment,High transaction volume: 84 TPS (threshold: 50 TPS)
LOG0007842,2026-02-22 15:35:09,INFO,auth,Session created: session_id=SESS66636
LOG0006604,2026-02-22 15:40:56,INFO,api_gateway,PUT /api/v1/profile responded 200 in 2344ms
LOG0000291,2026-02-22 15:41:27,INFO,auth,User login successful: user_id=USR7822
LOG0001684,2026-02-22 15:45:36,INFO,payment,"Payment processed: order_id=ORD24140 amount=Rp8,730,000"
LOG0009768,2026-02-22 15:51:55,INFO,api_gateway,POST /api/v1/orders responded 201 in 3657ms
LOG0008798,2026-02-22 15:53:14,INFO,database,Index hit on table=products query (1815ms)
LOG0004223,2026-02-22 15:54:27,INFO,payment,Webhook received from payment provider: status=SUCCESS
LOG0008711,2026-02-22 16:04:43,INFO,payment,Subscription renewed: user_id=USR5176
LOG0000725,2026-02-22 16:08:09,WARNING,api_gateway,Rate limit approaching for client_id=CLI548: 46/100 req/min
LOG0006721,2026-02-22 16:08:26,INFO,auth,User registered successfully: user_id=USR8633
LOG0006023,2026-02-22 16:08:28,INFO,auth,Token generated for user_id=USR5064
LOG0000486,2026-02-22 16:09:41,INFO,api_gateway,POST /api/v1/orders responded 201 in 1701ms
LOG0001134,2026-02-22 16:18:38,WARNING,database,Table=orders approaching max size: 70% capacity
LOG0006158,2026-02-22 16:26:33,INFO,database,Transaction committed: txn_id=TXN34077
LOG0002495,2026-02-22 16:34:18,INFO,payment,Subscription renewed: user_id=USR7177
LOG0000988,2026-02-22 16:38:53,WARNING,api_gateway,Retry attempt 63 for downstream service inventory-service
LOG0006101,2026-02-22 16:40:18,INFO,api_gateway,DELETE /api/v1/item/INV91148 responded 204 in 2682ms
LOG0007801,2026-02-22 16:40:22,INFO,payment,"Refund issued: order_id=ORD71806 amount=Rp4,423,000"
LOG0004911,2026-02-22 16:43:07,INFO,auth,Session created: session_id=SESS47816
LOG0005908,2026-02-22 16:44:07,WARNING,auth,Unusual login location detected: user_id=USR1689
LOG0000407,2026-02-22 16:44:42,WARNING,database,Slow query detected: 252ms on table=logs
LOG0005440,2026-02-22 16:46:01,INFO,payment,Webhook received from payment provider: status=SUCCESS
LOG0009257,2026-02-22 16:47:35,INFO,database,Connection pool: 65/20 active connections
LOG0000254,2026-02-22 16:49:04,WARNING,database,Slow query detected: 1241ms on table=logs
LOG0003743,2026-02-22 16:49:26,INFO,api_gateway,GET /api/v1/users responded 200 in 3960ms
LOG0006496,2026-02-22 16:52:15,ERROR,payment,Currency conversion error for order_id=ORD23987
LOG0001202,2026-02-22 17:00:41,WARNING,api_gateway,Deprecated endpoint called: /api/v0/users by client_id=CLI212
LOG0001406,2026-02-22 17:04:45,INFO,payment,Webhook received from payment provider: status=SUCCESS
LOG0001067,2026-02-22 17:05:04,INFO,database,INSERT INTO orders completed (497ms)
LOG0000063,2026-02-22 17:09:38,INFO,api_gateway,Request routed to service: user-service in 3282ms
LOG0008391,2026-02-22 17:09:58,INFO,auth,User registered successfully: user_id=USR4064
LOG0009607,2026-02-22 17:13:30,INFO,auth,User registered successfully: user_id=USR2539
LOG0007707,2026-02-22 17:29:31,WARNING,payment,Payment provider response slow: 1996ms
LOG0003703,2026-02-22 17:31:05,WARNING,payment,Payment provider response slow: 1303ms
LOG0001603,2026-02-22 17:32:24,INFO,api_gateway,DELETE /api/v1/item/INV52261 responded 204 in 4444ms
LOG0009904,2026-02-22 17:34:27,INFO,api_gateway,PUT /api/v1/profile responded 200 in 211ms
LOG0005729,2026-02-22 17:36:05,INFO,database,INSERT INTO orders completed (2070ms)
LOG0001955,2026-02-22 17:39:59,INFO,database,Backup snapshot completed successfully
LOG0006697,2026-02-22 17:46:44,INFO,payment,Invoice generated: invoice_id=INV23427
LOG0001873,2026-02-22 17:53:07,WARNING,api_gateway,Deprecated endpoint called: /api/v0/users by client_id=CLI130
LOG0003130,2026-02-22 17:57:11,INFO,database,Backup snapshot completed successfully
LOG0004013,2026-02-22 17:58:03,INFO,payment,Subscription renewed: user_id=USR6046
LOG0005534,2026-02-22 18:01:52,ERROR,api_gateway,Rate limit exceeded for client_id=CLI996
LOG0007077,2026-02-22 18:02:19,INFO,auth,Session created: session_id=SESS74605
LOG0004242,2026-02-22 18:14:56,INFO,payment,"Payment processed: order_id=ORD88193 amount=Rp9,351,000"
LOG0003779,2026-02-22 18:15:42,WARNING,api_gateway,Slow response: GET /api/v1/reports took 818ms
LOG0008511,2026-02-22 18:19:54,INFO,api_gateway,GET /api/v1/products responded 200 in 3284ms
LOG0004751,2026-02-22 18:23:31,WARNING,database,Index miss on table=events: consider reindexing
LOG0009568,2026-02-22 18:30:01,INFO,api_gateway,POST /api/v1/orders responded 201 in 1527ms
LOG0002016,2026-02-22 18:35:36,WARNING,auth,Multiple sessions detected for user_id=USR7784
LOG0008719,2026-02-22 18:36:30,INFO,payment,Webhook received from payment provider: status=SUCCESS
LOG0003674,2026-02-22 18:36:50,INFO,database,Cache hit ratio: 22% for last 5 minutes
LOG0005809,2026-02-22 18:44:39,WARNING,payment,Payment provider response slow: 731ms
LOG0000491,2026-02-22 18:46:34,INFO,database,Cache hit ratio: 83% for last 5 minutes
LOG0009299,2026-02-22 18:46:42,INFO,auth,User registered successfully: user_id=USR6649
LOG0007035,2026-02-22 18:53:13,INFO,api_gateway,Rate limit check passed for client_id=CLI817
LOG0005970,2026-02-22 18:54:45,WARNING,payment,Payment retry attempt 13/3 for order_id=ORD26778
LOG0006273,2026-02-22 19:00:22,INFO,payment,Invoice generated: invoice_id=INV81937
LOG0000024,2026-02-22 19:01:16,INFO,database,Cache hit ratio: 12% for last 5 minutes
LOG0002198,2026-02-22 19:01:33,INFO,auth,Token refreshed for user_id=USR5016
LOG0000949,2026-02-22 19:03:11,INFO,auth,User logout: user_id=USR2548
LOG0002630,2026-02-22 19:14:37,WARNING,database,Table=orders approaching max size: 41% capacity
LOG0004044,2026-02-22 19:16:16,WARNING,auth,Token expiring soon for user_id=USR5685
LOG0004758,2026-02-22 19:17:58,INFO,database,Backup snapshot completed successfully
LOG0009901,2026-02-22 19:19:01,INFO,auth,User registered successfully: user_id=USR4729
LOG0006656,2026-02-22 19:27:48,INFO,database,Transaction committed: txn_id=TXN53044
LOG0003013,2026-02-22 19:32:39,WARNING,auth,Multiple sessions detected for user_id=USR1609
LOG0006200,2026-02-22 19:34:57,INFO,auth,User login successful: user_id=USR2522
LOG0005302,2026-02-22 19:38:35,WARNING,payment,Suspicious transaction flagged: order_id=ORD43077
LOG0000223,2026-02-22 19:46:12,ERROR,auth,Account locked after 5 failed attempts: user_id=USR7041
LOG0008891,2026-02-22 19:52:35,INFO,api_gateway,DELETE /api/v1/item/INV93169 responded 204 in 1193ms
LOG0008091,2026-02-22 20:20:39,INFO,auth,User registered successfully: user_id=USR2353
LOG0006770,2026-02-22 20:21:10,INFO,auth,Token refreshed for user_id=USR6737
LOG0006185,2026-02-22 20:24:44,INFO,auth,User login successful: user_id=USR6018
LOG0008320,2026-02-22 20:27:18,INFO,auth,Session created: session_id=SESS72084
LOG0009903,2026-02-22 20:39:54,WARNING,database,Connection pool usage high: 64/20 connections
LOG0005781,2026-02-22 20:50:03,INFO,payment,"Refund issued: order_id=ORD95458 amount=Rp8,175,000"
LOG0000767,2026-02-22 21:02:59,INFO,api_gateway,DELETE /api/v1/item/INV69616 responded 204 in 2660ms
LOG0008564,2026-02-22 21:04:05,INFO,auth,User logout: user_id=USR9444
LOG0002549,2026-02-22 21:13:07,INFO,payment,Subscription renewed: user_id=USR8849
LOG0005600,2026-02-22 21:22:14,INFO,payment,Currency conversion: USD→IDR for order_id=ORD67454
LOG0002349,2026-02-22 21:23:49,INFO,auth,User logout: user_id=USR8609
LOG0007247,2026-02-22 21:25:00,INFO,database,INSERT INTO orders completed (3861ms)
LOG0003238,2026-02-22 21:29:34,INFO,api_gateway,GET /api/v1/products responded 200 in 1794ms
LOG0008116,2026-02-22 21:30:27,INFO,api_gateway,Rate limit check passed for client_id=CLI766
LOG0004528,2026-02-22 21:30:31,INFO,database,INSERT INTO orders completed (3011ms)
LOG0008167,2026-02-22 21:41:33,WARNING,payment,Card expiry warning for user_id=USR7212
LOG0008992,2026-02-22 21:55:03,INFO,auth,Token generated for user_id=USR3236
LOG0009572,2026-02-22 22:00:10,INFO,payment,Invoice generated: invoice_id=INV56027
LOG0001520,2026-02-22 22:04:10,WARNING,auth,Failed login attempt for user_id=USR7819 (attempt 97/5)
LOG0009298,2026-02-22 22:04:27,INFO,database,Cache hit ratio: 76% for last 5 minutes
LOG0006633,2026-02-22 22:06:39,WARNING,database,Index miss on table=events: consider reindexing
LOG0001190,2026-02-22 22:10:48,INFO,database,Connection pool: 89/20 active connections
LOG0004822,2026-02-22 22:10:51,INFO,auth,User logout: user_id=USR2725
LOG0009199,2026-02-22 22:11:33,ERROR,database,Replication lag exceeded threshold: 2064ms behind primary
LOG0008932,2026-02-22 22:12:52,INFO,database,INSERT INTO orders completed (682ms)
LOG0006726,2026-02-22 22:13:00,ERROR,auth,Token validation failed: user_id=USR5711
LOG0008861,2026-02-22 22:20:12,INFO,auth,User login successful: user_id=USR6880
LOG0003035,2026-02-22 22:25:43,WARNING,payment,Suspicious transaction flagged: order_id=ORD82130
LOG0001408,2026-02-22 22:33:53,INFO,auth,User registered successfully: user_id=USR5257
LOG0008084,2026-02-22 22:39:10,WARNING,database,Long-running transaction detected: txn_id=TXN17603 (788ms)
LOG0005155,2026-02-22 22:45:06,WARNING,api_gateway,Deprecated endpoint called: /api/v0/users by client_id=CLI749
LOG0009363,2026-02-22 23:03:43,INFO,database,Transaction committed: txn_id=TXN74988
LOG0002665,2026-02-22 23:03:58,INFO,auth,Password changed for user_id=USR5465
LOG0004048,2026-02-22 23:13:47,INFO,database,INSERT INTO orders completed (4257ms)
LOG0003152,2026-02-22 23:23:04,INFO,database,Connection pool: 54/20 active connections
LOG0003450,2026-02-22 23:23:48,INFO,api_gateway,PUT /api/v1/profile responded 200 in 2719ms
LOG0005286,2026-02-22 23:24:54,ERROR,api_gateway,POST /api/v1/payment returned 500 after 1125ms
LOG0002335,2026-02-22 23:39:17,INFO,database,INSERT INTO orders completed (2023ms)
LOG0000562,2026-02-22 23:43:02,ERROR,auth,JWT signature mismatch for user_id=USR8990
LOG0002955,2026-02-22 23:46:17,WARNING,api_gateway,Slow response: GET /api/v1/reports took 4312ms
LOG0002233,2026-02-22 23:52:39,INFO,api_gateway,PUT /api/v1/profile responded 200 in 2491ms
LOG0009604,2026-02-22 23:58:14,ERROR,auth,Session expired: user_id=USR2710
LOG0006466,2026-02-22 23:59:09,ERROR,database,Disk usage critical: 4% on /var/lib/postgres
LOG0001969,2026-02-23 00:08:33,WARNING,api_gateway,Retry attempt 93 for downstream service inventory-service
LOG0001288,2026-02-23 00:12:18,WARNING,auth,Unusual login location detected: user_id=USR7697
LOG0004389,2026-02-23 00:17:32,WARNING,auth,Token expiring soon for user_id=USR1052
LOG0005920,2026-02-23 00:20:29,WARNING,api_gateway,High latency detected on route /api/v1/search: 1150ms
LOG0002947,2026-02-23 00:34:44,INFO,auth,2FA verification passed: user_id=USR3103
LOG0001351,2026-02-23 00:34:52,INFO,api_gateway,PUT /api/v1/profile responded 200 in 538ms
LOG0003437,2026-02-23 00:38:01,INFO,database,Transaction committed: txn_id=TXN10711
LOG0003404,2026-02-23 00:39:03,ERROR,auth,Token validation failed: user_id=USR5220
LOG0000961,2026-02-23 00:39:38,WARNING,database,Connection pool usage high: 87/20 connections
LOG0009721,2026-02-23 00:42:59,INFO,database,INSERT INTO orders completed (389ms)
LOG0009048,2026-02-23 00:44:06,INFO,api_gateway,POST /api/v1/orders responded 201 in 512ms
LOG0009356,2026-02-23 00:45:57,INFO,database,Cache hit ratio: 19% for last 5 minutes
LOG0004680,2026-02-23 00:48:00,INFO,payment,Payment gateway responded OK in 3730ms
LOG0003517,2026-02-23 00:55:43,INFO,database,Query executed: SELECT users WHERE id=USR7018 (3940ms)
LOG0005041,2026-02-23 00:56:13,INFO,auth,User registered successfully: user_id=USR9519
LOG0001958,2026-02-23 00:59:51,INFO,database,Query executed: SELECT users WHERE id=USR8125 (3054ms)
LOG0005742,2026-02-23 01:06:11,INFO,payment,Subscription renewed: user_id=USR3887
LOG0003469,2026-02-23 01:18:52,INFO,payment,"Refund issued: order_id=ORD83731 amount=Rp8,758,000"
LOG0008867,2026-02-23 01:20:06,INFO,database,Index hit on table=products query (2851ms)
LOG0008302,2026-02-23 01:26:10,INFO,auth,Token refreshed for user_id=USR5710
LOG0003272,2026-02-23 01:33:58,INFO,api_gateway,GET /api/v1/products responded 200 in 4251ms
LOG0007908,2026-02-23 01:34:45,WARNING,payment,Suspicious transaction flagged: order_id=ORD83472
LOG0004476,2026-02-23 01:49:18,INFO,payment,Subscription renewed: user_id=USR5042
LOG0002007,2026-02-23 01:52:37,INFO,api_gateway,PUT /api/v1/profile responded 200 in 2033ms
LOG0009494,2026-02-23 01:54:50,INFO,auth,Password changed for user_id=USR9584
LOG0006219,2026-02-23 01:58:35,INFO,auth,User logout: user_id=USR5999
LOG0005503,2026-02-23 02:01:52,INFO,database,Connection pool: 5/20 active connections
LOG0007973,2026-02-23 02:11:57,INFO,auth,Password changed for user_id=USR7401
LOG0008529,2026-02-23 02:12:21,INFO,payment,Invoice generated: invoice_id=INV37556
LOG0008942,2026-02-23 02:12:50,ERROR,payment,Payment gateway timeout after 1698ms: order_id=ORD70319
LOG0009420,2026-02-23 02:15:18,INFO,auth,User login successful: user_id=USR3875
LOG0000232,2026-02-23 02:15:53,INFO,api_gateway,PUT /api/v1/profile responded 200 in 2720ms
LOG0002699,2026-02-23 02:18:10,WARNING,auth,Unusual login location detected: user_id=USR8696
LOG0009981,2026-02-23 02:19:12,INFO,auth,Token generated for user_id=USR1190
LOG0001250,2026-02-23 02:23:56,INFO,auth,2FA verification passed: user_id=USR4515
LOG0004701,2026-02-23 02:26:59,INFO,database,Query executed: SELECT users WHERE id=USR3551 (3049ms)
LOG0007028,2026-02-23 02:30:11,WARNING,api_gateway,Slow response: GET /api/v1/reports took 3969ms
LOG0004077,2026-02-23 02:30:35,INFO,payment,Payment gateway responded OK in 2877ms
LOG0002282,2026-02-23 02:36:30,WARNING,payment,Suspicious transaction flagged: order_id=ORD53340
LOG0002512,2026-02-23 02:39:48,WARNING,api_gateway,Retry attempt 59 for downstream service inventory-service
LOG0002531,2026-02-23 02:42:28,INFO,database,Index hit on table=products query (4394ms)
LOG0000321,2026-02-23 02:43:54,INFO,database,Query executed: SELECT users WHERE id=USR6220 (4042ms)
LOG0005024,2026-02-23 02:52:01,INFO,api_gateway,POST /api/v1/orders responded 201 in 1662ms
LOG0004922,2026-02-23 02:53:22,INFO,payment,Webhook received from payment provider: status=SUCCESS
LOG0003995,2026-02-23 02:58:59,INFO,payment,Subscription renewed: user_id=USR7762
LOG0006891,2026-02-23 03:03:35,INFO,database,Connection pool: 62/20 active connections
LOG0008833,2026-02-23 03:08:05,INFO,auth,Password changed for user_id=USR8558
LOG0002573,2026-02-23 03:09:36,WARNING,database,Long-running transaction detected: txn_id=TXN47805 (2912ms)
LOG0006220,2026-02-23 03:11:22,INFO,database,INSERT INTO orders completed (346ms)
LOG0005034,2026-02-23 03:14:52,INFO,payment,Payment gateway responded OK in 526ms
LOG0005710,2026-02-23 03:29:26,INFO,database,Index hit on table=products query (3774ms)
LOG0001139,2026-02-23 03:47:03,INFO,auth,Session created: session_id=SESS28060
LOG0006980,2026-02-23 03:53:48,INFO,auth,Token generated for user_id=USR7132
LOG0001198,2026-02-23 03:55:47,WARNING,payment,Payment provider response slow: 684ms
LOG0000181,2026-02-23 04:05:31,INFO,database,Connection pool: 95/20 active connections
LOG0005532,2026-02-23 04:11:25,INFO,payment,Invoice generated: invoice_id=INV18032
LOG0001430,2026-02-23 04:11:46,INFO,auth,Token refreshed for user_id=USR1456
LOG0006952,2026-02-23 04:17:42,WARNING,auth,Token expiring soon for user_id=USR8401
LOG0009175,2026-02-23 04:18:36,INFO,auth,Password changed for user_id=USR7589
LOG0007041,2026-02-23 04:20:44,INFO,auth,User registered successfully: user_id=USR7321
LOG0009993,2026-02-23 04:25:37,INFO,auth,Password changed for user_id=USR4966
LOG0004885,2026-02-23 04:28:04,INFO,auth,Token generated for user_id=USR3291
LOG0001566,2026-02-23 04:31:53,WARNING,payment,High transaction volume: 19 TPS (threshold: 50 TPS)
LOG0007242,2026-02-23 04:42:27,INFO,database,Cache hit ratio: 81% for last 5 minutes
LOG0009506,2026-02-23 04:45:22,INFO,database,Connection pool: 68/20 active connections
LOG0009774,2026-02-23 04:51:22,INFO,api_gateway,GET /api/v1/products responded 200 in 3958ms
LOG0007888,2026-02-23 04:51:33,INFO,api_gateway,DELETE /api/v1/item/INV48732 responded 204 in 336ms
LOG0004765,2026-02-23 05:02:07,INFO,payment,Subscription renewed: user_id=USR9805
LOG0009591,2026-02-23 05:09:23,INFO,payment,Payment gateway responded OK in 4369ms
LOG0009400,2026-02-23 05:14:46,INFO,api_gateway,GET /api/v1/products responded 200 in 3842ms
LOG0002792,2026-02-23 05:26:22,INFO,api_gateway,Rate limit check passed for client_id=CLI803
LOG0009072,2026-02-23 05:36:13,INFO,payment,Payment gateway responded OK in 336ms
LOG0001165,2026-02-23 05:37:53,INFO,auth,Password changed for user_id=USR6421
LOG0007243,2026-02-23 05:45:25,INFO,database,Transaction committed: txn_id=TXN24970
LOG0003293,2026-02-23 05:49:22,INFO,auth,Token refreshed for user_id=USR7398
LOG0007680,2026-02-23 06:04:00,INFO,database,Backup snapshot completed successfully
LOG0005304,2026-02-23 06:05:04,INFO,auth,User logout: user_id=USR8571
LOG0001292,2026-02-23 06:09:10,INFO,auth,Token refreshed for user_id=USR1064
LOG0000574,2026-02-23 06:16:13,INFO,api_gateway,Request routed to service: user-service in 255ms
LOG0002412,2026-02-23 06:17:04,INFO,api_gateway,GET /api/v1/products responded 200 in 3026ms
LOG0003207,2026-02-23 06:25:38,WARNING,api_gateway,Rate limit approaching for client_id=CLI923: 95/100 req/min
LOG0004194,2026-02-23 06:28:20,WARNING,payment,High transaction volume: 67 TPS (threshold: 50 TPS)
LOG0003768,2026-02-23 06:29:02,INFO,database,Transaction committed: txn_id=TXN43882
LOG0000301,2026-02-23 06:30:47,INFO,api_gateway,Rate limit check passed for client_id=CLI657
LOG0002867,2026-02-23 06:32:15,INFO,payment,Payment gateway responded OK in 2468ms
LOG0008764,2026-02-23 06:40:03,INFO,database,Index hit on table=products query (749ms)
LOG0009862,2026-02-23 06:46:16,INFO,api_gateway,DELETE /api/v1/item/INV27167 responded 204 in 2737ms
LOG0001810,2026-02-23 07:06:02,WARNING,payment,High transaction volume: 39 TPS (threshold: 50 TPS)
LOG0008162,2026-02-23 07:11:38,ERROR,auth,JWT signature mismatch for user_id=USR2085
LOG0003356,2026-02-23 07:13:19,INFO,auth,User login successful: user_id=USR1674
LOG0003669,2026-02-23 07:20:09,INFO,api_gateway,POST /api/v1/orders responded 201 in 813ms
LOG0003095,2026-02-23 07:24:18,INFO,payment,Payment gateway responded OK in 2354ms
LOG0003687,2026-02-23 08:00:15,WARNING,auth,Token expiring soon for user_id=USR6821
LOG0007187,2026-02-23 08:00:22,WARNING,api_gateway,Rate limit approaching for client_id=CLI811: 72/100 req/min
LOG0005271,2026-02-23 08:10:30,INFO,payment,Invoice generated: invoice_id=INV11928
LOG0006375,2026-02-23 08:12:40,ERROR,api_gateway,Circuit breaker OPEN for service: inventory-service
LOG0000487,2026-02-23 08:13:15,INFO,database,Index hit on table=products query (2021ms)
LOG0001395,2026-02-23 08:13:49,INFO,database,Query executed: SELECT users WHERE id=USR7138 (3946ms)
LOG0006942,2026-02-23 08:14:31,WARNING,auth,Unusual login location detected: user_id=USR3430
LOG0002442,2026-02-23 08:23:24,INFO,payment,"Payment processed: order_id=ORD43646 amount=Rp6,220,000"
LOG0003500,2026-02-23 08:24:02,ERROR,auth,Invalid credentials for user_id=USR1071
LOG0006254,2026-02-23 08:32:05,INFO,api_gateway,Rate limit check passed for client_id=CLI145
LOG0004631,2026-02-23 08:35:06,INFO,api_gateway,Request routed to service: user-service in 908ms
LOG0001392,2026-02-23 08:37:01,WARNING,auth,Multiple sessions detected for user_id=USR7557
LOG0009468,2026-02-23 08:37:53,INFO,auth,Token refreshed for user_id=USR3038
LOG0000159,2026-02-23 08:42:03,INFO,api_gateway,GET /api/v1/products responded 200 in 2321ms
LOG0007757,2026-02-23 09:00:48,INFO,database,Index hit on table=products query (3859ms)
LOG0003494,2026-02-23 09:08:04,INFO,payment,Subscription renewed: user_id=USR3462
LOG0004892,2026-02-23 09:10:55,WARNING,database,Connection pool usage high: 81/20 connections
LOG0005013,2026-02-23 09:11:19,INFO,auth,Token generated for user_id=USR9061
LOG0006535,2026-02-23 09:14:09,INFO,api_gateway,GET /api/v1/products responded 200 in 4118ms
LOG0003641,2026-02-23 09:25:39,WARNING,database,Table=orders approaching max size: 96% capacity
LOG0009783,2026-02-23 09:26:54,WARNING,database,Index miss on table=events: consider reindexing
LOG0007136,2026-02-23 09:30:50,INFO,database,Query executed: SELECT users WHERE id=USR9212 (4489ms)
LOG0009978,2026-02-23 09:31:22,WARNING,auth,Token expiring soon for user_id=USR7116
LOG0004621,2026-02-23 09:37:58,ERROR,payment,Payment gateway timeout after 1409ms: order_id=ORD28523
LOG0004732,2026-02-23 09:41:59,INFO,payment,"Payment processed: order_id=ORD29129 amount=Rp9,000,000"
LOG0002805,2026-02-23 09:42:40,INFO,payment,"Refund issued: order_id=ORD99202 amount=Rp916,000"
LOG0001263,2026-02-23 09:46:09,INFO,database,INSERT INTO orders completed (88ms)
LOG0005215,2026-02-23 09:48:28,INFO,database,Query executed: SELECT users WHERE id=USR7267 (2045ms)
LOG0003039,2026-02-23 09:48:38,WARNING,payment,High transaction volume: 9 TPS (threshold: 50 TPS)
LOG0007048,2026-02-23 09:53:20,ERROR,auth,JWT signature mismatch for user_id=USR7108
LOG0002071,2026-02-23 09:58:05,WARNING,auth,Password reset requested for user_id=USR1925
LOG0008796,2026-02-23 10:11:59,INFO,api_gateway,Rate limit check passed for client_id=CLI446
LOG0001226,2026-02-23 10:15:46,WARNING,api_gateway,Slow response: GET /api/v1/reports took 4368ms
LOG0004836,2026-02-23 10:16:45,INFO,database,Cache hit ratio: 25% for last 5 minutes
LOG0003205,2026-02-23 10:24:27,WARNING,api_gateway,High latency detected on route /api/v1/search: 57ms
LOG0001906,2026-02-23 10:28:04,INFO,auth,User login successful: user_id=USR5636
LOG0007738,2026-02-23 10:30:07,WARNING,auth,Unusual login location detected: user_id=USR1185
LOG0004549,2026-02-23 10:36:10,WARNING,payment,Card expiry warning for user_id=USR1287
LOG0002972,2026-02-23 10:38:46,WARNING,payment,Payment provider response slow: 1713ms
LOG0006643,2026-02-23 10:46:06,INFO,database,Cache hit ratio: 68% for last 5 minutes
LOG0006360,2026-02-23 10:52:34,INFO,api_gateway,Rate limit check passed for client_id=CLI347
LOG0005721,2026-02-23 10:58:12,ERROR,api_gateway,Invalid request schema on POST /api/v1/orders
LOG0002402,2026-02-23 11:01:22,INFO,payment,Currency conversion: USD→IDR for order_id=ORD11008
LOG0001965,2026-02-23 11:05:29,INFO,api_gateway,PUT /api/v1/profile responded 200 in 3333ms
LOG0006359,2026-02-23 11:07:21,INFO,auth,User registered successfully: user_id=USR5826
LOG0002516,2026-02-23 11:13:35,ERROR,database,Replication lag exceeded threshold: 2033ms behind primary
LOG0009974,2026-02-23 11:14:23,INFO,api_gateway,Rate limit check passed for client_id=CLI598
LOG0008540,2026-02-23 11:31:19,INFO,database,Backup snapshot completed successfully
LOG0002953,2026-02-23 11:31:23,INFO,api_gateway,DELETE /api/v1/item/INV60167 responded 204 in 2058ms
LOG0006653,2026-02-23 11:35:21,INFO,api_gateway,GET /api/v1/products responded 200 in 1206ms
LOG0007308,2026-02-23 11:39:05,INFO,database,Query executed: SELECT users WHERE id=USR5523 (3026ms)
LOG0000240,2026-02-23 11:42:25,INFO,database,Cache hit ratio: 18% for last 5 minutes
LOG0009549,2026-02-23 11:45:52,INFO,auth,Token generated for user_id=USR3473
LOG0006364,2026-02-23 11:47:13,INFO,api_gateway,Rate limit check passed for client_id=CLI424
LOG0004409,2026-02-23 12:02:25,INFO,database,Connection pool: 62/20 active connections
LOG0000848,2026-02-23 12:03:15,INFO,auth,Token generated for user_id=USR1759
LOG0000683,2026-02-23 12:03:37,ERROR,api_gateway,Upstream service inventory-service unreachable: connection timeout
LOG0003179,2026-02-23 12:43:53,INFO,api_gateway,POST /api/v1/orders responded 201 in 3019ms
LOG0008095,2026-02-23 12:44:10,WARNING,database,Long-running transaction detected: txn_id=TXN74545 (2447ms)
LOG0000406,2026-02-23 12:52:03,INFO,database,Connection pool: 98/20 active connections
LOG0006489,2026-02-23 12:52:10,INFO,payment,Webhook received from payment provider: status=SUCCESS
LOG0003984,2026-02-23 12:52:55,INFO,payment,Currency conversion: USD→IDR for order_id=ORD65528
LOG0000984,2026-02-23 12:55:38,INFO,payment,Webhook received from payment provider: status=SUCCESS
LOG0002466,2026-02-23 12:59:46,WARNING,api_gateway,Slow response: GET /api/v1/reports took 3971ms
LOG0006362,2026-02-23 13:07:55,WARNING,auth,Token expiring soon for user_id=USR8478
LOG0006476,2026-02-23 13:11:58,INFO,database,Backup snapshot completed successfully
LOG0005934,2026-02-23 13:13:50,ERROR,auth,Invalid credentials for user_id=USR9589
LOG0004384,2026-02-23 13:24:51,INFO,api_gateway,PUT /api/v1/profile responded 200 in 1695ms
LOG0001650,2026-02-23 13:28:50,INFO,auth,2FA verification passed: user_id=USR4160
LOG0006833,2026-02-23 13:31:39,WARNING,auth,Unusual login location detected: user_id=USR4371
LOG0002757,2026-02-23 13:44:50,INFO,api_gateway,GET /api/v1/users responded 200 in 3035ms
LOG0002293,2026-02-23 13:44:51,INFO,auth,Session created: session_id=SESS26730
LOG0003216,2026-02-23 13:45:21,WARNING,auth,Password reset requested for user_id=USR6812
LOG0003530,2026-02-23 13:47:17,INFO,auth,User logout: user_id=USR1642
LOG0006176,2026-02-23 13:51:52,WARNING,api_gateway,Slow response: GET /api/v1/reports took 597ms
LOG0007629,2026-02-23 13:59:09,INFO,api_gateway,DELETE /api/v1/item/INV19304 responded 204 in 4286ms
LOG0000817,2026-02-23 14:04:34,INFO,api_gateway,GET /api/v1/products responded 200 in 4232ms
LOG0006068,2026-02-23 14:06:52,WARNING,auth,Failed login attempt for user_id=USR6832 (attempt 31/5)
LOG0002735,2026-02-23 14:11:15,INFO,payment,Subscription renewed: user_id=USR3975
LOG0002840,2026-02-23 14:50:45,INFO,auth,User registered successfully: user_id=USR3700
LOG0004657,2026-02-23 14:55:50,INFO,auth,User login successful: user_id=USR3152
LOG0009436,2026-02-23 14:58:35,INFO,payment,"Payment processed: order_id=ORD95812 amount=Rp4,331,000"
LOG0006285,2026-02-23 15:13:03,INFO,auth,User logout: user_id=USR3198
LOG0003557,2026-02-23 15:16:46,INFO,database,Transaction committed: txn_id=TXN69133
LOG0002861,2026-02-23 15:23:00,INFO,database,Cache hit ratio: 76% for last 5 minutes
LOG0000959,2026-02-23 15:23:41,WARNING,api_gateway,Deprecated endpoint called: /api/v0/users by client_id=CLI134
LOG0001503,2026-02-23 15:23:49,INFO,payment,"Refund issued: order_id=ORD94074 amount=Rp7,280,000"
LOG0006243,2026-02-23 15:34:05,INFO,auth,User login successful: user_id=USR2570
LOG0009837,2026-02-23 15:38:48,WARNING,database,Slow query detected: 2312ms on table=logs
LOG0001296,2026-02-23 15:47:19,ERROR,payment,Webhook delivery failed after 3 retries
LOG0003707,2026-02-23 15:52:30,INFO,api_gateway,DELETE /api/v1/item/INV62830 responded 204 in 3878ms
LOG0005963,2026-02-23 16:03:13,INFO,database,INSERT INTO orders completed (862ms)
LOG0002612,2026-02-23 16:06:51,WARNING,database,Connection pool usage high: 16/20 connections
LOG0002725,2026-02-23 16:08:00,WARNING,api_gateway,Deprecated endpoint called: /api/v0/users by client_id=CLI907
LOG0001219,2026-02-23 16:10:00,INFO,database,Backup snapshot completed successfully
LOG0005262,2026-02-23 16:11:57,WARNING,api_gateway,Slow response: GET /api/v1/reports took 758ms
LOG0007210,2026-02-23 16:12:06,INFO,api_gateway,POST /api/v1/orders responded 201 in 1603ms
LOG0007782,2026-02-23 16:13:46,INFO,payment,Webhook received from payment provider: status=SUCCESS
LOG0001419,2026-02-23 16:15:23,ERROR,auth,Session expired: user_id=USR6219
LOG0006470,2026-02-23 16:29:09,INFO,payment,Currency conversion: USD→IDR for order_id=ORD45766
LOG0000180,2026-02-23 16:40:01,INFO,api_gateway,DELETE /api/v1/item/INV11722 responded 204 in 844ms
LOG0008784,2026-02-23 16:45:03,ERROR,api_gateway,Invalid request schema on POST /api/v1/orders
LOG0005029,2026-02-23 16:45:19,INFO,api_gateway,Request routed to service: user-service in 4005ms
LOG0005978,2026-02-23 16:47:15,INFO,database,Cache hit ratio: 46% for last 5 minutes
LOG0005166,2026-02-23 16:47:46,INFO,database,INSERT INTO orders completed (947ms)
LOG0002912,2026-02-23 16:48:41,ERROR,auth,Invalid credentials for user_id=USR2980
LOG0006769,2026-02-23 16:49:58,INFO,auth,Token generated for user_id=USR3008
LOG0009996,2026-02-23 16:53:11,WARNING,database,Index miss on table=events: consider reindexing
LOG0005914,2026-02-23 16:58:03,INFO,api_gateway,Rate limit check passed for client_id=CLI866
LOG0001836,2026-02-23 17:01:08,ERROR,payment,Currency conversion error for order_id=ORD90397
LOG0004371,2026-02-23 17:01:46,INFO,database,Cache hit ratio: 83% for last 5 minutes
LOG0002929,2026-02-23 17:16:13,INFO,auth,Token generated for user_id=USR7932
LOG0000637,2026-02-23 17:18:16,INFO,payment,Subscription renewed: user_id=USR2313
LOG0009818,2026-02-23 17:22:33,ERROR,auth,Session expired: user_id=USR3556
LOG0006181,2026-02-23 17:24:30,INFO,database,Cache hit ratio: 67% for last 5 minutes
LOG0003051,2026-02-23 17:32:12,INFO,payment,Invoice generated: invoice_id=INV73353
LOG0005354,2026-02-23 17:32:40,INFO,database,Cache hit ratio: 77% for last 5 minutes
LOG0006341,2026-02-23 17:34:23,INFO,database,Query executed: SELECT users WHERE id=USR9013 (4353ms)
LOG0009349,2026-02-23 17:36:22,WARNING,database,Slow query detected: 2992ms on table=logs
LOG0003847,2026-02-23 17:38:05,INFO,api_gateway,DELETE /api/v1/item/INV37250 responded 204 in 4348ms
LOG0008346,2026-02-23 17:38:31,INFO,auth,Token refreshed for user_id=USR7191
LOG0001145,2026-02-23 17:38:44,INFO,auth,Password changed for user_id=USR7997
LOG0006642,2026-02-23 17:44:27,INFO,payment,Invoice generated: invoice_id=INV40037
LOG0009410,2026-02-23 17:46:52,WARNING,payment,Payment retry attempt 93/3 for order_id=ORD58066
LOG0004730,2026-02-23 17:48:32,INFO,database,Transaction committed: txn_id=TXN37322
LOG0000112,2026-02-23 17:54:54,INFO,payment,Subscription renewed: user_id=USR7248
LOG0009830,2026-02-23 18:01:24,INFO,database,Transaction committed: txn_id=TXN16708
LOG0006508,2026-02-23 18:04:00,INFO,database,Query executed: SELECT users WHERE id=USR3459 (2622ms)
LOG0001247,2026-02-23 18:04:10,INFO,api_gateway,GET /api/v1/products responded 200 in 2882ms
LOG0005994,2026-02-23 18:14:12,WARNING,payment,Suspicious transaction flagged: order_id=ORD61516
LOG0002068,2026-02-23 18:14:34,INFO,payment,"Payment processed: order_id=ORD96270 amount=Rp7,985,000"
LOG0006547,2026-02-23 18:14:59,WARNING,database,Table=orders approaching max size: 80% capacity
LOG0009674,2026-02-23 18:15:18,WARNING,api_gateway,Deprecated endpoint called: /api/v0/users by client_id=CLI530
LOG0003012,2026-02-23 18:18:58,ERROR,database,Disk usage critical: 21% on /var/lib/postgres
LOG0006981,2026-02-23 18:19:38,WARNING,auth,Password reset requested for user_id=USR5088
LOG0005529,2026-02-23 18:21:01,INFO,auth,User logout: user_id=USR1365
LOG0000197,2026-02-23 18:25:41,INFO,auth,User logout: user_id=USR8637
LOG0009932,2026-02-23 18:30:50,INFO,api_gateway,PUT /api/v1/profile responded 200 in 877ms
LOG0006472,2026-02-23 18:37:36,INFO,database,INSERT INTO orders completed (3173ms)
LOG0004792,2026-02-23 18:41:16,WARNING,payment,Suspicious transaction flagged: order_id=ORD41107
LOG0002876,2026-02-23 18:42:03,INFO,auth,Token refreshed for user_id=USR1606
LOG0004003,2026-02-23 18:45:28,WARNING,auth,Token expiring soon for user_id=USR6796
LOG0004082,2026-02-23 18:50:12,INFO,payment,Subscription renewed: user_id=USR1437
LOG0004941,2026-02-23 18:51:05,INFO,auth,2FA verification passed: user_id=USR5948
LOG0007835,2026-02-23 18:54:10,INFO,api_gateway,POST /api/v1/orders responded 201 in 2648ms
LOG0002644,2026-02-23 18:54:23,INFO,database,INSERT INTO orders completed (1627ms)
LOG0006972,2026-02-23 18:59:06,INFO,database,Query executed: SELECT users WHERE id=USR4200 (890ms)
LOG0009275,2026-02-23 19:08:46,INFO,database,INSERT INTO orders completed (1992ms)
LOG0008802,2026-02-23 19:09:48,INFO,database,Cache hit ratio: 77% for last 5 minutes
LOG0002652,2026-02-23 19:09:49,INFO,auth,Token generated for user_id=USR4058
LOG0000448,2026-02-23 19:11:42,INFO,api_gateway,Request routed to service: inventory-service in 2661ms
LOG0006617,2026-02-23 19:19:06,INFO,api_gateway,DELETE /api/v1/item/INV81167 responded 204 in 36ms
LOG0002113,2026-02-23 19:25:18,INFO,auth,Token refreshed for user_id=USR8177
LOG0008469,2026-02-23 19:29:50,INFO,database,Cache hit ratio: 66% for last 5 minutes
LOG0000657,2026-02-23 19:41:00,WARNING,auth,Password reset requested for user_id=USR8092
LOG0005964,2026-02-23 19:47:04,INFO,payment,Payment gateway responded OK in 3770ms
LOG0009456,2026-02-23 19:53:46,INFO,api_gateway,Request routed to service: order-service in 334ms
LOG0008603,2026-02-23 19:57:13,WARNING,database,Index miss on table=events: consider reindexing
LOG0003923,2026-02-23 20:01:39,INFO,payment,Currency conversion: USD→IDR for order_id=ORD53782
LOG0006223,2026-02-23 20:09:05,ERROR,database,Deadlock detected on table=orders: txn_id=TXN71401
LOG0005331,2026-02-23 20:10:29,INFO,database,Transaction committed: txn_id=TXN15074
LOG0007051,2026-02-23 20:14:29,INFO,database,Query executed: SELECT users WHERE id=USR7754 (4299ms)
LOG0003545,2026-02-23 20:15:38,INFO,payment,Payment gateway responded OK in 354ms
LOG0007862,2026-02-23 20:20:02,INFO,database,INSERT INTO orders completed (2881ms)
LOG0007358,2026-02-23 20:26:41,WARNING,database,Table=orders approaching max size: 67% capacity
LOG0002855,2026-02-23 20:27:53,WARNING,api_gateway,Slow response: GET /api/v1/reports took 2552ms
LOG0005488,2026-02-23 20:35:35,INFO,api_gateway,DELETE /api/v1/item/INV84576 responded 204 in 2512ms
LOG0000379,2026-02-23 20:41:17,INFO,api_gateway,GET /api/v1/users responded 200 in 3228ms
LOG0000672,2026-02-23 20:56:16,WARNING,api_gateway,Rate limit approaching for client_id=CLI932: 42/100 req/min
LOG0006504,2026-02-23 20:57:06,INFO,auth,Token generated for user_id=USR9742
LOG0001149,2026-02-23 21:11:30,INFO,auth,Token generated for user_id=USR4594
LOG0005591,2026-02-23 21:14:11,WARNING,payment,Card expiry warning for user_id=USR6370
LOG0001418,2026-02-23 21:14:27,INFO,payment,Invoice generated: invoice_id=INV52469
LOG0007733,2026-02-23 21:15:01,INFO,payment,Invoice generated: invoice_id=INV99681
LOG0006163,2026-02-23 21:20:11,INFO,auth,2FA verification passed: user_id=USR6723
LOG0004641,2026-02-23 21:23:18,INFO,database,Cache hit ratio: 61% for last 5 minutes
LOG0008097,2026-02-23 21:26:57,INFO,database,Transaction committed: txn_id=TXN21470
LOG0009161,2026-02-23 21:27:12,ERROR,database,Connection timeout to primary DB host
LOG0009113,2026-02-23 21:34:46,INFO,payment,Webhook received from payment provider: status=SUCCESS
LOG0009970,2026-02-23 21:54:06,WARNING,auth,Token expiring soon for user_id=USR6594
LOG0007558,2026-02-23 21:55:44,INFO,database,Cache hit ratio: 87% for last 5 minutes
LOG0004757,2026-02-23 21:57:15,WARNING,payment,High transaction volume: 62 TPS (threshold: 50 TPS)
LOG0002243,2026-02-23 22:02:03,INFO,auth,User registered successfully: user_id=USR8846
LOG0004155,2026-02-23 22:02:41,INFO,database,Index hit on table=products query (2215ms)
LOG0001270,2026-02-23 22:03:00,INFO,database,INSERT INTO orders completed (2137ms)
LOG0001489,2026-02-23 22:07:30,INFO,api_gateway,PUT /api/v1/profile responded 200 in 1826ms
LOG0009008,2026-02-23 22:27:34,INFO,auth,User logout: user_id=USR3270
LOG0006195,2026-02-23 22:37:32,INFO,api_gateway,GET /api/v1/products responded 200 in 2998ms
LOG0004369,2026-02-23 22:37:36,INFO,database,Query executed: SELECT users WHERE id=USR5006 (3698ms)
LOG0002418,2026-02-23 22:45:39,INFO,auth,User login successful: user_id=USR5848
LOG0008554,2026-02-23 22:52:45,ERROR,payment,Currency conversion error for order_id=ORD47220
LOG0003398,2026-02-23 22:57:49,INFO,database,Transaction committed: txn_id=TXN18409
LOG0001501,2026-02-23 22:58:42,INFO,database,Index hit on table=products query (3636ms)
LOG0007071,2026-02-23 23:01:11,INFO,payment,Invoice generated: invoice_id=INV31871
LOG0003251,2026-02-23 23:11:07,INFO,api_gateway,Rate limit check passed for client_id=CLI174
LOG0009748,2026-02-23 23:16:21,INFO,payment,Invoice generated: invoice_id=INV98201
LOG0009865,2026-02-23 23:19:36,INFO,auth,2FA verification passed: user_id=USR9556
LOG0007556,2026-02-23 23:19:44,INFO,database,INSERT INTO orders completed (1937ms)
LOG0009954,2026-02-23 23:28:34,ERROR,database,Deadlock detected on table=orders: txn_id=TXN62338
LOG0005472,2026-02-23 23:48:44,INFO,database,Connection pool: 41/20 active connections
LOG0002764,2026-02-23 23:49:07,ERROR,payment,Webhook delivery failed after 3 retries
LOG0008982,2026-02-23 23:56:07,WARNING,payment,Payment provider response slow: 1767ms
LOG0009910,2026-02-23 23:57:08,WARNING,auth,Unusual login location detected: user_id=USR7153
LOG0005225,2026-02-23 23:58:44,ERROR,payment,Payment gateway timeout after 209ms: order_id=ORD55991
LOG0004083,2026-02-24 00:02:39,INFO,payment,Webhook received from payment provider: status=SUCCESS
LOG0008061,2026-02-24 00:08:45,INFO,api_gateway,DELETE /api/v1/item/INV72032 responded 204 in 4199ms
LOG0004338,2026-02-24 00:09:11,INFO,auth,User logout: user_id=USR7548
LOG0002124,2026-02-24 00:24:21,INFO,api_gateway,Request routed to service: user-service in 2348ms
LOG0003510,2026-02-24 00:32:07,WARNING,auth,Unusual login location detected: user_id=USR3738
LOG0003431,2026-02-24 00:35:23,INFO,api_gateway,PUT /api/v1/profile responded 200 in 4034ms
LOG0003896,2026-02-24 00:40:08,INFO,api_gateway,GET /api/v1/products responded 200 in 4240ms
LOG0005012,2026-02-24 00:44:02,INFO,api_gateway,GET /api/v1/users responded 200 in 1114ms
LOG0001642,2026-02-24 00:48:46,INFO,payment,Invoice generated: invoice_id=INV20644
LOG0002161,2026-02-24 01:01:17,WARNING,auth,Token expiring soon for user_id=USR4160
LOG0004763,2026-02-24 01:04:15,INFO,auth,Token refreshed for user_id=USR5455
LOG0006075,2026-02-24 01:12:02,INFO,api_gateway,POST /api/v1/orders responded 201 in 567ms
LOG0008390,2026-02-24 01:14:14,INFO,api_gateway,GET /api/v1/users responded 200 in 3253ms
LOG0003017,2026-02-24 01:15:14,WARNING,auth,Password reset requested for user_id=USR4180
LOG0008532,2026-02-24 01:17:01,INFO,payment,"Payment processed: order_id=ORD67627 amount=Rp9,750,000"
LOG0001905,2026-02-24 01:17:04,INFO,database,Transaction committed: txn_id=TXN51476
LOG0008593,2026-02-24 01:19:58,ERROR,auth,Account locked after 5 failed attempts: user_id=USR6559
LOG0004380,2026-02-24 01:22:19,INFO,payment,"Payment processed: order_id=ORD39435 amount=Rp8,680,000"
LOG0000632,2026-02-24 01:24:31,INFO,database,Index hit on table=products query (1094ms)
LOG0004521,2026-02-24 01:27:21,INFO,payment,Payment gateway responded OK in 888ms
LOG0005437,2026-02-24 01:30:13,WARNING,payment,Suspicious transaction flagged: order_id=ORD99877
LOG0003600,2026-02-24 01:32:28,INFO,database,Query executed: SELECT users WHERE id=USR8935 (2043ms)
LOG0005294,2026-02-24 01:36:21,INFO,database,INSERT INTO orders completed (242ms)
LOG0004235,2026-02-24 01:44:35,WARNING,database,Long-running transaction detected: txn_id=TXN46581 (3336ms)
LOG0004769,2026-02-24 01:47:10,ERROR,database,Disk usage critical: 73% on /var/lib/postgres
LOG0002893,2026-02-24 01:47:25,WARNING,database,Connection pool usage high: 73/20 connections
LOG0008702,2026-02-24 01:48:24,WARNING,auth,Failed login attempt for user_id=USR9616 (attempt 36/5)
LOG0003149,2026-02-24 01:56:39,INFO,api_gateway,PUT /api/v1/profile responded 200 in 3366ms
LOG0006345,2026-02-24 01:59:08,INFO,database,Backup snapshot completed successfully
LOG0005627,2026-02-24 02:02:17,WARNING,payment,Payment provider response slow: 1741ms
LOG0002363,2026-02-24 02:07:53,INFO,auth,User registered successfully: user_id=USR6856
LOG0007169,2026-02-24 02:10:07,INFO,auth,User logout: user_id=USR3894
LOG0002432,2026-02-24 02:16:19,INFO,auth,User registered successfully: user_id=USR8017
LOG0006698,2026-02-24 02:18:34,INFO,payment,Currency conversion: USD→IDR for order_id=ORD44293
LOG0004495,2026-02-24 02:20:28,WARNING,api_gateway,Retry attempt 87 for downstream service user-service
LOG0005572,2026-02-24 02:23:35,INFO,api_gateway,POST /api/v1/orders responded 201 in 1668ms
LOG0007352,2026-02-24 02:29:18,INFO,database,Index hit on table=products query (375ms)
LOG0002299,2026-02-24 02:29:32,INFO,database,INSERT INTO orders completed (1122ms)
LOG0001024,2026-02-24 02:31:31,INFO,auth,Token generated for user_id=USR6060
LOG0000801,2026-02-24 02:36:53,INFO,database,Transaction committed: txn_id=TXN62962
LOG0004360,2026-02-24 02:45:01,WARNING,api_gateway,Rate limit approaching for client_id=CLI441: 81/100 req/min
LOG0004343,2026-02-24 02:45:06,INFO,payment,Webhook received from payment provider: status=SUCCESS
LOG0002453,2026-02-24 02:46:37,INFO,api_gateway,GET /api/v1/users responded 200 in 365ms
LOG0005058,2026-02-24 03:03:40,INFO,payment,Webhook received from payment provider: status=SUCCESS
LOG0006067,2026-02-24 03:04:50,INFO,database,Cache hit ratio: 5% for last 5 minutes
LOG0009013,2026-02-24 03:05:40,WARNING,auth,Unusual login location detected: user_id=USR3871
LOG0005415,2026-02-24 03:16:40,INFO,payment,Webhook received from payment provider: status=SUCCESS
LOG0001126,2026-02-24 03:20:56,INFO,auth,Token generated for user_id=USR8654
LOG0003206,2026-02-24 03:21:27,INFO,api_gateway,PUT /api/v1/profile responded 200 in 1590ms
LOG0002939,2026-02-24 03:24:14,WARNING,api_gateway,High latency detected on route /api/v1/search: 759ms
LOG0000907,2026-02-24 03:25:36,WARNING,api_gateway,Deprecated endpoint called: /api/v0/users by client_id=CLI374
LOG0000382,2026-02-24 03:28:30,INFO,api_gateway,Request routed to service: order-service in 671ms
LOG0005693,2026-02-24 03:29:12,ERROR,database,Replication lag exceeded threshold: 2779ms behind primary
LOG0003538,2026-02-24 03:31:01,INFO,api_gateway,DELETE /api/v1/item/INV24136 responded 204 in 3721ms
LOG0000754,2026-02-24 03:41:37,WARNING,payment,Card expiry warning for user_id=USR3940
LOG0004418,2026-02-24 03:48:42,ERROR,api_gateway,Circuit breaker OPEN for service: inventory-service
LOG0000757,2026-02-24 03:57:05,INFO,database,INSERT INTO orders completed (499ms)
LOG0003966,2026-02-24 04:04:11,INFO,payment,"Refund issued: order_id=ORD83576 amount=Rp8,954,000"
LOG0000267,2026-02-24 04:06:04,INFO,database,Backup snapshot completed successfully
LOG0004891,2026-02-24 04:14:15,INFO,api_gateway,GET /api/v1/products responded 200 in 2056ms
LOG0008388,2026-02-24 04:26:17,INFO,api_gateway,Request routed to service: user-service in 56ms
LOG0009746,2026-02-24 04:31:41,WARNING,payment,Card expiry warning for user_id=USR7680
LOG0003734,2026-02-24 04:33:40,WARNING,api_gateway,Retry attempt 42 for downstream service order-service
LOG0000125,2026-02-24 04:37:42,WARNING,payment,Card expiry warning for user_id=USR3308
LOG0007429,2026-02-24 04:38:51,INFO,payment,Invoice generated: invoice_id=INV38062
LOG0004051,2026-02-24 04:39:16,INFO,database,Query executed: SELECT users WHERE id=USR5770 (575ms)
LOG0003220,2026-02-24 04:43:35,INFO,payment,Subscription renewed: user_id=USR2876
LOG0006863,2026-02-24 04:45:38,INFO,api_gateway,GET /api/v1/products responded 200 in 1860ms
LOG0003690,2026-02-24 04:45:44,INFO,auth,User logout: user_id=USR4219
LOG0007458,2026-02-24 04:54:27,INFO,api_gateway,DELETE /api/v1/item/INV62161 responded 204 in 96ms
LOG0004530,2026-02-24 04:56:55,WARNING,database,Index miss on table=events: consider reindexing
LOG0002944,2026-02-24 04:57:02,ERROR,api_gateway,Rate limit exceeded for client_id=CLI517
LOG0003540,2026-02-24 05:01:57,INFO,payment,Payment gateway responded OK in 2377ms
LOG0001014,2026-02-24 05:10:42,INFO,api_gateway,GET /api/v1/users responded 200 in 966ms
LOG0007933,2026-02-24 05:14:08,WARNING,api_gateway,Slow response: GET /api/v1/reports took 332ms
LOG0008781,2026-02-24 05:18:01,INFO,auth,User login successful: user_id=USR3700
LOG0002245,2026-02-24 05:19:55,INFO,database,Backup snapshot completed successfully
LOG0009289,2026-02-24 05:21:59,INFO,auth,Token generated for user_id=USR6962
LOG0006484,2026-02-24 05:26:38,INFO,payment,Invoice generated: invoice_id=INV59817
LOG0000107,2026-02-24 05:29:53,INFO,auth,Session created: session_id=SESS45427
LOG0002420,2026-02-24 05:31:52,INFO,api_gateway,PUT /api/v1/profile responded 200 in 686ms
LOG0004610,2026-02-24 05:34:18,INFO,auth,User login successful: user_id=USR6896
LOG0006234,2026-02-24 05:40:30,ERROR,payment,Currency conversion error for order_id=ORD41009
LOG0006395,2026-02-24 05:46:48,INFO,database,Cache hit ratio: 35% for last 5 minutes
LOG0002633,2026-02-24 05:49:10,INFO,database,Cache hit ratio: 24% for last 5 minutes
LOG0009046,2026-02-24 05:49:33,INFO,api_gateway,Request routed to service: user-service in 3368ms
LOG0004257,2026-02-24 05:59:43,INFO,auth,Session created: session_id=SESS58404
LOG0004087,2026-02-24 06:06:38,INFO,api_gateway,GET /api/v1/users responded 200 in 2261ms
LOG0003502,2026-02-24 06:10:00,ERROR,api_gateway,Invalid request schema on POST /api/v1/orders
LOG0007554,2026-02-24 06:11:07,WARNING,auth,Unusual login location detected: user_id=USR2052
LOG0009887,2026-02-24 06:16:03,INFO,database,INSERT INTO orders completed (792ms)
LOG0004169,2026-02-24 06:18:47,INFO,database,Cache hit ratio: 36% for last 5 minutes
LOG0000713,2026-02-24 06:20:57,INFO,auth,Token generated for user_id=USR3165
LOG0001096,2026-02-24 06:24:37,INFO,auth,Token generated for user_id=USR8426
LOG0002626,2026-02-24 06:27:33,ERROR,auth,Session expired: user_id=USR5550
LOG0007958,2026-02-24 06:27:54,INFO,payment,Payment gateway responded OK in 2943ms
LOG0001276,2026-02-24 06:43:41,WARNING,api_gateway,Retry attempt 82 for downstream service user-service
LOG0006258,2026-02-24 06:44:07,INFO,auth,Token refreshed for user_id=USR8844
LOG0003681,2026-02-24 06:49:36,INFO,database,Connection pool: 17/20 active connections
LOG0007157,2026-02-24 06:57:32,INFO,api_gateway,POST /api/v1/orders responded 201 in 3434ms
LOG0009920,2026-02-24 06:59:41,WARNING,api_gateway,High latency detected on route /api/v1/search: 3667ms
LOG0004920,2026-02-24 07:01:34,WARNING,api_gateway,Deprecated endpoint called: /api/v0/users by client_id=CLI318
LOG0008465,2026-02-24 07:02:31,INFO,auth,Password changed for user_id=USR5096
LOG0000206,2026-02-24 07:04:17,INFO,payment,Subscription renewed: user_id=USR4332
LOG0008967,2026-02-24 07:04:44,WARNING,api_gateway,Rate limit approaching for client_id=CLI202: 8/100 req/min
LOG0009977,2026-02-24 07:12:34,WARNING,api_gateway,High latency detected on route /api/v1/search: 3822ms
LOG0004755,2026-02-24 07:15:36,INFO,payment,Subscription renewed: user_id=USR9464
LOG0004853,2026-02-24 07:26:23,INFO,auth,User logout: user_id=USR7266
LOG0002242,2026-02-24 07:29:24,INFO,payment,Invoice generated: invoice_id=INV86572
LOG0008096,2026-02-24 07:30:15,INFO,database,INSERT INTO orders completed (2895ms)
LOG0001137,2026-02-24 07:35:25,INFO,database,Cache hit ratio: 81% for last 5 minutes
LOG0002445,2026-02-24 07:37:21,INFO,payment,Invoice generated: invoice_id=INV83379
LOG0003803,2026-02-24 07:46:23,WARNING,database,Slow query detected: 4048ms on table=logs
LOG0002589,2026-02-24 07:51:28,INFO,payment,"Payment processed: order_id=ORD30213 amount=Rp8,524,000"
LOG0006387,2026-02-24 07:52:04,INFO,api_gateway,POST /api/v1/orders responded 201 in 607ms
LOG0008230,2026-02-24 07:53:14,ERROR,auth,Account locked after 5 failed attempts: user_id=USR2496
LOG0005282,2026-02-24 07:55:37,INFO,database,Query executed: SELECT users WHERE id=USR1200 (3804ms)
LOG0005804,2026-02-24 08:07:59,INFO,api_gateway,POST /api/v1/orders responded 201 in 1764ms
LOG0005790,2026-02-24 08:12:10,INFO,api_gateway,Rate limit check passed for client_id=CLI328
LOG0007809,2026-02-24 08:16:29,INFO,payment,Currency conversion: USD→IDR for order_id=ORD27348
LOG0008963,2026-02-24 08:25:31,INFO,api_gateway,POST /api/v1/orders responded 201 in 156ms
LOG0008359,2026-02-24 08:30:55,ERROR,api_gateway,Invalid request schema on POST /api/v1/orders
LOG0009204,2026-02-24 08:32:22,WARNING,payment,Suspicious transaction flagged: order_id=ORD70374
LOG0002314,2026-02-24 08:34:55,WARNING,auth,Token expiring soon for user_id=USR1009
LOG0000518,2026-02-24 08:35:55,INFO,payment,Invoice generated: invoice_id=INV48584
LOG0000972,2026-02-24 08:45:56,WARNING,payment,High transaction volume: 32 TPS (threshold: 50 TPS)
LOG0000809,2026-02-24 08:49:54,INFO,database,Backup snapshot completed successfully
LOG0007507,2026-02-24 08:51:22,WARNING,database,Long-running transaction detected: txn_id=TXN18067 (2854ms)
LOG0002268,2026-02-24 08:52:17,INFO,api_gateway,Request routed to service: order-service in 2906ms
LOG0000571,2026-02-24 09:01:36,ERROR,auth,Session expired: user_id=USR7904
LOG0007303,2026-02-24 09:04:14,ERROR,api_gateway,Rate limit exceeded for client_id=CLI622
LOG0009986,2026-02-24 09:22:18,INFO,auth,User login successful: user_id=USR6164
LOG0000435,2026-02-24 09:25:54,WARNING,auth,Failed login attempt for user_id=USR8061 (attempt 86/5)
LOG0006485,2026-02-24 09:29:32,INFO,auth,User registered successfully: user_id=USR2452
LOG0003342,2026-02-24 09:36:57,ERROR,database,Query failed: syntax error near 'SELCT'
LOG0005009,2026-02-24 09:36:58,WARNING,auth,Multiple sessions detected for user_id=USR1951
LOG0006403,2026-02-24 09:46:29,INFO,database,Query executed: SELECT users WHERE id=USR5538 (3841ms)
LOG0006027,2026-02-24 09:48:31,INFO,database,INSERT INTO orders completed (4054ms)
LOG0002634,2026-02-24 09:50:21,INFO,auth,Session created: session_id=SESS95140
LOG0006226,2026-02-24 09:55:08,INFO,auth,Password changed for user_id=USR7056
LOG0001230,2026-02-24 09:59:05,INFO,api_gateway,POST /api/v1/orders responded 201 in 635ms
LOG0002815,2026-02-24 09:59:30,INFO,api_gateway,GET /api/v1/users responded 200 in 1396ms
LOG0007865,2026-02-24 10:00:42,WARNING,auth,Multiple sessions detected for user_id=USR5147
LOG0009489,2026-02-24 10:07:32,WARNING,payment,Payment provider response slow: 3180ms
LOG0006216,2026-02-24 10:09:29,INFO,auth,Token refreshed for user_id=USR8971
LOG0006192,2026-02-24 10:16:00,INFO,auth,User logout: user_id=USR5758
LOG0002324,2026-02-24 10:20:49,INFO,api_gateway,DELETE /api/v1/item/INV95855 responded 204 in 38ms
LOG0009635,2026-02-24 10:21:41,INFO,database,Query executed: SELECT users WHERE id=USR8493 (582ms)
LOG0009695,2026-02-24 10:26:29,INFO,auth,User login successful: user_id=USR5456
LOG0006859,2026-02-24 10:29:10,WARNING,auth,Password reset requested for user_id=USR5162
LOG0002421,2026-02-24 10:39:15,WARNING,api_gateway,Deprecated endpoint called: /api/v0/users by client_id=CLI569
LOG0005775,2026-02-24 10:48:26,INFO,payment,Webhook received from payment provider: status=SUCCESS
LOG0005864,2026-02-24 10:55:59,INFO,api_gateway,Request routed to service: user-service in 3200ms
LOG0003841,2026-02-24 10:56:37,INFO,api_gateway,Request routed to service: inventory-service in 104ms
LOG0002279,2026-02-24 10:59:12,INFO,auth,Session created: session_id=SESS27661
LOG0001113,2026-02-24 11:00:44,INFO,payment,Invoice generated: invoice_id=INV51910
LOG0004022,2026-02-24 11:01:30,INFO,payment,Invoice generated: invoice_id=INV28883
LOG0001249,2026-02-24 11:05:13,INFO,auth,Token generated for user_id=USR4928
LOG0008679,2026-02-24 11:07:00,INFO,auth,Session created: session_id=SESS83014
LOG0001612,2026-02-24 11:10:50,INFO,payment,Payment gateway responded OK in 1733ms
LOG0009067,2026-02-24 11:14:48,INFO,payment,Invoice generated: invoice_id=INV93875
LOG0003283,2026-02-24 11:21:15,INFO,auth,Password changed for user_id=USR4107
LOG0006240,2026-02-24 11:22:12,INFO,auth,User registered successfully: user_id=USR5558
LOG0001820,2026-02-24 11:22:50,INFO,auth,Password changed for user_id=USR2587
LOG0002546,2026-02-24 11:26:47,INFO,database,Backup snapshot completed successfully
LOG0006394,2026-02-24 11:29:19,WARNING,database,Table=orders approaching max size: 14% capacity
LOG0004105,2026-02-24 11:33:26,INFO,payment,Subscription renewed: user_id=USR7737
LOG0003853,2026-02-24 11:35:04,INFO,payment,Payment gateway responded OK in 3871ms
LOG0001070,2026-02-24 11:37:45,WARNING,payment,Suspicious transaction flagged: order_id=ORD54681
LOG0003840,2026-02-24 11:40:41,INFO,payment,Invoice generated: invoice_id=INV58491
LOG0009079,2026-02-24 11:41:22,INFO,payment,Subscription renewed: user_id=USR4423
LOG0006537,2026-02-24 11:42:47,INFO,auth,Password changed for user_id=USR4053
LOG0001118,2026-02-24 11:50:22,INFO,api_gateway,POST /api/v1/orders responded 201 in 2994ms
LOG0009269,2026-02-24 12:00:04,INFO,auth,User login successful: user_id=USR3843
LOG0004281,2026-02-24 12:06:38,INFO,api_gateway,DELETE /api/v1/item/INV48415 responded 204 in 3201ms
LOG0004452,2026-02-24 12:07:22,INFO,database,INSERT INTO orders completed (3989ms)
LOG0001774,2026-02-24 12:10:41,INFO,api_gateway,Rate limit check passed for client_id=CLI321
LOG0005789,2026-02-24 12:14:10,WARNING,auth,Password reset requested for user_id=USR8434
LOG0008888,2026-02-24 12:14:54,INFO,payment,"Payment processed: order_id=ORD82988 amount=Rp7,519,000"
LOG0005791,2026-02-24 12:19:52,INFO,auth,Token generated for user_id=USR6005
LOG0002237,2026-02-24 12:23:40,INFO,database,INSERT INTO orders completed (2444ms)
LOG0009300,2026-02-24 12:25:13,INFO,payment,Payment gateway responded OK in 1419ms
LOG0006985,2026-02-24 12:30:43,INFO,api_gateway,Request routed to service: inventory-service in 1665ms
LOG0009039,2026-02-24 12:36:40,WARNING,auth,Password reset requested for user_id=USR8029
LOG0003459,2026-02-24 12:38:49,WARNING,payment,High transaction volume: 99 TPS (threshold: 50 TPS)
LOG0006203,2026-02-24 12:46:43,INFO,auth,Session created: session_id=SESS71187
LOG0001698,2026-02-24 12:49:10,INFO,payment,Currency conversion: USD→IDR for order_id=ORD13225
LOG0004592,2026-02-24 12:52:08,ERROR,payment,Fraud detection triggered: order_id=ORD58862
LOG0007708,2026-02-24 12:56:31,INFO,database,Cache hit ratio: 81% for last 5 minutes
LOG0003270,2026-02-24 13:03:59,INFO,auth,2FA verification passed: user_id=USR6597
LOG0007032,2026-02-24 13:06:37,ERROR,api_gateway,Invalid request schema on POST /api/v1/orders
LOG0002812,2026-02-24 13:08:54,WARNING,database,Connection pool usage high: 99/20 connections
LOG0006006,2026-02-24 13:10:03,INFO,payment,"Refund issued: order_id=ORD23051 amount=Rp5,508,000"
LOG0005062,2026-02-24 13:16:24,INFO,api_gateway,GET /api/v1/products responded 200 in 3764ms
LOG0005928,2026-02-24 13:21:44,INFO,database,Index hit on table=products query (4491ms)
LOG0005234,2026-02-24 13:24:03,INFO,api_gateway,Request routed to service: order-service in 160ms
LOG0008595,2026-02-24 13:24:58,INFO,database,INSERT INTO orders completed (607ms)
LOG0004516,2026-02-24 13:28:24,INFO,auth,Session created: session_id=SESS93866
LOG0004697,2026-02-24 13:33:20,INFO,api_gateway,POST /api/v1/orders responded 201 in 3810ms
LOG0001053,2026-02-24 13:33:23,INFO,database,Query executed: SELECT users WHERE id=USR5176 (1774ms)
LOG0007433,2026-02-24 13:38:15,INFO,database,Index hit on table=products query (3976ms)
LOG0009059,2026-02-24 13:44:20,INFO,api_gateway,GET /api/v1/products responded 200 in 4196ms
LOG0003916,2026-02-24 13:49:46,INFO,api_gateway,GET /api/v1/products responded 200 in 2434ms
LOG0008343,2026-02-24 13:52:10,INFO,database,Connection pool: 24/20 active connections
LOG0004236,2026-02-24 14:00:52,INFO,payment,Webhook received from payment provider: status=SUCCESS
LOG0000191,2026-02-24 14:01:24,WARNING,database,Table=orders approaching max size: 88% capacity
LOG0008763,2026-02-24 14:14:40,INFO,database,Transaction committed: txn_id=TXN76190
LOG0006516,2026-02-24 14:26:56,INFO,database,Transaction committed: txn_id=TXN20518
LOG0003824,2026-02-24 14:30:34,WARNING,api_gateway,Retry attempt 24 for downstream service inventory-service
LOG0001626,2026-02-24 14:31:09,WARNING,auth,Unusual login location detected: user_id=USR2655
LOG0002903,2026-02-24 14:32:59,WARNING,api_gateway,Deprecated endpoint called: /api/v0/users by client_id=CLI697
LOG0001358,2026-02-24 14:40:09,INFO,auth,Token generated for user_id=USR3125
LOG0004564,2026-02-24 14:40:19,INFO,database,Query executed: SELECT users WHERE id=USR9577 (355ms)
LOG0000036,2026-02-24 14:41:29,INFO,database,Connection pool: 28/20 active connections
LOG0007010,2026-02-24 14:42:24,INFO,auth,Password changed for user_id=USR5062
LOG0000710,2026-02-24 14:50:04,INFO,auth,User login successful: user_id=USR8012
LOG0000834,2026-02-24 14:53:27,INFO,api_gateway,POST /api/v1/orders responded 201 in 4121ms
LOG0004800,2026-02-24 14:53:33,INFO,auth,Password changed for user_id=USR7029
LOG0003983,2026-02-24 14:56:27,ERROR,database,Replication lag exceeded threshold: 1127ms behind primary
LOG0006270,2026-02-24 14:56:29,INFO,payment,Currency conversion: USD→IDR for order_id=ORD64621
LOG0002405,2026-02-24 14:59:26,INFO,auth,User registered successfully: user_id=USR4819
LOG0004771,2026-02-24 15:06:14,WARNING,auth,Token expiring soon for user_id=USR5148
LOG0003753,2026-02-24 15:09:47,ERROR,auth,Invalid credentials for user_id=USR7492
LOG0001749,2026-02-24 15:12:07,INFO,database,Index hit on table=products query (2120ms)
LOG0005374,2026-02-24 15:17:13,ERROR,payment,Payment gateway timeout after 4049ms: order_id=ORD27873
LOG0009510,2026-02-24 15:19:33,INFO,database,Backup snapshot completed successfully
LOG0001058,2026-02-24 15:25:36,INFO,auth,Password changed for user_id=USR5113
LOG0003378,2026-02-24 15:32:24,INFO,database,Transaction committed: txn_id=TXN64763
LOG0004364,2026-02-24 15:38:21,INFO,api_gateway,POST /api/v1/orders responded 201 in 695ms
LOG0002131,2026-02-24 15:47:43,INFO,payment,Currency conversion: USD→IDR for order_id=ORD68021
LOG0008657,2026-02-24 15:51:58,ERROR,api_gateway,Invalid request schema on POST /api/v1/orders
LOG0004004,2026-02-24 15:52:45,WARNING,payment,Payment provider response slow: 2070ms
LOG0009215,2026-02-24 15:53:51,INFO,payment,Currency conversion: USD→IDR for order_id=ORD72750
LOG0002226,2026-02-24 15:57:10,WARNING,api_gateway,Deprecated endpoint called: /api/v0/users by client_id=CLI331
LOG0004292,2026-02-24 16:00:20,INFO,auth,Token generated for user_id=USR6451
LOG0005290,2026-02-24 16:03:40,INFO,payment,Payment gateway responded OK in 4156ms
LOG0007913,2026-02-24 16:07:28,INFO,database,Transaction committed: txn_id=TXN52995
LOG0000313,2026-02-24 16:08:45,INFO,auth,Password changed for user_id=USR7457
LOG0003605,2026-02-24 16:08:54,ERROR,auth,Invalid credentials for user_id=USR2465
LOG0000866,2026-02-24 16:09:31,ERROR,api_gateway,Invalid request schema on POST /api/v1/orders
LOG0001759,2026-02-24 16:11:14,ERROR,payment,Webhook delivery failed after 3 retries
LOG0004468,2026-02-24 16:14:57,INFO,auth,User registered successfully: user_id=USR2068
LOG0005949,2026-02-24 16:15:19,ERROR,auth,JWT signature mismatch for user_id=USR9368
LOG0004518,2026-02-24 16:18:39,INFO,payment,Webhook received from payment provider: status=SUCCESS
LOG0009064,2026-02-24 16:18:45,INFO,payment,Webhook received from payment provider: status=SUCCESS
LOG0005042,2026-02-24 16:23:08,INFO,auth,2FA verification passed: user_id=USR6885
LOG0003948,2026-02-24 16:24:26,INFO,database,Transaction committed: txn_id=TXN18318
LOG0000774,2026-02-24 16:29:15,WARNING,api_gateway,Deprecated endpoint called: /api/v0/users by client_id=CLI749
LOG0005967,2026-02-24 16:32:13,ERROR,database,Disk usage critical: 65% on /var/lib/postgres
LOG0009779,2026-02-24 16:47:17,INFO,auth,User registered successfully: user_id=USR8368
LOG0004859,2026-02-24 16:50:52,WARNING,api_gateway,High latency detected on route /api/v1/search: 4310ms
LOG0006177,2026-02-24 16:54:16,ERROR,database,Disk usage critical: 31% on /var/lib/postgres
LOG0006568,2026-02-24 16:59:03,ERROR,database,Deadlock detected on table=orders: txn_id=TXN89275
LOG0007382,2026-02-24 17:03:10,INFO,api_gateway,GET /api/v1/products responded 200 in 1135ms
LOG0002330,2026-02-24 17:05:09,INFO,database,INSERT INTO orders completed (1074ms)
LOG0003503,2026-02-24 17:10:27,WARNING,database,Slow query detected: 3169ms on table=logs
LOG0006609,2026-02-24 17:17:30,WARNING,database,Table=orders approaching max size: 57% capacity
LOG0007732,2026-02-24 17:17:54,INFO,payment,Subscription renewed: user_id=USR9645
LOG0004640,2026-02-24 17:17:58,WARNING,auth,Password reset requested for user_id=USR4735
LOG0000927,2026-02-24 17:24:42,INFO,database,Connection pool: 83/20 active connections
LOG0007155,2026-02-24 17:26:34,ERROR,database,Connection timeout to primary DB host
LOG0003232,2026-02-24 17:26:56,INFO,api_gateway,Rate limit check passed for client_id=CLI418
LOG0003632,2026-02-24 17:31:51,INFO,api_gateway,POST /api/v1/orders responded 201 in 729ms
LOG0005383,2026-02-24 17:34:44,INFO,api_gateway,Request routed to service: order-service in 351ms
LOG0005126,2026-02-24 17:39:59,INFO,database,INSERT INTO orders completed (2103ms)
LOG0003108,2026-02-24 17:41:54,WARNING,database,Connection pool usage high: 29/20 connections
LOG0005571,2026-02-24 17:42:45,INFO,api_gateway,POST /api/v1/orders responded 201 in 3037ms
LOG0002337,2026-02-24 17:43:34,INFO,database,Transaction committed: txn_id=TXN93446
LOG0002478,2026-02-24 17:51:14,WARNING,payment,High transaction volume: 77 TPS (threshold: 50 TPS)
LOG0000103,2026-02-24 17:59:32,INFO,payment,"Payment processed: order_id=ORD34032 amount=Rp5,715,000"
LOG0003558,2026-02-24 18:01:38,INFO,database,Cache hit ratio: 94% for last 5 minutes
LOG0007138,2026-02-24 18:04:20,WARNING,payment,Suspicious transaction flagged: order_id=ORD77169
LOG0004414,2026-02-24 18:05:49,INFO,auth,Token refreshed for user_id=USR8087
LOG0005096,2026-02-24 18:11:20,WARNING,database,Index miss on table=events: consider reindexing
LOG0007031,2026-02-24 18:12:13,INFO,auth,Password changed for user_id=USR6793
LOG0008428,2026-02-24 18:18:48,ERROR,payment,Payment gateway timeout after 2387ms: order_id=ORD90618
LOG0008493,2026-02-24 18:21:24,INFO,api_gateway,DELETE /api/v1/item/INV35649 responded 204 in 77ms
LOG0001348,2026-02-24 18:29:10,WARNING,auth,Failed login attempt for user_id=USR4438 (attempt 11/5)
LOG0009171,2026-02-24 18:43:14,INFO,database,Index hit on table=products query (85ms)
LOG0000274,2026-02-24 18:45:12,INFO,api_gateway,Request routed to service: user-service in 2926ms
LOG0002533,2026-02-24 18:46:07,WARNING,auth,Token expiring soon for user_id=USR2526
LOG0007189,2026-02-24 18:46:20,WARNING,database,Connection pool usage high: 25/20 connections
LOG0006413,2026-02-24 18:49:55,WARNING,payment,Payment retry attempt 26/3 for order_id=ORD29106
LOG0008578,2026-02-24 18:57:59,INFO,api_gateway,GET /api/v1/products responded 200 in 1963ms
LOG0007605,2026-02-24 19:00:43,INFO,auth,Password changed for user_id=USR8289
LOG0001440,2026-02-24 19:01:04,INFO,database,Backup snapshot completed successfully
LOG0002708,2026-02-24 19:03:29,WARNING,api_gateway,Slow response: GET /api/v1/reports took 3053ms
LOG0001040,2026-02-24 19:12:14,INFO,api_gateway,GET /api/v1/products responded 200 in 2929ms
LOG0008749,2026-02-24 19:12:37,WARNING,payment,High transaction volume: 97 TPS (threshold: 50 TPS)
LOG0002780,2026-02-24 19:13:12,INFO,auth,Token generated for user_id=USR7268
LOG0009677,2026-02-24 19:15:52,ERROR,payment,Payment gateway timeout after 3172ms: order_id=ORD60227
LOG0002563,2026-02-24 19:16:14,WARNING,api_gateway,Rate limit approaching for client_id=CLI264: 32/100 req/min
LOG0001710,2026-02-24 19:16:20,INFO,api_gateway,GET /api/v1/products responded 200 in 3896ms
LOG0007904,2026-02-24 19:16:47,INFO,auth,Token generated for user_id=USR8777
LOG0000330,2026-02-24 19:21:27,INFO,auth,Token generated for user_id=USR8647
LOG0002390,2026-02-24 19:24:26,INFO,database,Connection pool: 98/20 active connections
LOG0004007,2026-02-24 19:26:04,INFO,database,Query executed: SELECT users WHERE id=USR2708 (1244ms)
LOG0005140,2026-02-24 19:27:27,WARNING,auth,Password reset requested for user_id=USR6453
LOG0005947,2026-02-24 19:28:22,ERROR,auth,JWT signature mismatch for user_id=USR2149
LOG0009893,2026-02-24 19:32:13,INFO,database,Query executed: SELECT users WHERE id=USR5094 (1994ms)
LOG0004825,2026-02-24 19:38:43,INFO,database,Query executed: SELECT users WHERE id=USR2660 (2216ms)
LOG0003360,2026-02-24 19:42:28,INFO,payment,"Refund issued: order_id=ORD85319 amount=Rp484,000"
LOG0002705,2026-02-24 19:42:35,INFO,api_gateway,GET /api/v1/users responded 200 in 3163ms
LOG0005773,2026-02-24 19:45:05,INFO,auth,Token refreshed for user_id=USR8422
LOG0000659,2026-02-24 19:52:34,INFO,api_gateway,POST /api/v1/orders responded 201 in 132ms
LOG0000043,2026-02-24 19:56:16,INFO,api_gateway,GET /api/v1/users responded 200 in 952ms
LOG0000686,2026-02-24 19:59:40,INFO,database,Cache hit ratio: 91% for last 5 minutes
LOG0008368,2026-02-24 20:08:33,INFO,auth,2FA verification passed: user_id=USR3532
LOG0008064,2026-02-24 20:20:10,WARNING,payment,Payment provider response slow: 4295ms
LOG0000269,2026-02-24 20:22:28,INFO,auth,Password changed for user_id=USR7135
LOG0006378,2026-02-24 20:31:25,ERROR,payment,Payment gateway timeout after 961ms: order_id=ORD34215
LOG0000980,2026-02-24 20:49:00,WARNING,database,Slow query detected: 1341ms on table=logs
LOG0000712,2026-02-24 20:54:07,INFO,payment,Subscription renewed: user_id=USR1627
LOG0002878,2026-02-24 20:56:02,ERROR,payment,Currency conversion error for order_id=ORD31652
LOG0006937,2026-02-24 20:58:33,INFO,api_gateway,Rate limit check passed for client_id=CLI724
LOG0009135,2026-02-24 20:58:38,INFO,payment,Payment gateway responded OK in 92ms
LOG0009698,2026-02-24 21:04:06,INFO,auth,Token refreshed for user_id=USR9656
LOG0000552,2026-02-24 21:10:23,WARNING,auth,Token expiring soon for user_id=USR8788
LOG0003816,2026-02-24 21:15:37,INFO,api_gateway,GET /api/v1/products responded 200 in 2832ms
LOG0002317,2026-02-24 21:24:48,INFO,payment,Webhook received from payment provider: status=SUCCESS
LOG0001824,2026-02-24 21:26:54,INFO,auth,Token refreshed for user_id=USR5800
LOG0002433,2026-02-24 21:30:43,INFO,database,Backup snapshot completed successfully
LOG0001349,2026-02-24 21:38:05,INFO,auth,Password changed for user_id=USR8831
LOG0008305,2026-02-24 21:38:25,ERROR,database,Connection timeout to primary DB host
LOG0000217,2026-02-24 21:45:27,INFO,auth,User registered successfully: user_id=USR5713
LOG0000380,2026-02-24 21:45:57,ERROR,database,Query failed: syntax error near 'SELCT'
LOG0004566,2026-02-24 21:52:10,INFO,auth,User registered successfully: user_id=USR7025
LOG0005202,2026-02-24 21:55:40,INFO,auth,2FA verification passed: user_id=USR8727
LOG0004357,2026-02-24 22:01:12,INFO,auth,Token refreshed for user_id=USR3478
LOG0007979,2026-02-24 22:12:56,INFO,auth,Token generated for user_id=USR5915
LOG0009523,2026-02-24 22:33:47,INFO,payment,Invoice generated: invoice_id=INV83711
LOG0004993,2026-02-24 22:45:22,INFO,api_gateway,Rate limit check passed for client_id=CLI652
LOG0006794,2026-02-24 22:45:29,INFO,api_gateway,POST /api/v1/orders responded 201 in 2122ms
LOG0000493,2026-02-24 22:47:05,INFO,payment,Invoice generated: invoice_id=INV26043
LOG0003852,2026-02-24 22:51:37,WARNING,payment,Payment provider response slow: 1176ms
LOG0007442,2026-02-24 23:00:33,INFO,payment,Currency conversion: USD→IDR for order_id=ORD57856
LOG0007990,2026-02-24 23:03:10,INFO,api_gateway,POST /api/v1/orders responded 201 in 3799ms
LOG0007894,2026-02-24 23:13:20,WARNING,api_gateway,Retry attempt 30 for downstream service order-service
LOG0007021,2026-02-24 23:17:39,WARNING,database,Slow query detected: 3879ms on table=logs
LOG0008247,2026-02-24 23:23:25,INFO,database,Cache hit ratio: 23% for last 5 minutes
LOG0008433,2026-02-24 23:30:58,INFO,auth,Session created: session_id=SESS97950
LOG0006651,2026-02-24 23:32:58,INFO,api_gateway,DELETE /api/v1/item/INV30941 responded 204 in 3549ms
LOG0009099,2026-02-24 23:34:40,WARNING,database,Connection pool usage high: 8/20 connections
LOG0002476,2026-02-24 23:37:28,INFO,auth,Token generated for user_id=USR5054
LOG0009628,2026-02-24 23:44:37,INFO,database,Cache hit ratio: 78% for last 5 minutes
LOG0006454,2026-02-24 23:45:08,INFO,auth,Token refreshed for user_id=USR9153
LOG0005492,2026-02-24 23:45:49,INFO,api_gateway,PUT /api/v1/profile responded 200 in 3246ms
LOG0002534,2026-02-24 23:46:15,WARNING,payment,Payment provider response slow: 1888ms
LOG0003080,2026-02-24 23:46:56,WARNING,auth,Token expiring soon for user_id=USR2194
LOG0009933,2026-02-24 23:48:42,WARNING,api_gateway,High latency detected on route /api/v1/search: 3293ms
LOG0003409,2026-02-24 23:50:04,ERROR,payment,Webhook delivery failed after 3 retries
LOG0009562,2026-02-25 00:02:20,INFO,auth,2FA verification passed: user_id=USR6039
LOG0003215,2026-02-25 00:02:53,INFO,auth,Token refreshed for user_id=USR8556
LOG0007668,2026-02-25 00:05:33,INFO,payment,Payment gateway responded OK in 1887ms
LOG0004080,2026-02-25 00:08:58,INFO,auth,Token generated for user_id=USR5311
LOG0007557,2026-02-25 00:18:28,INFO,payment,Webhook received from payment provider: status=SUCCESS
LOG0002671,2026-02-25 00:21:49,INFO,database,Query executed: SELECT users WHERE id=USR4719 (1000ms)
LOG0003988,2026-02-25 00:41:36,INFO,api_gateway,DELETE /api/v1/item/INV86260 responded 204 in 4476ms
LOG0000662,2026-02-25 00:48:30,ERROR,api_gateway,POST /api/v1/payment returned 500 after 1616ms
LOG0000812,2026-02-25 00:48:59,INFO,database,Index hit on table=products query (908ms)
LOG0000645,2026-02-25 00:53:31,INFO,database,Query executed: SELECT users WHERE id=USR1059 (316ms)
LOG0006808,2026-02-25 00:59:28,INFO,api_gateway,GET /api/v1/products responded 200 in 3541ms
LOG0003670,2026-02-25 00:59:48,INFO,api_gateway,GET /api/v1/products responded 200 in 296ms
LOG0008705,2026-02-25 01:02:02,INFO,database,Connection pool: 15/20 active connections
LOG0007354,2026-02-25 01:06:43,INFO,api_gateway,GET /api/v1/users responded 200 in 3769ms
LOG0000047,2026-02-25 01:11:49,INFO,payment,Currency conversion: USD→IDR for order_id=ORD83485
LOG0000153,2026-02-25 01:15:52,WARNING,payment,High transaction volume: 26 TPS (threshold: 50 TPS)
LOG0002624,2026-02-25 01:28:37,INFO,auth,User logout: user_id=USR5773
LOG0002238,2026-02-25 01:30:56,INFO,auth,User logout: user_id=USR7558
LOG0003523,2026-02-25 01:32:26,INFO,payment,Subscription renewed: user_id=USR2034
LOG0008187,2026-02-25 01:37:40,INFO,api_gateway,Rate limit check passed for client_id=CLI465
LOG0002875,2026-02-25 01:40:42,INFO,database,INSERT INTO orders completed (1279ms)
LOG0002781,2026-02-25 01:43:45,INFO,api_gateway,GET /api/v1/products responded 200 in 955ms
LOG0001895,2026-02-25 01:43:54,INFO,api_gateway,GET /api/v1/users responded 200 in 4266ms
LOG0001016,2026-02-25 01:47:14,INFO,api_gateway,DELETE /api/v1/item/INV45839 responded 204 in 222ms
LOG0003608,2026-02-25 01:55:55,WARNING,database,Index miss on table=events: consider reindexing
LOG0008974,2026-02-25 01:56:31,INFO,auth,User login successful: user_id=USR1834
LOG0000175,2026-02-25 01:57:07,INFO,auth,Token generated for user_id=USR2692
LOG0002470,2026-02-25 02:00:24,ERROR,api_gateway,Upstream service user-service unreachable: connection timeout
LOG0009690,2026-02-25 02:08:25,WARNING,payment,Card expiry warning for user_id=USR7874
LOG0003889,2026-02-25 02:13:20,INFO,auth,Token refreshed for user_id=USR7905
LOG0000925,2026-02-25 02:14:04,WARNING,payment,Payment retry attempt 36/3 for order_id=ORD38685
LOG0002203,2026-02-25 02:14:10,INFO,database,INSERT INTO orders completed (1863ms)
LOG0007150,2026-02-25 02:20:50,INFO,database,Transaction committed: txn_id=TXN51862
LOG0003343,2026-02-25 02:34:51,INFO,database,Index hit on table=products query (2483ms)
LOG0001961,2026-02-25 02:36:31,WARNING,auth,Multiple sessions detected for user_id=USR9431
LOG0005788,2026-02-25 02:53:46,ERROR,database,Query failed: syntax error near 'SELCT'
LOG0009826,2026-02-25 02:55:07,ERROR,database,Disk usage critical: 69% on /var/lib/postgres
LOG0004493,2026-02-25 02:58:22,ERROR,api_gateway,Upstream service order-service unreachable: connection timeout
LOG0003911,2026-02-25 03:03:57,INFO,payment,Currency conversion: USD→IDR for order_id=ORD36737
LOG0006608,2026-02-25 03:04:25,ERROR,api_gateway,Invalid request schema on POST /api/v1/orders
LOG0004056,2026-02-25 03:11:23,INFO,api_gateway,POST /api/v1/orders responded 201 in 1175ms
LOG0000742,2026-02-25 03:12:30,INFO,payment,Currency conversion: USD→IDR for order_id=ORD56168
LOG0008239,2026-02-25 03:13:35,WARNING,payment,Card expiry warning for user_id=USR6162
LOG0007593,2026-02-25 03:16:15,INFO,auth,User registered successfully: user_id=USR7353
LOG0004287,2026-02-25 03:21:09,INFO,api_gateway,POST /api/v1/orders responded 201 in 909ms
LOG0002273,2026-02-25 03:22:33,WARNING,payment,Payment retry attempt 86/3 for order_id=ORD96925
LOG0006655,2026-02-25 03:23:58,INFO,database,Cache hit ratio: 42% for last 5 minutes
LOG0004197,2026-02-25 03:27:11,INFO,api_gateway,PUT /api/v1/profile responded 200 in 4350ms
LOG0005071,2026-02-25 03:34:46,INFO,api_gateway,Rate limit check passed for client_id=CLI333
LOG0006100,2026-02-25 03:40:34,INFO,database,Query executed: SELECT users WHERE id=USR7709 (3459ms)
LOG0000559,2026-02-25 03:46:44,ERROR,auth,Session expired: user_id=USR4984
LOG0008026,2026-02-25 03:47:19,INFO,api_gateway,Request routed to service: inventory-service in 1767ms
LOG0004785,2026-02-25 03:53:04,WARNING,payment,High transaction volume: 14 TPS (threshold: 50 TPS)
LOG0008220,2026-02-25 03:55:53,INFO,auth,Token generated for user_id=USR2887
LOG0004513,2026-02-25 04:00:07,INFO,api_gateway,Request routed to service: inventory-service in 181ms
LOG0005309,2026-02-25 04:08:38,INFO,database,INSERT INTO orders completed (3786ms)
LOG0006754,2026-02-25 04:09:48,WARNING,database,Connection pool usage high: 30/20 connections
LOG0003234,2026-02-25 04:16:00,INFO,api_gateway,GET /api/v1/users responded 200 in 2492ms
LOG0004009,2026-02-25 04:23:12,ERROR,api_gateway,Circuit breaker OPEN for service: order-service
LOG0004815,2026-02-25 04:23:40,WARNING,api_gateway,High latency detected on route /api/v1/search: 452ms
LOG0005833,2026-02-25 04:26:41,INFO,payment,Currency conversion: USD→IDR for order_id=ORD63402
LOG0007855,2026-02-25 04:30:11,INFO,api_gateway,GET /api/v1/users responded 200 in 2610ms
LOG0007857,2026-02-25 04:32:16,INFO,api_gateway,PUT /api/v1/profile responded 200 in 4217ms
LOG0001581,2026-02-25 04:38:12,INFO,api_gateway,PUT /api/v1/profile responded 200 in 3060ms
LOG0003619,2026-02-25 04:38:23,INFO,payment,Payment gateway responded OK in 3963ms
LOG0009626,2026-02-25 04:42:16,INFO,auth,Session created: session_id=SESS49621
LOG0002334,2026-02-25 04:49:40,INFO,api_gateway,POST /api/v1/orders responded 201 in 1647ms
LOG0007650,2026-02-25 04:50:50,INFO,auth,Token generated for user_id=USR5954
LOG0009891,2026-02-25 04:52:21,WARNING,api_gateway,High latency detected on route /api/v1/search: 4025ms
LOG0004203,2026-02-25 05:00:19,INFO,api_gateway,GET /api/v1/products responded 200 in 2696ms
LOG0000207,2026-02-25 05:05:05,ERROR,api_gateway,Circuit breaker OPEN for service: user-service
LOG0005470,2026-02-25 05:08:51,WARNING,payment,Payment provider response slow: 2169ms
LOG0005551,2026-02-25 05:09:06,INFO,database,Backup snapshot completed successfully
LOG0007043,2026-02-25 05:15:12,INFO,api_gateway,GET /api/v1/products responded 200 in 2493ms
LOG0007697,2026-02-25 05:15:17,INFO,database,Transaction committed: txn_id=TXN59476
LOG0001591,2026-02-25 05:16:05,INFO,payment,Invoice generated: invoice_id=INV88871
LOG0002952,2026-02-25 05:17:36,INFO,api_gateway,GET /api/v1/users responded 200 in 504ms
LOG0006865,2026-02-25 05:19:17,INFO,database,Connection pool: 54/20 active connections
LOG0005264,2026-02-25 05:21:41,WARNING,api_gateway,Slow response: GET /api/v1/reports took 1816ms
LOG0003048,2026-02-25 05:27:12,INFO,auth,Password changed for user_id=USR4295
LOG0009116,2026-02-25 05:34:01,WARNING,database,Connection pool usage high: 16/20 connections
LOG0009908,2026-02-25 05:35:55,INFO,auth,2FA verification passed: user_id=USR8216
LOG0000228,2026-02-25 05:42:19,WARNING,auth,Password reset requested for user_id=USR3616
LOG0002906,2026-02-25 05:42:26,INFO,auth,User logout: user_id=USR2840
LOG0003907,2026-02-25 05:45:15,WARNING,payment,High transaction volume: 51 TPS (threshold: 50 TPS)
LOG0002451,2026-02-25 05:47:15,WARNING,api_gateway,High latency detected on route /api/v1/search: 1671ms
LOG0006272,2026-02-25 05:50:21,INFO,database,Transaction committed: txn_id=TXN27989
LOG0008128,2026-02-25 05:54:01,INFO,auth,Session created: session_id=SESS32013
LOG0006302,2026-02-25 05:56:49,INFO,database,Transaction committed: txn_id=TXN95885
LOG0003461,2026-02-25 05:57:12,INFO,database,Connection pool: 70/20 active connections
LOG0006284,2026-02-25 05:58:17,WARNING,payment,Suspicious transaction flagged: order_id=ORD47174
LOG0002736,2026-02-25 05:58:37,WARNING,payment,High transaction volume: 49 TPS (threshold: 50 TPS)
LOG0005918,2026-02-25 05:58:43,INFO,payment,Currency conversion: USD→IDR for order_id=ORD53507
LOG0005741,2026-02-25 06:01:12,INFO,auth,User registered successfully: user_id=USR5905
LOG0006348,2026-02-25 06:04:25,ERROR,payment,Webhook delivery failed after 3 retries
LOG0009206,2026-02-25 06:04:27,WARNING,payment,Payment provider response slow: 3522ms
LOG0000919,2026-02-25 06:04:57,INFO,auth,User registered successfully: user_id=USR5875
LOG0000835,2026-02-25 06:09:33,INFO,database,Query executed: SELECT users WHERE id=USR8969 (4154ms)
LOG0001010,2026-02-25 06:09:56,INFO,auth,User logout: user_id=USR1966
LOG0002627,2026-02-25 06:14:02,INFO,api_gateway,Request routed to service: user-service in 3063ms
LOG0008864,2026-02-25 06:16:10,INFO,payment,Webhook received from payment provider: status=SUCCESS
LOG0005632,2026-02-25 06:18:02,INFO,payment,Subscription renewed: user_id=USR9776
LOG0001304,2026-02-25 06:20:58,INFO,api_gateway,Request routed to service: user-service in 3248ms
LOG0006212,2026-02-25 06:22:55,INFO,auth,2FA verification passed: user_id=USR6082
LOG0003815,2026-02-25 06:23:50,INFO,api_gateway,DELETE /api/v1/item/INV36912 responded 204 in 3603ms
LOG0008934,2026-02-25 06:29:15,INFO,payment,Webhook received from payment provider: status=SUCCESS
LOG0008813,2026-02-25 06:34:21,INFO,database,Backup snapshot completed successfully
LOG0003174,2026-02-25 06:49:33,INFO,auth,User login successful: user_id=USR4695
LOG0007042,2026-02-25 06:49:46,INFO,payment,Webhook received from payment provider: status=SUCCESS
LOG0009544,2026-02-25 06:58:19,WARNING,database,Table=orders approaching max size: 13% capacity
LOG0006722,2026-02-25 07:21:15,INFO,api_gateway,DELETE /api/v1/item/INV67691 responded 204 in 3372ms
LOG0008915,2026-02-25 07:27:40,INFO,payment,Currency conversion: USD→IDR for order_id=ORD86443
LOG0003148,2026-02-25 07:40:07,INFO,auth,User registered successfully: user_id=USR3934
LOG0009049,2026-02-25 07:40:15,INFO,auth,Session created: session_id=SESS68715
LOG0002871,2026-02-25 07:42:00,INFO,auth,Token refreshed for user_id=USR5769
LOG0009412,2026-02-25 07:42:39,ERROR,database,Connection timeout to primary DB host
LOG0003365,2026-02-25 07:42:57,INFO,database,Index hit on table=products query (192ms)
LOG0009272,2026-02-25 07:45:15,INFO,api_gateway,GET /api/v1/products responded 200 in 3661ms
LOG0000305,2026-02-25 07:46:49,INFO,api_gateway,GET /api/v1/products responded 200 in 2987ms
LOG0006421,2026-02-25 07:49:02,WARNING,auth,Password reset requested for user_id=USR8313
LOG0006801,2026-02-25 07:54:49,WARNING,payment,High transaction volume: 26 TPS (threshold: 50 TPS)
LOG0001863,2026-02-25 07:55:14,WARNING,database,Table=orders approaching max size: 5% capacity
LOG0001989,2026-02-25 07:55:58,INFO,payment,"Refund issued: order_id=ORD75328 amount=Rp4,837,000"
LOG0002431,2026-02-25 07:58:55,INFO,auth,Password changed for user_id=USR6417
LOG0008222,2026-02-25 08:00:13,ERROR,auth,Invalid credentials for user_id=USR6000
LOG0004261,2026-02-25 08:08:25,WARNING,api_gateway,High latency detected on route /api/v1/search: 4135ms
LOG0006534,2026-02-25 08:21:18,INFO,api_gateway,DELETE /api/v1/item/INV40778 responded 204 in 2481ms
LOG0004250,2026-02-25 08:30:06,WARNING,payment,Payment retry attempt 73/3 for order_id=ORD10172
LOG0005443,2026-02-25 08:30:37,INFO,auth,User logout: user_id=USR6776
LOG0002922,2026-02-25 08:36:17,ERROR,database,Query failed: syntax error near 'SELCT'
LOG0003055,2026-02-25 08:38:12,WARNING,api_gateway,Deprecated endpoint called: /api/v0/users by client_id=CLI505
LOG0008535,2026-02-25 08:38:39,INFO,payment,"Payment processed: order_id=ORD91838 amount=Rp4,917,000"
LOG0005656,2026-02-25 08:40:02,INFO,payment,"Payment processed: order_id=ORD92919 amount=Rp9,085,000"
LOG0001105,2026-02-25 08:40:12,INFO,auth,Token refreshed for user_id=USR7405
LOG0001300,2026-02-25 08:41:07,INFO,database,Index hit on table=products query (3700ms)
LOG0008054,2026-02-25 08:46:55,INFO,payment,Payment gateway responded OK in 456ms
LOG0005541,2026-02-25 08:49:18,ERROR,database,Deadlock detected on table=orders: txn_id=TXN85473
LOG0002978,2026-02-25 08:53:36,INFO,payment,"Refund issued: order_id=ORD20295 amount=Rp8,778,000"
LOG0001879,2026-02-25 08:54:52,WARNING,api_gateway,High latency detected on route /api/v1/search: 804ms
LOG0002228,2026-02-25 09:06:26,ERROR,auth,Token validation failed: user_id=USR6612
LOG0000390,2026-02-25 09:10:03,WARNING,api_gateway,High latency detected on route /api/v1/search: 2476ms
LOG0001166,2026-02-25 09:28:06,INFO,database,INSERT INTO orders completed (1873ms)
LOG0001766,2026-02-25 09:30:08,INFO,database,Transaction committed: txn_id=TXN99373
LOG0001365,2026-02-25 09:41:35,INFO,database,Cache hit ratio: 88% for last 5 minutes
LOG0009389,2026-02-25 09:46:35,INFO,database,Backup snapshot completed successfully
LOG0003509,2026-02-25 09:55:42,INFO,api_gateway,Rate limit check passed for client_id=CLI210
LOG0003883,2026-02-25 10:05:36,INFO,auth,2FA verification passed: user_id=USR9349
LOG0008349,2026-02-25 10:06:44,INFO,auth,Token generated for user_id=USR4052
LOG0005315,2026-02-25 10:08:42,INFO,payment,"Refund issued: order_id=ORD51197 amount=Rp8,946,000"
LOG0008690,2026-02-25 10:10:18,INFO,payment,"Refund issued: order_id=ORD73439 amount=Rp8,713,000"
LOG0003960,2026-02-25 10:11:20,INFO,payment,Currency conversion: USD→IDR for order_id=ORD40201
LOG0002568,2026-02-25 10:13:31,ERROR,api_gateway,Upstream service user-service unreachable: connection timeout
LOG0008827,2026-02-25 10:13:32,INFO,auth,Password changed for user_id=USR5455
LOG0002350,2026-02-25 10:15:20,INFO,api_gateway,GET /api/v1/users responded 200 in 3969ms
LOG0004961,2026-02-25 10:16:19,INFO,payment,"Payment processed: order_id=ORD88052 amount=Rp8,502,000"
LOG0009680,2026-02-25 10:21:09,INFO,auth,Password changed for user_id=USR8281
LOG0002272,2026-02-25 10:24:07,INFO,payment,"Payment processed: order_id=ORD95125 amount=Rp4,620,000"
LOG0003949,2026-02-25 10:24:17,INFO,auth,User login successful: user_id=USR2919
LOG0005076,2026-02-25 10:26:03,INFO,api_gateway,GET /api/v1/products responded 200 in 3994ms
LOG0002734,2026-02-25 10:28:08,INFO,database,INSERT INTO orders completed (642ms)
LOG0006047,2026-02-25 10:35:15,WARNING,auth,Unusual login location detected: user_id=USR4788
LOG0003212,2026-02-25 10:35:46,INFO,database,Backup snapshot completed successfully
LOG0006369,2026-02-25 10:43:17,ERROR,auth,Account locked after 5 failed attempts: user_id=USR7085
LOG0001799,2026-02-25 10:54:30,INFO,api_gateway,Rate limit check passed for client_id=CLI743
LOG0005149,2026-02-25 10:55:40,INFO,auth,User registered successfully: user_id=USR9042
LOG0007279,2026-02-25 11:02:59,INFO,auth,Password changed for user_id=USR5737
LOG0005958,2026-02-25 11:03:20,INFO,payment,Webhook received from payment provider: status=SUCCESS
LOG0003844,2026-02-25 11:25:12,INFO,database,Transaction committed: txn_id=TXN39793
LOG0000371,2026-02-25 11:30:42,INFO,api_gateway,GET /api/v1/users responded 200 in 734ms
LOG0000786,2026-02-25 11:31:34,INFO,api_gateway,Rate limit check passed for client_id=CLI543
LOG0005460,2026-02-25 11:33:25,INFO,auth,Token generated for user_id=USR3951
LOG0009953,2026-02-25 11:33:59,WARNING,payment,Card expiry warning for user_id=USR1318
LOG0009621,2026-02-25 11:36:18,ERROR,api_gateway,Rate limit exceeded for client_id=CLI916
LOG0008782,2026-02-25 11:36:25,WARNING,auth,Password reset requested for user_id=USR9104
LOG0007628,2026-02-25 11:36:36,INFO,payment,Subscription renewed: user_id=USR4152
LOG0003387,2026-02-25 11:40:50,INFO,api_gateway,POST /api/v1/orders responded 201 in 4377ms
LOG0005445,2026-02-25 11:41:05,INFO,database,Query executed: SELECT users WHERE id=USR6508 (182ms)
LOG0007974,2026-02-25 11:41:33,INFO,auth,Token refreshed for user_id=USR9169
LOG0007167,2026-02-25 11:41:41,INFO,payment,Subscription renewed: user_id=USR1851
LOG0003357,2026-02-25 11:44:05,INFO,database,Backup snapshot completed successfully
LOG0006613,2026-02-25 11:51:41,ERROR,auth,Token validation failed: user_id=USR9822
LOG0001937,2026-02-25 11:53:45,WARNING,api_gateway,Slow response: GET /api/v1/reports took 2385ms
LOG0003739,2026-02-25 11:53:53,INFO,auth,2FA verification passed: user_id=USR7126
LOG0003177,2026-02-25 11:54:37,INFO,auth,Session created: session_id=SESS79861
LOG0009037,2026-02-25 12:00:37,INFO,database,Cache hit ratio: 54% for last 5 minutes
LOG0001841,2026-02-25 12:02:32,WARNING,api_gateway,High latency detected on route /api/v1/search: 325ms
LOG0001515,2026-02-25 12:06:34,INFO,payment,Currency conversion: USD→IDR for order_id=ORD21987
LOG0009671,2026-02-25 12:09:22,INFO,auth,User logout: user_id=USR2014
LOG0002967,2026-02-25 12:09:35,INFO,api_gateway,GET /api/v1/users responded 200 in 3251ms
LOG0006340,2026-02-25 12:14:22,INFO,api_gateway,Rate limit check passed for client_id=CLI559
LOG0002070,2026-02-25 12:14:44,ERROR,database,Query failed: syntax error near 'SELCT'
LOG0003102,2026-02-25 12:18:08,INFO,auth,Token refreshed for user_id=USR9112
LOG0003333,2026-02-25 12:18:55,INFO,database,Backup snapshot completed successfully
LOG0004936,2026-02-25 12:21:29,INFO,payment,Currency conversion: USD→IDR for order_id=ORD20810
LOG0000188,2026-02-25 12:23:44,INFO,api_gateway,GET /api/v1/users responded 200 in 3055ms
LOG0004457,2026-02-25 12:24:43,INFO,api_gateway,PUT /api/v1/profile responded 200 in 1063ms
LOG0004296,2026-02-25 12:25:38,WARNING,payment,Payment provider response slow: 1883ms
LOG0005972,2026-02-25 12:26:13,INFO,payment,"Refund issued: order_id=ORD62687 amount=Rp873,000"
LOG0001610,2026-02-25 12:55:27,INFO,auth,User logout: user_id=USR2056
LOG0001840,2026-02-25 13:11:46,WARNING,payment,Payment retry attempt 42/3 for order_id=ORD21101
LOG0000319,2026-02-25 13:12:02,INFO,api_gateway,GET /api/v1/users responded 200 in 4208ms
LOG0002723,2026-02-25 13:17:54,ERROR,database,Disk usage critical: 56% on /var/lib/postgres
LOG0002945,2026-02-25 13:26:23,WARNING,auth,Unusual login location detected: user_id=USR4387
LOG0004168,2026-02-25 13:29:32,INFO,api_gateway,POST /api/v1/orders responded 201 in 4471ms
LOG0001192,2026-02-25 13:32:06,INFO,api_gateway,Rate limit check passed for client_id=CLI246
LOG0003297,2026-02-25 13:40:15,ERROR,payment,Payment failed: order_id=ORD45230 reason=insufficient_funds
LOG0008524,2026-02-25 13:46:00,WARNING,payment,Card expiry warning for user_id=USR2893
LOG0008893,2026-02-25 13:47:52,INFO,payment,Webhook received from payment provider: status=SUCCESS
LOG0003032,2026-02-25 13:57:50,INFO,database,Backup snapshot completed successfully
LOG0006326,2026-02-25 14:02:12,INFO,auth,Session created: session_id=SESS74804
LOG0008566,2026-02-25 14:02:51,INFO,database,Index hit on table=products query (15ms)
LOG0006824,2026-02-25 14:07:06,ERROR,database,Disk usage critical: 86% on /var/lib/postgres
LOG0003329,2026-02-25 14:17:08,INFO,api_gateway,GET /api/v1/products responded 200 in 3018ms
LOG0007952,2026-02-25 14:17:22,INFO,payment,Currency conversion: USD→IDR for order_id=ORD60183
LOG0003932,2026-02-25 14:17:28,ERROR,payment,Payment gateway timeout after 4072ms: order_id=ORD23467
LOG0005380,2026-02-25 14:25:54,ERROR,api_gateway,Invalid request schema on POST /api/v1/orders
LOG0003639,2026-02-25 14:26:21,INFO,api_gateway,DELETE /api/v1/item/INV51126 responded 204 in 2110ms
LOG0003425,2026-02-25 14:27:08,INFO,payment,Invoice generated: invoice_id=INV61317
LOG0006817,2026-02-25 14:29:34,WARNING,auth,Unusual login location detected: user_id=USR7428
LOG0005817,2026-02-25 14:31:55,WARNING,payment,High transaction volume: 30 TPS (threshold: 50 TPS)
LOG0003227,2026-02-25 14:37:23,INFO,payment,"Payment processed: order_id=ORD83745 amount=Rp5,646,000"
LOG0004366,2026-02-25 14:41:39,INFO,api_gateway,POST /api/v1/orders responded 201 in 3029ms
LOG0008565,2026-02-25 14:43:12,WARNING,auth,Failed login attempt for user_id=USR4137 (attempt 10/5)
LOG0008522,2026-02-25 14:44:43,WARNING,api_gateway,Deprecated endpoint called: /api/v0/users by client_id=CLI477
LOG0005948,2026-02-25 14:45:30,WARNING,auth,Failed login attempt for user_id=USR3594 (attempt 59/5)
LOG0006844,2026-02-25 14:45:35,INFO,database,Query executed: SELECT users WHERE id=USR4743 (1256ms)
LOG0007547,2026-02-25 14:50:30,INFO,auth,Password changed for user_id=USR3087
LOG0004467,2026-02-25 14:55:19,ERROR,database,Query failed: syntax error near 'SELCT'
LOG0004702,2026-02-25 14:56:39,ERROR,database,Replication lag exceeded threshold: 495ms behind primary
LOG0001686,2026-02-25 14:59:52,WARNING,auth,Failed login attempt for user_id=USR8368 (attempt 93/5)
LOG0001599,2026-02-25 15:02:34,INFO,api_gateway,GET /api/v1/users responded 200 in 1945ms
LOG0000101,2026-02-25 15:03:14,INFO,auth,Token generated for user_id=USR6620
LOG0000022,2026-02-25 15:08:10,INFO,database,Backup snapshot completed successfully
LOG0003115,2026-02-25 15:09:14,INFO,api_gateway,GET /api/v1/users responded 200 in 1864ms
LOG0001506,2026-02-25 15:11:59,INFO,payment,Currency conversion: USD→IDR for order_id=ORD49869
LOG0000579,2026-02-25 15:17:31,INFO,auth,Session created: session_id=SESS26318
LOG0006238,2026-02-25 15:18:23,INFO,database,Index hit on table=products query (3093ms)
LOG0003426,2026-02-25 15:19:39,INFO,payment,Invoice generated: invoice_id=INV89799
LOG0000912,2026-02-25 15:28:04,WARNING,api_gateway,High latency detected on route /api/v1/search: 3561ms
LOG0006983,2026-02-25 15:28:36,INFO,api_gateway,POST /api/v1/orders responded 201 in 3681ms
LOG0005334,2026-02-25 15:29:24,WARNING,auth,Failed login attempt for user_id=USR8348 (attempt 31/5)
LOG0000981,2026-02-25 15:32:40,ERROR,api_gateway,Upstream service user-service unreachable: connection timeout
LOG0002457,2026-02-25 15:36:35,WARNING,api_gateway,Rate limit approaching for client_id=CLI986: 75/100 req/min
LOG0000114,2026-02-25 15:37:03,INFO,auth,2FA verification passed: user_id=USR1113
LOG0003424,2026-02-25 15:40:25,WARNING,payment,Payment retry attempt 30/3 for order_id=ORD86742
LOG0001025,2026-02-25 15:44:57,INFO,auth,2FA verification passed: user_id=USR8561
LOG0009911,2026-02-25 15:50:43,ERROR,api_gateway,Circuit breaker OPEN for service: user-service
LOG0003548,2026-02-25 15:58:46,INFO,payment,Subscription renewed: user_id=USR3011
LOG0005868,2026-02-25 16:06:05,INFO,payment,Invoice generated: invoice_id=INV16089
LOG0008364,2026-02-25 16:07:33,INFO,database,INSERT INTO orders completed (4080ms)
LOG0004215,2026-02-25 16:31:45,WARNING,database,Slow query detected: 1078ms on table=logs
LOG0006361,2026-02-25 16:34:37,WARNING,api_gateway,Slow response: GET /api/v1/reports took 1058ms
LOG0007759,2026-02-25 16:37:01,INFO,auth,Session created: session_id=SESS82121
LOG0001328,2026-02-25 16:40:28,INFO,database,Transaction committed: txn_id=TXN46844
LOG0002894,2026-02-25 16:43:03,INFO,auth,2FA verification passed: user_id=USR1078
LOG0004299,2026-02-25 16:46:18,INFO,auth,Token refreshed for user_id=USR9063
LOG0000399,2026-02-25 16:46:37,INFO,auth,Password changed for user_id=USR5710
LOG0001564,2026-02-25 16:49:28,INFO,database,Index hit on table=products query (1552ms)
LOG0000594,2026-02-25 16:53:03,ERROR,api_gateway,Invalid request schema on POST /api/v1/orders
LOG0002257,2026-02-25 16:56:25,INFO,api_gateway,Request routed to service: order-service in 3911ms
LOG0005939,2026-02-25 16:58:32,INFO,auth,User registered successfully: user_id=USR8571
LOG0005285,2026-02-25 16:58:38,WARNING,database,Connection pool usage high: 39/20 connections
LOG0003299,2026-02-25 17:03:33,INFO,auth,User registered successfully: user_id=USR8332
LOG0007117,2026-02-25 17:13:23,INFO,database,Connection pool: 29/20 active connections
LOG0008424,2026-02-25 17:13:38,INFO,payment,Payment gateway responded OK in 3961ms
LOG0004042,2026-02-25 17:17:48,WARNING,database,Connection pool usage high: 60/20 connections
LOG0002655,2026-02-25 17:22:57,INFO,api_gateway,DELETE /api/v1/item/INV40167 responded 204 in 3660ms
LOG0000364,2026-02-25 17:23:14,WARNING,database,Slow query detected: 2435ms on table=logs
LOG0008151,2026-02-25 17:23:32,INFO,api_gateway,Rate limit check passed for client_id=CLI362
LOG0004229,2026-02-25 17:23:39,INFO,auth,User logout: user_id=USR2041
LOG0008594,2026-02-25 17:24:27,WARNING,api_gateway,High latency detected on route /api/v1/search: 1922ms
LOG0009882,2026-02-25 17:25:10,INFO,database,Backup snapshot completed successfully
LOG0006217,2026-02-25 17:28:57,INFO,database,Query executed: SELECT users WHERE id=USR3035 (2409ms)
LOG0000504,2026-02-25 17:29:15,ERROR,api_gateway,Rate limit exceeded for client_id=CLI147
LOG0005128,2026-02-25 17:32:04,INFO,auth,User logout: user_id=USR8322
LOG0002888,2026-02-25 17:38:04,WARNING,payment,Payment provider response slow: 1900ms
LOG0001434,2026-02-25 17:39:07,INFO,api_gateway,DELETE /api/v1/item/INV59938 responded 204 in 2589ms
LOG0004253,2026-02-25 17:40:53,INFO,payment,"Refund issued: order_id=ORD17407 amount=Rp5,853,000"
LOG0001387,2026-02-25 17:42:08,INFO,payment,"Payment processed: order_id=ORD88487 amount=Rp5,727,000"
LOG0005902,2026-02-25 17:44:29,INFO,auth,Password changed for user_id=USR6318
LOG0008409,2026-02-25 17:53:08,INFO,auth,User logout: user_id=USR1154
LOG0004843,2026-02-25 17:55:09,INFO,api_gateway,DELETE /api/v1/item/INV59159 responded 204 in 2553ms
LOG0004924,2026-02-25 18:14:48,INFO,api_gateway,DELETE /api/v1/item/INV32145 responded 204 in 4348ms
LOG0003705,2026-02-25 18:20:02,INFO,auth,User login successful: user_id=USR9993
LOG0007889,2026-02-25 18:20:49,INFO,database,Cache hit ratio: 82% for last 5 minutes
LOG0008667,2026-02-25 18:28:14,INFO,auth,Token refreshed for user_id=USR4820
LOG0007718,2026-02-25 18:28:47,INFO,payment,Invoice generated: invoice_id=INV14227
LOG0002836,2026-02-25 18:34:41,WARNING,database,Slow query detected: 3658ms on table=logs
LOG0009385,2026-02-25 18:36:36,ERROR,payment,Webhook delivery failed after 3 retries
LOG0001167,2026-02-25 18:42:27,INFO,payment,Invoice generated: invoice_id=INV47599
LOG0005224,2026-02-25 18:44:29,INFO,payment,Subscription renewed: user_id=USR5575
LOG0001191,2026-02-25 18:47:58,INFO,api_gateway,Rate limit check passed for client_id=CLI717
LOG0004705,2026-02-25 18:49:40,INFO,database,Connection pool: 49/20 active connections
LOG0000236,2026-02-25 18:52:41,INFO,auth,User registered successfully: user_id=USR2431
LOG0000203,2026-02-25 18:53:32,INFO,payment,Webhook received from payment provider: status=SUCCESS
LOG0005452,2026-02-25 18:56:00,INFO,auth,2FA verification passed: user_id=USR5261
LOG0005248,2026-02-25 18:58:09,INFO,database,Connection pool: 79/20 active connections
LOG0006967,2026-02-25 18:58:48,INFO,auth,2FA verification passed: user_id=USR8027
LOG0001462,2026-02-25 19:06:49,INFO,auth,Password changed for user_id=USR5110
LOG0006062,2026-02-25 19:09:12,INFO,api_gateway,Request routed to service: inventory-service in 2358ms
LOG0006793,2026-02-25 19:10:09,INFO,api_gateway,Request routed to service: user-service in 1154ms
LOG0003749,2026-02-25 19:11:21,INFO,payment,Webhook received from payment provider: status=SUCCESS
LOG0007751,2026-02-25 19:17:24,WARNING,auth,Token expiring soon for user_id=USR5680
LOG0002438,2026-02-25 19:21:19,INFO,api_gateway,DELETE /api/v1/item/INV35869 responded 204 in 4090ms
LOG0006649,2026-02-25 19:30:27,INFO,api_gateway,GET /api/v1/products responded 200 in 3685ms
LOG0002975,2026-02-25 19:47:13,INFO,auth,Token refreshed for user_id=USR2991
LOG0005139,2026-02-25 19:48:33,INFO,database,Query executed: SELECT users WHERE id=USR6704 (4306ms)
LOG0004501,2026-02-25 20:01:24,WARNING,api_gateway,High latency detected on route /api/v1/search: 2757ms
LOG0004716,2026-02-25 20:04:02,INFO,api_gateway,GET /api/v1/products responded 200 in 2404ms
LOG0002522,2026-02-25 20:06:23,INFO,api_gateway,Rate limit check passed for client_id=CLI658
LOG0001833,2026-02-25 20:13:31,ERROR,payment,Webhook delivery failed after 3 retries
LOG0005186,2026-02-25 20:27:32,INFO,auth,2FA verification passed: user_id=USR1891
LOG0005135,2026-02-25 20:34:58,INFO,auth,User login successful: user_id=USR6998
LOG0000822,2026-02-25 20:39:13,WARNING,api_gateway,High latency detected on route /api/v1/search: 4408ms
LOG0009428,2026-02-25 21:06:15,INFO,api_gateway,DELETE /api/v1/item/INV31219 responded 204 in 2043ms
LOG0005310,2026-02-25 21:09:08,WARNING,payment,Card expiry warning for user_id=USR2970
LOG0008507,2026-02-25 21:22:18,INFO,api_gateway,DELETE /api/v1/item/INV71927 responded 204 in 883ms
LOG0005256,2026-02-25 21:25:33,WARNING,database,Long-running transaction detected: txn_id=TXN62156 (1443ms)
LOG0009644,2026-02-25 21:35:55,INFO,auth,User logout: user_id=USR2785
LOG0006911,2026-02-25 21:38:00,INFO,auth,Session created: session_id=SESS50033
LOG0000402,2026-02-25 21:47:37,INFO,auth,User registered successfully: user_id=USR7175
LOG0003490,2026-02-25 21:47:40,INFO,database,Connection pool: 64/20 active connections
LOG0004396,2026-02-25 21:49:13,WARNING,auth,Password reset requested for user_id=USR6977
LOG0004225,2026-02-25 21:51:20,WARNING,database,Table=orders approaching max size: 38% capacity
LOG0003570,2026-02-25 21:55:04,INFO,payment,"Refund issued: order_id=ORD88994 amount=Rp6,310,000"
LOG0001839,2026-02-25 22:06:28,INFO,api_gateway,GET /api/v1/products responded 200 in 621ms
LOG0006763,2026-02-25 22:16:04,WARNING,database,Slow query detected: 3899ms on table=logs
LOG0005563,2026-02-25 22:30:12,ERROR,api_gateway,Circuit breaker OPEN for service: inventory-service
LOG0002322,2026-02-25 22:36:01,ERROR,auth,Invalid credentials for user_id=USR4717
LOG0008480,2026-02-25 22:37:38,INFO,database,Index hit on table=products query (2830ms)
LOG0000573,2026-02-25 22:41:07,ERROR,api_gateway,Circuit breaker OPEN for service: user-service
LOG0000738,2026-02-25 22:52:24,INFO,payment,Payment gateway responded OK in 1828ms
LOG0002811,2026-02-25 22:57:25,INFO,payment,Invoice generated: invoice_id=INV29871
LOG0000166,2026-02-25 23:00:03,INFO,auth,User login successful: user_id=USR8173
LOG0000607,2026-02-25 23:01:13,INFO,api_gateway,Rate limit check passed for client_id=CLI963
LOG0002062,2026-02-25 23:10:57,INFO,payment,Webhook received from payment provider: status=SUCCESS
LOG0005384,2026-02-25 23:19:44,INFO,auth,User logout: user_id=USR2891
LOG0002682,2026-02-25 23:20:27,INFO,payment,Payment gateway responded OK in 1157ms
LOG0001886,2026-02-25 23:26:04,INFO,api_gateway,Request routed to service: inventory-service in 3265ms
LOG0005352,2026-02-25 23:28:31,INFO,auth,User login successful: user_id=USR6149
LOG0001479,2026-02-25 23:32:29,INFO,auth,Token refreshed for user_id=USR1453
LOG0006702,2026-02-25 23:34:54,WARNING,api_gateway,High latency detected on route /api/v1/search: 1187ms
LOG0003224,2026-02-25 23:35:29,WARNING,payment,High transaction volume: 39 TPS (threshold: 50 TPS)
LOG0006882,2026-02-25 23:38:20,WARNING,auth,Token expiring soon for user_id=USR2049
LOG0007040,2026-02-25 23:53:08,WARNING,payment,Payment provider response slow: 1571ms
LOG0008933,2026-02-26 00:08:12,WARNING,auth,Unusual login location detected: user_id=USR5822
LOG0003198,2026-02-26 00:08:49,WARNING,payment,High transaction volume: 81 TPS (threshold: 50 TPS)
LOG0008863,2026-02-26 00:35:41,INFO,database,Query executed: SELECT users WHERE id=USR2370 (414ms)
LOG0005670,2026-02-26 00:36:25,WARNING,payment,Payment retry attempt 85/3 for order_id=ORD69083
LOG0006779,2026-02-26 00:37:02,INFO,auth,Password changed for user_id=USR7406
LOG0002519,2026-02-26 00:37:40,ERROR,auth,Invalid credentials for user_id=USR3031
LOG0001542,2026-02-26 00:45:06,INFO,payment,Invoice generated: invoice_id=INV79793
LOG0009712,2026-02-26 00:45:16,INFO,api_gateway,GET /api/v1/users responded 200 in 404ms
LOG0002206,2026-02-26 00:45:40,INFO,database,Backup snapshot completed successfully
LOG0002500,2026-02-26 00:48:16,WARNING,payment,Payment provider response slow: 2807ms
LOG0005831,2026-02-26 00:48:22,INFO,auth,User logout: user_id=USR2626
LOG0001212,2026-02-26 00:54:17,INFO,api_gateway,DELETE /api/v1/item/INV51094 responded 204 in 310ms
LOG0002651,2026-02-26 00:54:57,INFO,payment,Subscription renewed: user_id=USR2967
LOG0004609,2026-02-26 00:55:25,INFO,payment,"Payment processed: order_id=ORD28758 amount=Rp5,420,000"
LOG0009624,2026-02-26 01:02:00,INFO,payment,Invoice generated: invoice_id=INV16934
LOG0002962,2026-02-26 01:07:21,INFO,payment,"Payment processed: order_id=ORD43269 amount=Rp7,218,000"
LOG0005050,2026-02-26 01:27:46,ERROR,api_gateway,Rate limit exceeded for client_id=CLI746
LOG0005510,2026-02-26 01:29:46,INFO,payment,Invoice generated: invoice_id=INV78836
LOG0005614,2026-02-26 01:42:51,WARNING,database,Connection pool usage high: 4/20 connections
LOG0005977,2026-02-26 01:43:14,INFO,payment,Webhook received from payment provider: status=SUCCESS
LOG0003594,2026-02-26 01:52:08,INFO,auth,User login successful: user_id=USR9153
LOG0006494,2026-02-26 01:53:50,INFO,payment,Invoice generated: invoice_id=INV92949
LOG0006024,2026-02-26 01:54:15,INFO,payment,Webhook received from payment provider: status=SUCCESS
LOG0004772,2026-02-26 01:59:02,INFO,payment,Subscription renewed: user_id=USR8226
LOG0008374,2026-02-26 02:02:50,INFO,api_gateway,DELETE /api/v1/item/INV30398 responded 204 in 2249ms
LOG0005439,2026-02-26 02:04:45,ERROR,auth,Invalid credentials for user_id=USR8531
LOG0008225,2026-02-26 02:07:09,INFO,auth,Password changed for user_id=USR9009
LOG0005246,2026-02-26 02:07:46,WARNING,api_gateway,Deprecated endpoint called: /api/v0/users by client_id=CLI514
LOG0004965,2026-02-26 02:15:54,INFO,auth,User login successful: user_id=USR8690
LOG0005968,2026-02-26 02:27:42,INFO,payment,"Refund issued: order_id=ORD83956 amount=Rp9,816,000"
LOG0003702,2026-02-26 02:36:13,INFO,payment,"Refund issued: order_id=ORD31530 amount=Rp5,981,000"
LOG0005734,2026-02-26 02:38:25,WARNING,api_gateway,Retry attempt 49 for downstream service user-service
LOG0002385,2026-02-26 02:42:34,INFO,api_gateway,DELETE /api/v1/item/INV22328 responded 204 in 4108ms
LOG0001866,2026-02-26 02:46:17,INFO,payment,Currency conversion: USD→IDR for order_id=ORD41902
LOG0002744,2026-02-26 02:52:45,INFO,payment,Webhook received from payment provider: status=SUCCESS
LOG0000886,2026-02-26 03:05:34,INFO,auth,Password changed for user_id=USR4922
LOG0004934,2026-02-26 03:09:39,INFO,auth,Password changed for user_id=USR9996
LOG0004708,2026-02-26 03:11:40,WARNING,payment,Suspicious transaction flagged: order_id=ORD18046
LOG0009948,2026-02-26 03:20:45,INFO,payment,Currency conversion: USD→IDR for order_id=ORD29858
LOG0005797,2026-02-26 03:21:51,WARNING,auth,Failed login attempt for user_id=USR9045 (attempt 71/5)
LOG0009483,2026-02-26 03:26:58,INFO,api_gateway,Rate limit check passed for client_id=CLI823
LOG0008300,2026-02-26 03:27:34,INFO,auth,User login successful: user_id=USR1382
LOG0002458,2026-02-26 03:39:12,INFO,database,Query executed: SELECT users WHERE id=USR7394 (4251ms)
LOG0001926,2026-02-26 03:40:33,INFO,database,Cache hit ratio: 16% for last 5 minutes
LOG0007804,2026-02-26 03:41:05,INFO,database,Connection pool: 15/20 active connections
LOG0000011,2026-02-26 03:44:16,INFO,database,Transaction committed: txn_id=TXN54107
LOG0007003,2026-02-26 03:46:08,INFO,api_gateway,Request routed to service: inventory-service in 151ms
LOG0003590,2026-02-26 03:46:31,ERROR,auth,Session expired: user_id=USR2719
LOG0007819,2026-02-26 03:48:00,INFO,database,Backup snapshot completed successfully
LOG0008043,2026-02-26 03:54:37,INFO,database,Connection pool: 75/20 active connections
LOG0002274,2026-02-26 03:54:55,WARNING,api_gateway,Retry attempt 9 for downstream service user-service
LOG0008442,2026-02-26 04:00:25,WARNING,payment,Payment retry attempt 69/3 for order_id=ORD56614
LOG0000990,2026-02-26 04:04:20,INFO,payment,Currency conversion: USD→IDR for order_id=ORD67613
LOG0004546,2026-02-26 04:04:42,INFO,auth,Session created: session_id=SESS40785
LOG0003854,2026-02-26 04:08:40,WARNING,auth,Failed login attempt for user_id=USR8573 (attempt 25/5)
LOG0003349,2026-02-26 04:10:56,WARNING,api_gateway,Retry attempt 96 for downstream service order-service
LOG0006939,2026-02-26 04:17:16,INFO,auth,Token refreshed for user_id=USR8942
LOG0004795,2026-02-26 04:21:24,INFO,payment,"Payment processed: order_id=ORD11574 amount=Rp5,514,000"
LOG0004171,2026-02-26 04:24:20,WARNING,api_gateway,Rate limit approaching for client_id=CLI634: 11/100 req/min
LOG0007778,2026-02-26 04:28:27,INFO,payment,Currency conversion: USD→IDR for order_id=ORD24309
LOG0007357,2026-02-26 04:29:09,INFO,api_gateway,GET /api/v1/users responded 200 in 3001ms
LOG0000202,2026-02-26 04:38:04,ERROR,payment,Webhook delivery failed after 3 retries
LOG0001928,2026-02-26 04:44:52,INFO,database,Transaction committed: txn_id=TXN76152
LOG0004459,2026-02-26 04:49:37,WARNING,api_gateway,Retry attempt 28 for downstream service inventory-service
LOG0006404,2026-02-26 04:49:59,INFO,database,Backup snapshot completed successfully
LOG0004828,2026-02-26 04:50:36,INFO,database,Cache hit ratio: 35% for last 5 minutes
LOG0008849,2026-02-26 04:52:09,INFO,auth,User login successful: user_id=USR9599
LOG0007948,2026-02-26 04:52:25,WARNING,auth,Unusual login location detected: user_id=USR5235
LOG0007578,2026-02-26 04:52:51,ERROR,api_gateway,Circuit breaker OPEN for service: order-service
LOG0001353,2026-02-26 04:55:45,ERROR,auth,Token validation failed: user_id=USR7755
LOG0008799,2026-02-26 05:00:45,WARNING,database,Connection pool usage high: 65/20 connections
LOG0006733,2026-02-26 05:05:42,INFO,auth,Token refreshed for user_id=USR3782
LOG0005846,2026-02-26 05:06:03,ERROR,auth,Session expired: user_id=USR1488
LOG0002506,2026-02-26 05:13:01,INFO,database,Transaction committed: txn_id=TXN94050
LOG0009967,2026-02-26 05:34:20,ERROR,api_gateway,Rate limit exceeded for client_id=CLI583
LOG0003975,2026-02-26 05:35:33,INFO,database,Transaction committed: txn_id=TXN48799
LOG0005668,2026-02-26 05:45:12,INFO,payment,Currency conversion: USD→IDR for order_id=ORD56720
LOG0000621,2026-02-26 05:47:48,WARNING,database,Connection pool usage high: 4/20 connections
LOG0000281,2026-02-26 05:49:09,INFO,database,Index hit on table=products query (176ms)
LOG0002526,2026-02-26 05:50:03,INFO,payment,Webhook received from payment provider: status=SUCCESS
LOG0002121,2026-02-26 05:59:14,WARNING,auth,Unusual login location detected: user_id=USR3932
LOG0004565,2026-02-26 06:08:26,ERROR,database,Replication lag exceeded threshold: 3287ms behind primary
LOG0001851,2026-02-26 06:10:09,WARNING,database,Long-running transaction detected: txn_id=TXN66584 (2241ms)
LOG0004124,2026-02-26 06:10:14,INFO,payment,Invoice generated: invoice_id=INV80593
LOG0000130,2026-02-26 06:11:02,INFO,api_gateway,PUT /api/v1/profile responded 200 in 3183ms
LOG0008250,2026-02-26 06:14:44,INFO,api_gateway,Request routed to service: order-service in 4299ms
LOG0001536,2026-02-26 06:18:17,INFO,database,Transaction committed: txn_id=TXN33894
LOG0001227,2026-02-26 06:22:06,INFO,database,INSERT INTO orders completed (4243ms)
LOG0009459,2026-02-26 06:24:15,WARNING,auth,Password reset requested for user_id=USR9436
LOG0009331,2026-02-26 06:27:18,INFO,auth,User logout: user_id=USR8746
LOG0005802,2026-02-26 06:49:32,ERROR,auth,JWT signature mismatch for user_id=USR9185
LOG0001305,2026-02-26 06:53:44,WARNING,database,Slow query detected: 1474ms on table=logs
LOG0009770,2026-02-26 07:01:55,ERROR,database,Disk usage critical: 75% on /var/lib/postgres
LOG0001234,2026-02-26 07:01:58,INFO,database,Backup snapshot completed successfully
LOG0005921,2026-02-26 07:04:39,INFO,payment,Invoice generated: invoice_id=INV85685
LOG0005943,2026-02-26 07:06:43,WARNING,payment,Suspicious transaction flagged: order_id=ORD26173
LOG0004542,2026-02-26 07:06:58,INFO,auth,2FA verification passed: user_id=USR8929
LOG0007361,2026-02-26 07:15:07,INFO,database,Query executed: SELECT users WHERE id=USR7167 (609ms)
LOG0002788,2026-02-26 07:18:20,ERROR,auth,JWT signature mismatch for user_id=USR6597
LOG0006979,2026-02-26 07:24:58,INFO,auth,2FA verification passed: user_id=USR7324
LOG0005806,2026-02-26 07:25:14,INFO,database,Connection pool: 86/20 active connections
LOG0006905,2026-02-26 07:27:11,INFO,database,INSERT INTO orders completed (2793ms)
LOG0006045,2026-02-26 07:29:49,INFO,api_gateway,GET /api/v1/users responded 200 in 1065ms
LOG0008670,2026-02-26 07:30:46,INFO,payment,Invoice generated: invoice_id=INV98349
LOG0005129,2026-02-26 07:35:06,INFO,database,Transaction committed: txn_id=TXN28800
LOG0004533,2026-02-26 07:39:13,INFO,api_gateway,GET /api/v1/users responded 200 in 823ms
LOG0004526,2026-02-26 07:40:15,INFO,payment,"Payment processed: order_id=ORD16181 amount=Rp3,023,000"
LOG0005852,2026-02-26 07:41:21,WARNING,auth,Unusual login location detected: user_id=USR2377
LOG0008880,2026-02-26 07:43:42,INFO,api_gateway,GET /api/v1/users responded 200 in 2513ms
LOG0007346,2026-02-26 07:56:02,INFO,api_gateway,Rate limit check passed for client_id=CLI446
LOG0002234,2026-02-26 08:02:07,INFO,database,Backup snapshot completed successfully
LOG0009658,2026-02-26 08:15:06,ERROR,api_gateway,Rate limit exceeded for client_id=CLI545
LOG0009472,2026-02-26 08:15:34,WARNING,auth,Password reset requested for user_id=USR9957
LOG0006507,2026-02-26 08:17:26,INFO,database,Transaction committed: txn_id=TXN76039
LOG0002578,2026-02-26 08:19:50,WARNING,auth,Multiple sessions detected for user_id=USR1365
LOG0007090,2026-02-26 08:23:59,INFO,api_gateway,POST /api/v1/orders responded 201 in 2715ms
LOG0005494,2026-02-26 08:24:55,INFO,api_gateway,Request routed to service: order-service in 3324ms
LOG0003577,2026-02-26 08:28:12,ERROR,api_gateway,Upstream service order-service unreachable: connection timeout
LOG0003761,2026-02-26 08:33:09,INFO,database,Connection pool: 3/20 active connections
LOG0005530,2026-02-26 08:51:18,INFO,payment,Invoice generated: invoice_id=INV16586
LOG0001017,2026-02-26 08:58:37,INFO,auth,User registered successfully: user_id=USR7304
LOG0008369,2026-02-26 09:04:21,INFO,auth,Password changed for user_id=USR5696
LOG0005568,2026-02-26 09:07:43,WARNING,auth,Failed login attempt for user_id=USR8186 (attempt 82/5)
LOG0004718,2026-02-26 09:07:45,WARNING,payment,Suspicious transaction flagged: order_id=ORD69692
LOG0004239,2026-02-26 09:08:01,INFO,auth,User logout: user_id=USR8764
LOG0003563,2026-02-26 09:15:35,INFO,payment,Subscription renewed: user_id=USR6960
LOG0004882,2026-02-26 09:21:22,INFO,api_gateway,POST /api/v1/orders responded 201 in 2397ms
LOG0006175,2026-02-26 09:27:45,INFO,auth,2FA verification passed: user_id=USR9334
LOG0001649,2026-02-26 09:28:52,INFO,database,INSERT INTO orders completed (1290ms)
LOG0001284,2026-02-26 09:30:55,INFO,database,Query executed: SELECT users WHERE id=USR8304 (2535ms)
LOG0005348,2026-02-26 09:35:20,INFO,database,Query executed: SELECT users WHERE id=USR9523 (2207ms)
LOG0005639,2026-02-26 09:35:34,INFO,database,Backup snapshot completed successfully
LOG0000732,2026-02-26 09:40:03,WARNING,payment,Payment retry attempt 47/3 for order_id=ORD99959
LOG0002959,2026-02-26 09:40:56,INFO,database,Connection pool: 16/20 active connections
LOG0008597,2026-02-26 09:42:20,INFO,database,INSERT INTO orders completed (4333ms)
LOG0006713,2026-02-26 09:43:25,WARNING,payment,Card expiry warning for user_id=USR5546
LOG0000358,2026-02-26 09:43:48,WARNING,auth,Password reset requested for user_id=USR5951
LOG0008536,2026-02-26 09:47:53,INFO,payment,Invoice generated: invoice_id=INV37916
LOG0004023,2026-02-26 09:49:06,INFO,auth,Password changed for user_id=USR2614
LOG0006236,2026-02-26 09:53:04,WARNING,auth,Password reset requested for user_id=USR8000
LOG0003616,2026-02-26 09:54:31,INFO,payment,Webhook received from payment provider: status=SUCCESS
LOG0001037,2026-02-26 09:54:48,INFO,database,Index hit on table=products query (1421ms)
LOG0008969,2026-02-26 09:55:50,WARNING,payment,Suspicious transaction flagged: order_id=ORD31130
LOG0009606,2026-02-26 09:59:55,INFO,api_gateway,GET /api/v1/users responded 200 in 111ms
LOG0000129,2026-02-26 10:06:27,INFO,auth,User login successful: user_id=USR3363
LOG0001648,2026-02-26 10:18:09,ERROR,payment,Payment gateway timeout after 96ms: order_id=ORD34187
LOG0000312,2026-02-26 10:19:11,WARNING,payment,Card expiry warning for user_id=USR6080
LOG0001656,2026-02-26 10:23:35,INFO,api_gateway,GET /api/v1/products responded 200 in 654ms
LOG0000035,2026-02-26 10:28:41,ERROR,auth,Invalid credentials for user_id=USR6482
LOG0008605,2026-02-26 10:29:40,WARNING,auth,Failed login attempt for user_id=USR1486 (attempt 90/5)
LOG0001995,2026-02-26 10:34:22,INFO,payment,"Payment processed: order_id=ORD27042 amount=Rp667,000"
LOG0007327,2026-02-26 10:37:49,INFO,auth,Token generated for user_id=USR8011
LOG0004686,2026-02-26 10:42:52,INFO,auth,Token refreshed for user_id=USR7322
LOG0009767,2026-02-26 10:46:12,INFO,payment,Subscription renewed: user_id=USR1431
LOG0002499,2026-02-26 10:49:34,INFO,database,Index hit on table=products query (476ms)
LOG0003120,2026-02-26 10:51:41,WARNING,database,Connection pool usage high: 86/20 connections
LOG0002106,2026-02-26 10:59:45,INFO,database,Connection pool: 75/20 active connections
LOG0004707,2026-02-26 11:02:08,INFO,payment,Payment gateway responded OK in 1281ms
LOG0001005,2026-02-26 11:05:03,WARNING,payment,Card expiry warning for user_id=USR5597
LOG0004435,2026-02-26 11:07:48,WARNING,payment,Payment retry attempt 75/3 for order_id=ORD27470
LOG0006987,2026-02-26 11:13:17,INFO,database,Backup snapshot completed successfully
LOG0006434,2026-02-26 11:27:57,ERROR,database,Replication lag exceeded threshold: 3910ms behind primary
LOG0005274,2026-02-26 11:37:17,INFO,auth,User registered successfully: user_id=USR4297
LOG0006428,2026-02-26 11:37:17,INFO,payment,Payment gateway responded OK in 2141ms
LOG0002632,2026-02-26 11:39:03,INFO,payment,"Payment processed: order_id=ORD90346 amount=Rp5,508,000"
LOG0008585,2026-02-26 11:51:39,INFO,database,Backup snapshot completed successfully
LOG0001065,2026-02-26 11:52:00,INFO,database,Index hit on table=products query (2839ms)
LOG0008035,2026-02-26 11:53:47,INFO,payment,"Payment processed: order_id=ORD99274 amount=Rp7,899,000"
LOG0007939,2026-02-26 11:54:46,ERROR,payment,Currency conversion error for order_id=ORD18847
LOG0007036,2026-02-26 11:54:55,WARNING,api_gateway,Rate limit approaching for client_id=CLI296: 94/100 req/min
LOG0001702,2026-02-26 12:04:44,INFO,database,Transaction committed: txn_id=TXN43700
LOG0002469,2026-02-26 12:07:00,WARNING,payment,Card expiry warning for user_id=USR3670
LOG0007504,2026-02-26 12:09:10,WARNING,auth,Token expiring soon for user_id=USR6346
LOG0001103,2026-02-26 12:13:25,INFO,auth,User registered successfully: user_id=USR7243
LOG0001402,2026-02-26 12:16:12,INFO,auth,Session created: session_id=SESS74325
LOG0008173,2026-02-26 12:20:05,INFO,api_gateway,POST /api/v1/orders responded 201 in 4397ms
LOG0009370,2026-02-26 12:23:50,INFO,api_gateway,Request routed to service: inventory-service in 2802ms
LOG0002446,2026-02-26 12:25:25,INFO,database,Connection pool: 11/20 active connections
LOG0005811,2026-02-26 12:33:18,INFO,api_gateway,GET /api/v1/users responded 200 in 314ms
LOG0007312,2026-02-26 12:34:29,ERROR,database,Connection timeout to primary DB host
LOG0000015,2026-02-26 12:39:49,WARNING,auth,Unusual login location detected: user_id=USR7299
LOG0005498,2026-02-26 12:43:24,INFO,api_gateway,POST /api/v1/orders responded 201 in 3391ms
LOG0006080,2026-02-26 12:47:20,INFO,api_gateway,PUT /api/v1/profile responded 200 in 891ms
LOG0006198,2026-02-26 12:53:10,INFO,api_gateway,GET /api/v1/products responded 200 in 3858ms
LOG0000978,2026-02-26 12:54:28,INFO,api_gateway,POST /api/v1/orders responded 201 in 509ms
LOG0000603,2026-02-26 13:16:16,INFO,api_gateway,DELETE /api/v1/item/INV57925 responded 204 in 605ms
LOG0005784,2026-02-26 13:18:43,INFO,database,Transaction committed: txn_id=TXN95325
LOG0008496,2026-02-26 13:20:39,ERROR,api_gateway,Invalid request schema on POST /api/v1/orders
LOG0006566,2026-02-26 13:23:45,WARNING,database,Slow query detected: 215ms on table=logs
LOG0009073,2026-02-26 13:24:48,WARNING,api_gateway,Retry attempt 80 for downstream service order-service
LOG0003084,2026-02-26 13:25:48,WARNING,payment,High transaction volume: 71 TPS (threshold: 50 TPS)
LOG0004027,2026-02-26 13:39:35,ERROR,api_gateway,Circuit breaker OPEN for service: inventory-service
LOG0004889,2026-02-26 13:54:18,ERROR,payment,Currency conversion error for order_id=ORD67075
LOG0003421,2026-02-26 13:59:27,INFO,database,Backup snapshot completed successfully
LOG0001595,2026-02-26 13:59:32,INFO,auth,Session created: session_id=SESS71563
LOG0001445,2026-02-26 14:23:17,INFO,auth,Session created: session_id=SESS69852
LOG0004672,2026-02-26 14:33:03,INFO,api_gateway,GET /api/v1/users responded 200 in 4248ms
LOG0008115,2026-02-26 14:35:08,INFO,api_gateway,PUT /api/v1/profile responded 200 in 1537ms
LOG0000611,2026-02-26 14:37:36,INFO,payment,"Payment processed: order_id=ORD51503 amount=Rp1,622,000"
LOG0003560,2026-02-26 14:47:14,INFO,payment,Webhook received from payment provider: status=SUCCESS
LOG0009264,2026-02-26 14:49:13,WARNING,api_gateway,Retry attempt 12 for downstream service inventory-service
LOG0002492,2026-02-26 14:59:59,INFO,api_gateway,Rate limit check passed for client_id=CLI868
LOG0005281,2026-02-26 15:03:13,INFO,auth,User login successful: user_id=USR9077
LOG0003407,2026-02-26 15:03:54,INFO,auth,User logout: user_id=USR4096
LOG0002449,2026-02-26 15:04:33,ERROR,auth,Invalid credentials for user_id=USR7106
LOG0005311,2026-02-26 15:05:00,INFO,auth,Token refreshed for user_id=USR4074
LOG0009667,2026-02-26 15:05:03,INFO,database,Connection pool: 75/20 active connections
LOG0009599,2026-02-26 15:09:46,INFO,payment,Invoice generated: invoice_id=INV93965
LOG0004055,2026-02-26 15:13:28,INFO,api_gateway,Request routed to service: order-service in 875ms
LOG0000109,2026-02-26 15:14:36,INFO,auth,2FA verification passed: user_id=USR6966
LOG0001714,2026-02-26 15:18:05,WARNING,payment,Card expiry warning for user_id=USR8059
LOG0006133,2026-02-26 15:19:08,INFO,database,INSERT INTO orders completed (3537ms)
LOG0000497,2026-02-26 15:21:46,INFO,database,INSERT INTO orders completed (1091ms)
LOG0004385,2026-02-26 15:24:41,INFO,database,Index hit on table=products query (3402ms)
LOG0007868,2026-02-26 15:25:11,INFO,auth,Token refreshed for user_id=USR2353
LOG0005388,2026-02-26 15:25:36,INFO,database,Backup snapshot completed successfully
LOG0003428,2026-02-26 15:25:48,WARNING,auth,Password reset requested for user_id=USR6510
LOG0001939,2026-02-26 15:26:36,ERROR,api_gateway,Upstream service user-service unreachable: connection timeout
LOG0009776,2026-02-26 15:27:19,ERROR,payment,Fraud detection triggered: order_id=ORD89766
LOG0005771,2026-02-26 15:28:15,INFO,payment,Webhook received from payment provider: status=SUCCESS
LOG0002031,2026-02-26 15:42:28,ERROR,database,Connection timeout to primary DB host
LOG0009014,2026-02-26 15:43:35,ERROR,auth,JWT signature mismatch for user_id=USR4458
LOG0002839,2026-02-26 15:44:53,INFO,api_gateway,Request routed to service: user-service in 4283ms
LOG0007532,2026-02-26 15:48:51,INFO,payment,Invoice generated: invoice_id=INV92621
LOG0002958,2026-02-26 15:59:05,INFO,database,INSERT INTO orders completed (1819ms)
LOG0008120,2026-02-26 16:03:45,ERROR,api_gateway,Invalid request schema on POST /api/v1/orders
LOG0005371,2026-02-26 16:05:24,INFO,payment,Payment gateway responded OK in 3914ms
LOG0003303,2026-02-26 16:05:51,WARNING,auth,Token expiring soon for user_id=USR2718
LOG0004093,2026-02-26 16:08:57,ERROR,api_gateway,POST /api/v1/payment returned 500 after 1036ms
LOG0002966,2026-02-26 16:12:28,WARNING,database,Index miss on table=events: consider reindexing
LOG0006897,2026-02-26 16:14:50,WARNING,api_gateway,Deprecated endpoint called: /api/v0/users by client_id=CLI598
LOG0002948,2026-02-26 16:29:06,WARNING,auth,Multiple sessions detected for user_id=USR6063
LOG0002296,2026-02-26 16:30:28,INFO,payment,"Refund issued: order_id=ORD16433 amount=Rp5,299,000"
LOG0001929,2026-02-26 16:32:06,WARNING,payment,Suspicious transaction flagged: order_id=ORD63926
LOG0000149,2026-02-26 16:34:01,WARNING,database,Connection pool usage high: 57/20 connections
LOG0000877,2026-02-26 16:36:53,WARNING,auth,Token expiring soon for user_id=USR8036
LOG0007552,2026-02-26 16:46:11,INFO,database,Query executed: SELECT users WHERE id=USR2303 (4014ms)
LOG0001398,2026-02-26 16:47:44,INFO,api_gateway,Request routed to service: order-service in 1620ms
LOG0004289,2026-02-26 16:53:41,ERROR,database,Deadlock detected on table=orders: txn_id=TXN61863
LOG0001002,2026-02-26 17:02:12,INFO,api_gateway,PUT /api/v1/profile responded 200 in 1658ms
LOG0001823,2026-02-26 17:04:32,INFO,auth,User login successful: user_id=USR8090
LOG0005143,2026-02-26 17:12:22,WARNING,database,Connection pool usage high: 97/20 connections
LOG0003079,2026-02-26 17:13:37,INFO,api_gateway,POST /api/v1/orders responded 201 in 3396ms
LOG0006753,2026-02-26 17:16:09,WARNING,api_gateway,Rate limit approaching for client_id=CLI445: 17/100 req/min
LOG0008441,2026-02-26 17:21:43,INFO,payment,Subscription renewed: user_id=USR7076
LOG0008602,2026-02-26 17:26:41,INFO,auth,Session created: session_id=SESS15372
LOG0005204,2026-02-26 17:35:18,INFO,auth,User login successful: user_id=USR9064
LOG0001691,2026-02-26 17:41:23,INFO,api_gateway,PUT /api/v1/profile responded 200 in 3434ms
LOG0005728,2026-02-26 17:48:41,INFO,api_gateway,Request routed to service: inventory-service in 3459ms
LOG0007075,2026-02-26 17:51:47,INFO,api_gateway,GET /api/v1/products responded 200 in 472ms
LOG0009950,2026-02-26 17:56:17,INFO,database,Index hit on table=products query (3204ms)
LOG0001782,2026-02-26 17:56:26,INFO,payment,"Payment processed: order_id=ORD52932 amount=Rp5,129,000"
LOG0003979,2026-02-26 17:56:56,INFO,payment,Subscription renewed: user_id=USR6021
LOG0007929,2026-02-26 17:59:16,INFO,database,Index hit on table=products query (1832ms)
LOG0004682,2026-02-26 17:59:32,INFO,auth,2FA verification passed: user_id=USR5565
LOG0008227,2026-02-26 18:00:00,INFO,api_gateway,PUT /api/v1/profile responded 200 in 3552ms
LOG0008567,2026-02-26 18:01:49,INFO,database,Connection pool: 49/20 active connections
LOG0007647,2026-02-26 18:07:00,ERROR,database,Deadlock detected on table=orders: txn_id=TXN78570
LOG0000804,2026-02-26 18:12:10,INFO,auth,Password changed for user_id=USR7542
LOG0007445,2026-02-26 18:21:51,WARNING,database,Connection pool usage high: 1/20 connections
LOG0007463,2026-02-26 18:23:33,INFO,api_gateway,Rate limit check passed for client_id=CLI243
LOG0000049,2026-02-26 18:28:56,INFO,payment,Subscription renewed: user_id=USR6104
LOG0006995,2026-02-26 18:29:26,INFO,payment,"Payment processed: order_id=ORD75451 amount=Rp1,686,000"
LOG0001583,2026-02-26 18:30:41,INFO,database,Query executed: SELECT users WHERE id=USR2190 (511ms)
LOG0008538,2026-02-26 18:34:23,WARNING,auth,Failed login attempt for user_id=USR4357 (attempt 55/5)
LOG0001925,2026-02-26 18:34:28,WARNING,auth,Multiple sessions detected for user_id=USR7903
LOG0008822,2026-02-26 18:35:49,WARNING,api_gateway,High latency detected on route /api/v1/search: 904ms
LOG0003143,2026-02-26 18:37:55,INFO,auth,Token refreshed for user_id=USR1423
LOG0008825,2026-02-26 18:38:05,WARNING,database,Slow query detected: 2196ms on table=logs
LOG0003737,2026-02-26 18:38:20,INFO,database,Index hit on table=products query (1741ms)
LOG0002284,2026-02-26 18:39:04,WARNING,api_gateway,Deprecated endpoint called: /api/v0/users by client_id=CLI227
LOG0005457,2026-02-26 18:39:14,WARNING,payment,Card expiry warning for user_id=USR1821
LOG0003211,2026-02-26 18:39:33,INFO,database,Transaction committed: txn_id=TXN67339
LOG0000108,2026-02-26 18:39:44,ERROR,payment,Fraud detection triggered: order_id=ORD55674
LOG0003951,2026-02-26 18:43:45,INFO,database,Connection pool: 44/20 active connections
LOG0006582,2026-02-26 18:45:08,INFO,payment,Payment gateway responded OK in 4337ms
LOG0004694,2026-02-26 18:51:02,INFO,auth,User logout: user_id=USR8260
LOG0006540,2026-02-26 18:53:03,INFO,auth,Token generated for user_id=USR1489
LOG0000446,2026-02-26 18:53:19,WARNING,database,Slow query detected: 2890ms on table=logs
LOG0000811,2026-02-26 18:59:34,INFO,auth,Token generated for user_id=USR9814
LOG0006380,2026-02-26 19:01:54,INFO,api_gateway,PUT /api/v1/profile responded 200 in 1271ms
LOG0009629,2026-02-26 19:05:34,INFO,auth,Token generated for user_id=USR6335
LOG0002590,2026-02-26 19:08:16,INFO,payment,Subscription renewed: user_id=USR9602
LOG0009976,2026-02-26 19:10:10,ERROR,payment,Fraud detection triggered: order_id=ORD39487
LOG0008560,2026-02-26 19:21:34,INFO,payment,Webhook received from payment provider: status=SUCCESS
LOG0003249,2026-02-26 19:26:34,INFO,database,INSERT INTO orders completed (557ms)
LOG0008325,2026-02-26 19:35:12,INFO,payment,Webhook received from payment provider: status=SUCCESS
LOG0008803,2026-02-26 19:35:36,WARNING,database,Connection pool usage high: 89/20 connections
LOG0008307,2026-02-26 19:43:09,INFO,auth,User logout: user_id=USR7416
LOG0002687,2026-02-26 19:58:02,INFO,payment,Invoice generated: invoice_id=INV40994
LOG0007394,2026-02-26 19:58:07,INFO,database,INSERT INTO orders completed (955ms)
LOG0002858,2026-02-26 19:58:30,INFO,api_gateway,PUT /api/v1/profile responded 200 in 4019ms
LOG0005524,2026-02-26 20:05:14,INFO,auth,2FA verification passed: user_id=USR1067
LOG0007432,2026-02-26 20:16:19,WARNING,database,Connection pool usage high: 65/20 connections
LOG0008837,2026-02-26 20:20:49,INFO,database,Connection pool: 11/20 active connections
LOG0009214,2026-02-26 20:24:13,INFO,auth,Password changed for user_id=USR8515
LOG0007074,2026-02-26 20:41:52,INFO,auth,Password changed for user_id=USR7358
LOG0006153,2026-02-26 20:42:25,INFO,payment,"Refund issued: order_id=ORD79226 amount=Rp4,602,000"
LOG0009705,2026-02-26 20:42:56,INFO,payment,Payment gateway responded OK in 2221ms
LOG0005070,2026-02-26 20:47:03,INFO,payment,"Payment processed: order_id=ORD15521 amount=Rp8,539,000"
LOG0007864,2026-02-26 20:47:33,INFO,database,Query executed: SELECT users WHERE id=USR2292 (2851ms)
LOG0004928,2026-02-26 20:54:37,ERROR,database,Query failed: syntax error near 'SELCT'
LOG0000452,2026-02-26 20:55:17,WARNING,api_gateway,Slow response: GET /api/v1/reports took 3590ms
LOG0005088,2026-02-26 20:57:26,WARNING,auth,Token expiring soon for user_id=USR3868
LOG0007690,2026-02-26 21:06:03,INFO,database,Transaction committed: txn_id=TXN86732
LOG0009237,2026-02-26 21:06:33,INFO,auth,2FA verification passed: user_id=USR8509
LOG0003144,2026-02-26 21:11:08,WARNING,auth,Failed login attempt for user_id=USR1622 (attempt 13/5)
LOG0007093,2026-02-26 21:13:05,INFO,api_gateway,Rate limit check passed for client_id=CLI175
LOG0002885,2026-02-26 21:13:23,INFO,api_gateway,GET /api/v1/products responded 200 in 2463ms
LOG0008152,2026-02-26 21:18:13,INFO,auth,Token refreshed for user_id=USR1477
LOG0008423,2026-02-26 21:25:59,INFO,payment,"Payment processed: order_id=ORD98097 amount=Rp5,323,000"
LOG0000542,2026-02-26 21:27:09,WARNING,auth,Password reset requested for user_id=USR8994
LOG0009668,2026-02-26 21:31:35,INFO,auth,User logout: user_id=USR9036
LOG0004065,2026-02-26 21:47:20,INFO,auth,Password changed for user_id=USR1853
LOG0007402,2026-02-26 21:55:02,INFO,auth,2FA verification passed: user_id=USR5453
LOG0003924,2026-02-26 21:55:30,INFO,api_gateway,PUT /api/v1/profile responded 200 in 2408ms
LOG0003193,2026-02-26 21:57:30,INFO,api_gateway,Rate limit check passed for client_id=CLI615
LOG0008040,2026-02-26 21:58:18,INFO,database,Transaction committed: txn_id=TXN40313
LOG0005618,2026-02-26 21:59:28,INFO,database,Backup snapshot completed successfully
LOG0000792,2026-02-26 22:03:50,WARNING,payment,Card expiry warning for user_id=USR6481
LOG0001095,2026-02-26 22:04:57,WARNING,payment,Card expiry warning for user_id=USR1006
LOG0003807,2026-02-26 22:07:06,INFO,payment,"Refund issued: order_id=ORD25096 amount=Rp1,637,000"
LOG0006577,2026-02-26 22:07:40,INFO,api_gateway,Rate limit check passed for client_id=CLI181
LOG0005218,2026-02-26 22:09:00,INFO,payment,Subscription renewed: user_id=USR1904
LOG0001601,2026-02-26 22:12:27,INFO,payment,Payment gateway responded OK in 3604ms
LOG0003043,2026-02-26 22:21:03,WARNING,auth,Failed login attempt for user_id=USR3758 (attempt 42/5)
LOG0002393,2026-02-26 22:23:32,INFO,auth,User logout: user_id=USR6845
LOG0004535,2026-02-26 22:29:04,INFO,api_gateway,Rate limit check passed for client_id=CLI635
LOG0004643,2026-02-26 22:31:25,WARNING,api_gateway,Retry attempt 31 for downstream service order-service
LOG0004210,2026-02-26 22:33:42,INFO,database,Query executed: SELECT users WHERE id=USR6636 (551ms)
LOG0001731,2026-02-26 22:33:44,INFO,database,Index hit on table=products query (426ms)
LOG0002779,2026-02-26 22:45:58,WARNING,payment,Card expiry warning for user_id=USR1430
LOG0003745,2026-02-26 22:50:41,INFO,api_gateway,POST /api/v1/orders responded 201 in 4131ms
LOG0006792,2026-02-26 22:50:45,INFO,api_gateway,GET /api/v1/users responded 200 in 4215ms
LOG0001765,2026-02-26 22:53:24,INFO,api_gateway,DELETE /api/v1/item/INV62472 responded 204 in 2517ms
LOG0002319,2026-02-26 22:55:20,INFO,api_gateway,PUT /api/v1/profile responded 200 in 330ms
LOG0009231,2026-02-26 22:57:47,INFO,auth,Token generated for user_id=USR7548
LOG0009387,2026-02-26 22:59:13,WARNING,database,Table=orders approaching max size: 51% capacity
LOG0004575,2026-02-26 23:08:19,WARNING,database,Table=orders approaching max size: 46% capacity
LOG0009453,2026-02-26 23:12:21,INFO,api_gateway,DELETE /api/v1/item/INV74790 responded 204 in 500ms
LOG0008163,2026-02-26 23:22:36,WARNING,auth,Multiple sessions detected for user_id=USR7342
LOG0004017,2026-02-26 23:22:47,INFO,auth,Session created: session_id=SESS61257
LOG0008276,2026-02-26 23:27:18,INFO,database,INSERT INTO orders completed (1515ms)
LOG0008646,2026-02-26 23:33:09,INFO,database,Connection pool: 80/20 active connections
LOG0009625,2026-02-26 23:36:19,INFO,database,Connection pool: 11/20 active connections
LOG0002960,2026-02-26 23:42:33,INFO,database,Query executed: SELECT users WHERE id=USR4669 (497ms)
LOG0003708,2026-02-26 23:45:22,INFO,auth,Password changed for user_id=USR8322
LOG0000957,2026-02-26 23:50:14,INFO,database,Query executed: SELECT users WHERE id=USR7809 (552ms)
LOG0009254,2026-02-26 23:52:44,INFO,api_gateway,DELETE /api/v1/item/INV89675 responded 204 in 46ms
LOG0006221,2026-02-26 23:52:50,INFO,database,Cache hit ratio: 89% for last 5 minutes
LOG0004624,2026-02-27 00:08:05,INFO,auth,User login successful: user_id=USR1713
LOG0002079,2026-02-27 00:17:06,WARNING,payment,Card expiry warning for user_id=USR5281
LOG0007873,2026-02-27 00:18:11,INFO,payment,"Payment processed: order_id=ORD28597 amount=Rp8,446,000"
LOG0008508,2026-02-27 00:20:59,WARNING,auth,Token expiring soon for user_id=USR5975
LOG0005313,2026-02-27 00:23:02,WARNING,api_gateway,Slow response: GET /api/v1/reports took 705ms
LOG0004379,2026-02-27 00:28:21,INFO,auth,Session created: session_id=SESS79599
LOG0003380,2026-02-27 00:37:12,ERROR,payment,Payment gateway timeout after 981ms: order_id=ORD33345
LOG0006652,2026-02-27 00:39:47,INFO,auth,Session created: session_id=SESS74257
LOG0005411,2026-02-27 00:47:59,INFO,api_gateway,GET /api/v1/products responded 200 in 907ms
LOG0003125,2026-02-27 00:48:43,INFO,api_gateway,Request routed to service: user-service in 69ms
LOG0008928,2026-02-27 00:48:43,INFO,auth,User login successful: user_id=USR4832
LOG0007977,2026-02-27 00:52:28,INFO,database,Transaction committed: txn_id=TXN22220
LOG0005408,2026-02-27 00:54:50,INFO,payment,Currency conversion: USD→IDR for order_id=ORD74902
LOG0002971,2026-02-27 00:55:19,INFO,database,Backup snapshot completed successfully
LOG0006550,2026-02-27 00:57:50,INFO,auth,Token refreshed for user_id=USR1545
LOG0000693,2026-02-27 01:12:02,INFO,database,INSERT INTO orders completed (3922ms)
LOG0004390,2026-02-27 01:18:04,INFO,database,Index hit on table=products query (4241ms)
LOG0007674,2026-02-27 01:19:25,INFO,api_gateway,GET /api/v1/users responded 200 in 3369ms
LOG0002938,2026-02-27 01:24:14,INFO,api_gateway,GET /api/v1/users responded 200 in 3481ms
LOG0007930,2026-02-27 01:26:27,INFO,payment,Webhook received from payment provider: status=SUCCESS
LOG0000749,2026-02-27 01:28:26,INFO,api_gateway,POST /api/v1/orders responded 201 in 4325ms
LOG0002149,2026-02-27 01:30:11,INFO,database,INSERT INTO orders completed (1547ms)
LOG0008114,2026-02-27 01:31:30,WARNING,auth,Failed login attempt for user_id=USR7837 (attempt 61/5)
LOG0009085,2026-02-27 01:32:00,WARNING,database,Connection pool usage high: 41/20 connections
LOG0009874,2026-02-27 01:32:04,WARNING,payment,High transaction volume: 37 TPS (threshold: 50 TPS)
LOG0006124,2026-02-27 01:34:13,INFO,payment,"Payment processed: order_id=ORD44040 amount=Rp8,181,000"
LOG0008948,2026-02-27 01:39:10,INFO,auth,Token refreshed for user_id=USR3280
LOG0008133,2026-02-27 01:51:04,INFO,database,Backup snapshot completed successfully
LOG0009808,2026-02-27 01:54:50,INFO,auth,User registered successfully: user_id=USR6126
LOG0007623,2026-02-27 01:55:26,INFO,payment,Invoice generated: invoice_id=INV88443
LOG0006947,2026-02-27 01:56:09,INFO,api_gateway,DELETE /api/v1/item/INV69954 responded 204 in 769ms
LOG0008751,2026-02-27 01:59:22,INFO,auth,Session created: session_id=SESS38204
LOG0006150,2026-02-27 02:01:31,ERROR,api_gateway,Rate limit exceeded for client_id=CLI601
LOG0009844,2026-02-27 02:02:00,WARNING,database,Long-running transaction detected: txn_id=TXN52502 (1462ms)
LOG0005824,2026-02-27 02:24:18,INFO,auth,User logout: user_id=USR9571
LOG0006295,2026-02-27 02:30:13,ERROR,database,Query failed: syntax error near 'SELCT'
LOG0005261,2026-02-27 02:31:28,ERROR,auth,JWT signature mismatch for user_id=USR3968
LOG0000458,2026-02-27 02:35:37,WARNING,auth,Failed login attempt for user_id=USR7781 (attempt 48/5)
LOG0004438,2026-02-27 02:38:38,INFO,auth,Session created: session_id=SESS98284
LOG0006730,2026-02-27 02:44:42,INFO,api_gateway,DELETE /api/v1/item/INV81090 responded 204 in 2699ms
LOG0004090,2026-02-27 02:57:59,WARNING,payment,Card expiry warning for user_id=USR9022
LOG0009806,2026-02-27 03:01:22,WARNING,auth,Multiple sessions detected for user_id=USR5149
LOG0008384,2026-02-27 03:02:09,INFO,api_gateway,GET /api/v1/products responded 200 in 773ms
LOG0001548,2026-02-27 03:05:06,INFO,auth,2FA verification passed: user_id=USR7507
LOG0000751,2026-02-27 03:06:57,INFO,api_gateway,GET /api/v1/users responded 200 in 366ms
LOG0009328,2026-02-27 03:11:15,INFO,payment,Webhook received from payment provider: status=SUCCESS
LOG0008087,2026-02-27 03:19:47,INFO,api_gateway,DELETE /api/v1/item/INV42714 responded 204 in 149ms
LOG0003485,2026-02-27 03:20:54,INFO,payment,"Refund issued: order_id=ORD73405 amount=Rp8,961,000"
LOG0001173,2026-02-27 03:21:02,INFO,payment,Subscription renewed: user_id=USR6988
LOG0006115,2026-02-27 03:25:39,INFO,api_gateway,GET /api/v1/users responded 200 in 4491ms
LOG0009426,2026-02-27 03:33:01,INFO,payment,Invoice generated: invoice_id=INV42896
LOG0001552,2026-02-27 03:33:52,INFO,database,Transaction committed: txn_id=TXN25160
LOG0002345,2026-02-27 03:36:49,WARNING,payment,Payment provider response slow: 422ms
LOG0008033,2026-02-27 03:39:53,WARNING,database,Long-running transaction detected: txn_id=TXN14111 (3915ms)
LOG0004958,2026-02-27 03:45:06,INFO,auth,Token refreshed for user_id=USR4620
LOG0007190,2026-02-27 03:48:58,INFO,payment,Subscription renewed: user_id=USR8300
LOG0008977,2026-02-27 03:53:39,INFO,auth,User registered successfully: user_id=USR2701
LOG0003919,2026-02-27 03:53:56,INFO,database,Query executed: SELECT users WHERE id=USR9434 (3887ms)
LOG0009309,2026-02-27 03:56:45,WARNING,auth,Token expiring soon for user_id=USR1844
LOG0007127,2026-02-27 04:06:41,INFO,api_gateway,GET /api/v1/products responded 200 in 1901ms
LOG0000766,2026-02-27 04:07:16,INFO,database,Connection pool: 50/20 active connections
LOG0002166,2026-02-27 04:08:08,WARNING,payment,Payment retry attempt 26/3 for order_id=ORD22096
LOG0009503,2026-02-27 04:08:23,INFO,auth,Password changed for user_id=USR8686
LOG0003128,2026-02-27 04:10:45,INFO,auth,User login successful: user_id=USR2512
LOG0009773,2026-02-27 04:11:08,INFO,auth,2FA verification passed: user_id=USR8813
LOG0002596,2026-02-27 04:12:42,INFO,api_gateway,GET /api/v1/users responded 200 in 1501ms
LOG0000626,2026-02-27 04:15:22,ERROR,database,Replication lag exceeded threshold: 2022ms behind primary
LOG0001771,2026-02-27 04:19:20,INFO,database,Transaction committed: txn_id=TXN46000
LOG0006764,2026-02-27 04:22:48,INFO,database,Query executed: SELECT users WHERE id=USR4608 (729ms)
LOG0009894,2026-02-27 04:25:16,INFO,auth,Token refreshed for user_id=USR9340
LOG0001452,2026-02-27 04:30:18,INFO,api_gateway,GET /api/v1/products responded 200 in 4398ms
LOG0001692,2026-02-27 04:31:07,ERROR,api_gateway,POST /api/v1/payment returned 500 after 3624ms
LOG0009006,2026-02-27 04:33:26,INFO,api_gateway,DELETE /api/v1/item/INV74688 responded 204 in 2040ms
LOG0006274,2026-02-27 04:35:32,INFO,api_gateway,Rate limit check passed for client_id=CLI993
LOG0005120,2026-02-27 04:37:19,WARNING,auth,Multiple sessions detected for user_id=USR1697
LOG0003427,2026-02-27 04:41:05,INFO,auth,Token generated for user_id=USR7440
LOG0005660,2026-02-27 04:43:49,ERROR,api_gateway,Circuit breaker OPEN for service: user-service
LOG0001852,2026-02-27 04:46:07,INFO,database,Connection pool: 22/20 active connections
LOG0003914,2026-02-27 04:47:07,INFO,auth,User registered successfully: user_id=USR2890
LOG0005022,2026-02-27 04:48:30,INFO,database,Transaction committed: txn_id=TXN19455
LOG0002790,2026-02-27 04:56:05,INFO,auth,User registered successfully: user_id=USR9471
LOG0002051,2026-02-27 04:57:15,WARNING,database,Index miss on table=events: consider reindexing
LOG0009144,2026-02-27 04:59:34,WARNING,payment,Payment provider response slow: 3784ms
LOG0008842,2026-02-27 05:00:44,WARNING,database,Connection pool usage high: 35/20 connections
LOG0005851,2026-02-27 05:05:31,WARNING,auth,Password reset requested for user_id=USR5476
LOG0008761,2026-02-27 05:12:59,INFO,database,Cache hit ratio: 55% for last 5 minutes
LOG0003480,2026-02-27 05:13:31,INFO,auth,Token refreshed for user_id=USR1727
LOG0009062,2026-02-27 05:13:56,INFO,auth,2FA verification passed: user_id=USR6215
LOG0009897,2026-02-27 05:18:09,INFO,api_gateway,DELETE /api/v1/item/INV83669 responded 204 in 453ms
LOG0005630,2026-02-27 05:18:29,INFO,auth,Token refreshed for user_id=USR4758
LOG0007227,2026-02-27 05:19:24,WARNING,auth,Password reset requested for user_id=USR2438
LOG0008873,2026-02-27 05:20:16,INFO,auth,User logout: user_id=USR4892
LOG0000613,2026-02-27 05:21:43,INFO,database,Query executed: SELECT users WHERE id=USR3010 (2140ms)
LOG0007800,2026-02-27 05:23:25,INFO,database,Query executed: SELECT users WHERE id=USR4691 (1531ms)
LOG0007570,2026-02-27 05:26:14,WARNING,payment,Card expiry warning for user_id=USR2931
LOG0002747,2026-02-27 05:27:38,ERROR,auth,Token validation failed: user_id=USR4344
LOG0004295,2026-02-27 05:38:54,INFO,api_gateway,POST /api/v1/orders responded 201 in 304ms
LOG0004198,2026-02-27 05:41:17,INFO,auth,User registered successfully: user_id=USR8715
LOG0005240,2026-02-27 05:41:26,INFO,payment,Subscription renewed: user_id=USR5550
LOG0009648,2026-02-27 05:41:44,INFO,database,Backup snapshot completed successfully
LOG0004494,2026-02-27 05:42:16,INFO,payment,Payment gateway responded OK in 4433ms
LOG0004729,2026-02-27 05:42:47,WARNING,api_gateway,Slow response: GET /api/v1/reports took 2413ms
LOG0002270,2026-02-27 05:49:50,INFO,auth,2FA verification passed: user_id=USR6504
LOG0004260,2026-02-27 05:55:44,INFO,payment,Subscription renewed: user_id=USR5814
LOG0006120,2026-02-27 05:59:02,INFO,auth,Token refreshed for user_id=USR3447
LOG0003963,2026-02-27 06:05:33,INFO,auth,2FA verification passed: user_id=USR1065
LOG0002974,2026-02-27 06:09:13,ERROR,api_gateway,Circuit breaker OPEN for service: order-service
LOG0005236,2026-02-27 06:14:31,INFO,database,Backup snapshot completed successfully
LOG0006299,2026-02-27 06:25:30,INFO,payment,Payment gateway responded OK in 1334ms
LOG0009919,2026-02-27 06:27:17,INFO,auth,Session created: session_id=SESS11200
LOG0003671,2026-02-27 06:34:31,WARNING,payment,Payment provider response slow: 2590ms
LOG0006442,2026-02-27 06:36:11,WARNING,auth,Unusual login location detected: user_id=USR6368
LOG0003561,2026-02-27 06:37:04,INFO,api_gateway,PUT /api/v1/profile responded 200 in 1031ms
LOG0005711,2026-02-27 06:39:48,INFO,database,Query executed: SELECT users WHERE id=USR8194 (2138ms)
LOG0009836,2026-02-27 06:42:13,INFO,api_gateway,Request routed to service: user-service in 965ms
LOG0008322,2026-02-27 06:42:17,WARNING,database,Slow query detected: 4419ms on table=logs
LOG0007655,2026-02-27 06:45:38,WARNING,auth,Token expiring soon for user_id=USR7720
LOG0000707,2026-02-27 06:51:12,INFO,api_gateway,DELETE /api/v1/item/INV99347 responded 204 in 193ms
LOG0004971,2026-02-27 06:55:06,INFO,database,Connection pool: 64/20 active connections
LOG0008791,2026-02-27 06:57:08,INFO,auth,2FA verification passed: user_id=USR6791
LOG0008691,2026-02-27 07:10:50,INFO,payment,"Payment processed: order_id=ORD29745 amount=Rp2,733,000"
LOG0005242,2026-02-27 07:17:34,ERROR,api_gateway,Circuit breaker OPEN for service: user-service
LOG0007399,2026-02-27 07:25:44,INFO,api_gateway,GET /api/v1/products responded 200 in 3926ms
LOG0003164,2026-02-27 07:29:54,WARNING,database,Connection pool usage high: 27/20 connections
LOG0009041,2026-02-27 07:34:17,INFO,payment,Webhook received from payment provider: status=SUCCESS
LOG0009511,2026-02-27 07:38:27,INFO,api_gateway,GET /api/v1/products responded 200 in 426ms
LOG0001853,2026-02-27 07:45:55,INFO,auth,Token refreshed for user_id=USR7490
LOG0008071,2026-02-27 07:48:48,INFO,database,Query executed: SELECT users WHERE id=USR9908 (2204ms)
LOG0006988,2026-02-27 07:50:06,INFO,database,Query executed: SELECT users WHERE id=USR5111 (271ms)
LOG0001510,2026-02-27 07:50:26,INFO,auth,User logout: user_id=USR8139
LOG0001957,2026-02-27 07:57:16,WARNING,auth,Multiple sessions detected for user_id=USR9743
LOG0009828,2026-02-27 07:58:51,INFO,database,INSERT INTO orders completed (179ms)
LOG0005543,2026-02-27 08:02:34,INFO,api_gateway,PUT /api/v1/profile responded 200 in 3091ms
LOG0005142,2026-02-27 08:02:51,INFO,payment,"Refund issued: order_id=ORD87626 amount=Rp9,035,000"
LOG0001715,2026-02-27 08:05:58,WARNING,auth,Multiple sessions detected for user_id=USR3483
LOG0005828,2026-02-27 08:09:16,INFO,database,Index hit on table=products query (3955ms)
LOG0008476,2026-02-27 08:13:10,WARNING,database,Slow query detected: 3784ms on table=logs
LOG0005622,2026-02-27 08:20:05,WARNING,payment,Card expiry warning for user_id=USR9973
LOG0007232,2026-02-27 08:20:21,INFO,auth,Session created: session_id=SESS56801
LOG0001485,2026-02-27 08:24:38,WARNING,api_gateway,Retry attempt 27 for downstream service inventory-service
LOG0009366,2026-02-27 08:24:56,ERROR,payment,Webhook delivery failed after 3 retries
LOG0009790,2026-02-27 08:25:06,WARNING,auth,Unusual login location detected: user_id=USR5230
LOG0000163,2026-02-27 08:25:23,WARNING,api_gateway,Deprecated endpoint called: /api/v0/users by client_id=CLI364
LOG0004288,2026-02-27 08:26:25,INFO,payment,Subscription renewed: user_id=USR2355
LOG0006959,2026-02-27 08:39:45,WARNING,payment,Card expiry warning for user_id=USR5842
LOG0000466,2026-02-27 08:40:07,WARNING,payment,Suspicious transaction flagged: order_id=ORD39680
LOG0003367,2026-02-27 08:41:01,INFO,database,Cache hit ratio: 74% for last 5 minutes
LOG0004647,2026-02-27 08:41:23,INFO,api_gateway,GET /api/v1/users responded 200 in 4436ms
LOG0005258,2026-02-27 08:49:30,WARNING,api_gateway,Retry attempt 77 for downstream service inventory-service
LOG0001423,2026-02-27 08:53:25,INFO,api_gateway,Rate limit check passed for client_id=CLI429
LOG0007176,2026-02-27 08:57:30,WARNING,auth,Multiple sessions detected for user_id=USR1061
LOG0003201,2026-02-27 09:05:05,INFO,auth,Password changed for user_id=USR6782
LOG0005145,2026-02-27 09:07:53,INFO,database,Query executed: SELECT users WHERE id=USR8924 (1921ms)
LOG0002935,2026-02-27 09:08:45,WARNING,database,Long-running transaction detected: txn_id=TXN19314 (119ms)
LOG0005798,2026-02-27 09:09:05,INFO,database,INSERT INTO orders completed (1498ms)
LOG0009755,2026-02-27 09:14:20,INFO,payment,"Refund issued: order_id=ORD40210 amount=Rp5,663,000"
LOG0007512,2026-02-27 09:14:22,INFO,api_gateway,Request routed to service: inventory-service in 4244ms
LOG0008354,2026-02-27 09:14:44,INFO,payment,Webhook received from payment provider: status=SUCCESS
LOG0009438,2026-02-27 09:25:06,INFO,api_gateway,Rate limit check passed for client_id=CLI680
LOG0006714,2026-02-27 09:25:39,INFO,payment,Payment gateway responded OK in 2449ms
LOG0001495,2026-02-27 09:26:30,INFO,database,Backup snapshot completed successfully
LOG0004839,2026-02-27 09:27:56,WARNING,payment,Payment retry attempt 38/3 for order_id=ORD82734
LOG0009230,2026-02-27 09:33:48,INFO,auth,User registered successfully: user_id=USR6227
LOG0006179,2026-02-27 09:44:32,INFO,api_gateway,GET /api/v1/products responded 200 in 3344ms
LOG0001670,2026-02-27 09:48:15,INFO,database,Backup snapshot completed successfully
LOG0003161,2026-02-27 09:51:28,INFO,payment,Webhook received from payment provider: status=SUCCESS
LOG0000421,2026-02-27 09:53:44,INFO,api_gateway,POST /api/v1/orders responded 201 in 4149ms
LOG0000821,2026-02-27 09:53:51,INFO,database,Transaction committed: txn_id=TXN93847
LOG0009502,2026-02-27 09:58:21,INFO,auth,User logout: user_id=USR7379
LOG0004662,2026-02-27 10:01:42,INFO,auth,User login successful: user_id=USR5928
LOG0007739,2026-02-27 10:06:52,INFO,payment,Invoice generated: invoice_id=INV11961
LOG0001470,2026-02-27 10:17:34,INFO,api_gateway,Rate limit check passed for client_id=CLI168
LOG0005515,2026-02-27 10:19:46,INFO,payment,Invoice generated: invoice_id=INV13772
LOG0008111,2026-02-27 10:21:48,WARNING,auth,Multiple sessions detected for user_id=USR8250
LOG0000892,2026-02-27 10:27:13,INFO,api_gateway,Rate limit check passed for client_id=CLI163
LOG0008365,2026-02-27 10:28:50,INFO,auth,2FA verification passed: user_id=USR6319
LOG0008599,2026-02-27 10:33:49,WARNING,auth,Unusual login location detected: user_id=USR4683
LOG0001203,2026-02-27 10:39:09,INFO,api_gateway,DELETE /api/v1/item/INV11446 responded 204 in 792ms
LOG0001835,2026-02-27 10:43:07,INFO,database,Query executed: SELECT users WHERE id=USR7773 (4389ms)
LOG0009615,2026-02-27 10:43:44,INFO,payment,Invoice generated: invoice_id=INV65345
LOG0006279,2026-02-27 10:44:21,INFO,database,Index hit on table=products query (4035ms)
LOG0001309,2026-02-27 10:46:06,WARNING,database,Table=orders approaching max size: 48% capacity
LOG0004419,2026-02-27 10:47:31,WARNING,auth,Token expiring soon for user_id=USR7353
LOG0007200,2026-02-27 10:48:22,WARNING,api_gateway,Rate limit approaching for client_id=CLI947: 71/100 req/min
LOG0005595,2026-02-27 10:52:27,WARNING,payment,Card expiry warning for user_id=USR8169
LOG0009493,2026-02-27 10:52:45,INFO,payment,"Refund issued: order_id=ORD49288 amount=Rp4,999,000"
LOG0006025,2026-02-27 10:55:11,WARNING,auth,Failed login attempt for user_id=USR1895 (attempt 59/5)
LOG0009759,2026-02-27 10:55:38,WARNING,payment,Suspicious transaction flagged: order_id=ORD96049
LOG0009883,2026-02-27 10:56:29,WARNING,auth,Failed login attempt for user_id=USR5174 (attempt 21/5)
LOG0000111,2026-02-27 10:57:08,WARNING,auth,Password reset requested for user_id=USR8942
LOG0009831,2026-02-27 11:06:43,INFO,api_gateway,GET /api/v1/users responded 200 in 510ms
LOG0008955,2026-02-27 11:08:34,INFO,database,Transaction committed: txn_id=TXN59248
LOG0001594,2026-02-27 11:16:53,INFO,database,Connection pool: 98/20 active connections
LOG0001517,2026-02-27 11:18:03,ERROR,auth,Account locked after 5 failed attempts: user_id=USR5643
LOG0008088,2026-02-27 11:18:53,ERROR,database,Query failed: syntax error near 'SELCT'
LOG0002255,2026-02-27 11:23:03,INFO,api_gateway,Request routed to service: user-service in 2460ms
LOG0002552,2026-02-27 11:26:20,ERROR,payment,Currency conversion error for order_id=ORD28084
LOG0001243,2026-02-27 11:30:39,INFO,api_gateway,Rate limit check passed for client_id=CLI862
LOG0000647,2026-02-27 11:34:36,INFO,api_gateway,GET /api/v1/products responded 200 in 3116ms
LOG0000682,2026-02-27 11:37:42,INFO,auth,2FA verification passed: user_id=USR5802
LOG0006976,2026-02-27 11:41:32,INFO,payment,"Refund issued: order_id=ORD96977 amount=Rp1,276,000"
LOG0002181,2026-02-27 11:44:02,INFO,payment,Payment gateway responded OK in 1831ms
LOG0009850,2026-02-27 11:46:36,WARNING,database,Table=orders approaching max size: 27% capacity
LOG0005206,2026-02-27 11:53:06,ERROR,api_gateway,Upstream service user-service unreachable: connection timeout
LOG0001860,2026-02-27 11:56:22,INFO,database,Query executed: SELECT users WHERE id=USR7775 (4205ms)
LOG0008957,2026-02-27 12:02:27,WARNING,payment,Payment retry attempt 78/3 for order_id=ORD33686
LOG0005927,2026-02-27 12:02:39,ERROR,database,Replication lag exceeded threshold: 4131ms behind primary
LOG0006099,2026-02-27 12:04:47,INFO,database,Transaction committed: txn_id=TXN16241
LOG0008987,2026-02-27 12:06:17,INFO,auth,Token generated for user_id=USR9820
LOG0009899,2026-02-27 12:17:24,ERROR,auth,Account locked after 5 failed attempts: user_id=USR5392
LOG0009709,2026-02-27 12:19:00,INFO,auth,User login successful: user_id=USR8328
LOG0006424,2026-02-27 12:28:40,INFO,auth,Token generated for user_id=USR3945
LOG0000424,2026-02-27 12:30:43,INFO,database,Backup snapshot completed successfully
LOG0007434,2026-02-27 12:41:46,WARNING,auth,Unusual login location detected: user_id=USR2783
LOG0003295,2026-02-27 12:42:08,INFO,auth,User logout: user_id=USR6926
LOG0002593,2026-02-27 12:48:39,INFO,auth,User registered successfully: user_id=USR7090
LOG0009488,2026-02-27 12:49:55,INFO,payment,Currency conversion: USD→IDR for order_id=ORD93486
LOG0007692,2026-02-27 12:57:41,INFO,database,Index hit on table=products query (476ms)
LOG0005743,2026-02-27 12:58:03,INFO,database,Backup snapshot completed successfully
LOG0002750,2026-02-27 12:59:22,INFO,api_gateway,DELETE /api/v1/item/INV67655 responded 204 in 116ms
LOG0007475,2026-02-27 13:00:13,WARNING,database,Index miss on table=events: consider reindexing
LOG0004674,2026-02-27 13:02:03,WARNING,auth,Token expiring soon for user_id=USR3124
LOG0001035,2026-02-27 13:06:09,INFO,database,Connection pool: 84/20 active connections
LOG0001982,2026-02-27 13:13:24,WARNING,payment,Payment provider response slow: 806ms
LOG0002517,2026-02-27 13:19:00,INFO,database,Transaction committed: txn_id=TXN95586
LOG0002701,2026-02-27 13:22:17,ERROR,auth,Session expired: user_id=USR3054
LOG0008824,2026-02-27 13:22:27,INFO,auth,Token refreshed for user_id=USR1222
LOG0004423,2026-02-27 13:25:22,INFO,auth,Token refreshed for user_id=USR9142
LOG0002000,2026-02-27 13:25:57,INFO,payment,"Payment processed: order_id=ORD96715 amount=Rp8,200,000"
LOG0001013,2026-02-27 13:29:43,INFO,payment,Webhook received from payment provider: status=SUCCESS
LOG0008850,2026-02-27 13:32:02,INFO,database,Backup snapshot completed successfully
LOG0005702,2026-02-27 13:32:53,INFO,api_gateway,GET /api/v1/products responded 200 in 4478ms
LOG0005623,2026-02-27 13:33:24,ERROR,database,Query failed: syntax error near 'SELCT'
LOG0007672,2026-02-27 13:33:27,INFO,payment,Subscription renewed: user_id=USR1584
LOG0007884,2026-02-27 13:35:19,INFO,payment,Invoice generated: invoice_id=INV43209
LOG0000457,2026-02-27 13:38:03,INFO,api_gateway,Request routed to service: order-service in 3787ms
LOG0002312,2026-02-27 13:46:29,WARNING,database,Slow query detected: 635ms on table=logs
LOG0004962,2026-02-27 13:49:49,WARNING,auth,Failed login attempt for user_id=USR6573 (attempt 72/5)
LOG0006938,2026-02-27 13:52:33,WARNING,database,Connection pool usage high: 19/20 connections
LOG0008350,2026-02-27 14:03:07,WARNING,payment,Card expiry warning for user_id=USR5243
LOG0007152,2026-02-27 14:03:58,INFO,api_gateway,Request routed to service: order-service in 2205ms
LOG0004179,2026-02-27 14:04:59,INFO,payment,Subscription renewed: user_id=USR5895
LOG0006497,2026-02-27 14:09:01,INFO,api_gateway,PUT /api/v1/profile responded 200 in 2926ms
LOG0008291,2026-02-27 14:09:14,INFO,api_gateway,GET /api/v1/users responded 200 in 2067ms
LOG0001295,2026-02-27 14:10:06,INFO,payment,Invoice generated: invoice_id=INV66538
LOG0008182,2026-02-27 14:14:57,WARNING,payment,Card expiry warning for user_id=USR5868
LOG0006590,2026-02-27 14:16:26,INFO,database,Query executed: SELECT users WHERE id=USR5653 (2606ms)
LOG0007517,2026-02-27 14:18:44,INFO,api_gateway,Request routed to service: user-service in 2101ms
LOG0001280,2026-02-27 14:21:21,INFO,auth,User logout: user_id=USR6357
LOG0007536,2026-02-27 14:21:40,INFO,payment,"Refund issued: order_id=ORD35666 amount=Rp804,000"
LOG0007340,2026-02-27 14:23:40,INFO,auth,Token generated for user_id=USR6118
LOG0000218,2026-02-27 14:23:54,INFO,auth,User logout: user_id=USR6612
LOG0002368,2026-02-27 14:24:33,INFO,payment,Subscription renewed: user_id=USR8307
LOG0001476,2026-02-27 14:27:59,INFO,payment,Webhook received from payment provider: status=SUCCESS
LOG0003918,2026-02-27 14:36:41,WARNING,auth,Token expiring soon for user_id=USR4587
LOG0006342,2026-02-27 14:37:21,INFO,api_gateway,Request routed to service: order-service in 3077ms
LOG0001486,2026-02-27 14:40:30,INFO,payment,Invoice generated: invoice_id=INV85140
LOG0002378,2026-02-27 14:47:58,WARNING,auth,Unusual login location detected: user_id=USR4928
LOG0008746,2026-02-27 14:54:12,ERROR,auth,Account locked after 5 failed attempts: user_id=USR7008
LOG0000506,2026-02-27 14:59:07,INFO,auth,User logout: user_id=USR1037
LOG0000020,2026-02-27 15:03:37,INFO,auth,User login successful: user_id=USR5697
LOG0005815,2026-02-27 15:05:08,WARNING,api_gateway,High latency detected on route /api/v1/search: 2909ms
LOG0007489,2026-02-27 15:08:43,INFO,auth,User login successful: user_id=USR9590
LOG0006260,2026-02-27 15:12:30,INFO,payment,Payment gateway responded OK in 4328ms
LOG0006755,2026-02-27 15:17:02,INFO,api_gateway,PUT /api/v1/profile responded 200 in 3513ms
LOG0006899,2026-02-27 15:20:10,ERROR,payment,Fraud detection triggered: order_id=ORD68975
LOG0008435,2026-02-27 15:20:39,WARNING,api_gateway,Slow response: GET /api/v1/reports took 3009ms
LOG0004952,2026-02-27 15:22:46,INFO,auth,User login successful: user_id=USR5361
LOG0000563,2026-02-27 15:28:53,ERROR,api_gateway,Rate limit exceeded for client_id=CLI423
LOG0002722,2026-02-27 15:30:47,INFO,payment,Invoice generated: invoice_id=INV90038
LOG0006405,2026-02-27 15:32:16,ERROR,database,Replication lag exceeded threshold: 2912ms behind primary
LOG0005521,2026-02-27 15:33:04,INFO,auth,User login successful: user_id=USR2028
LOG0000091,2026-02-27 15:35:28,INFO,api_gateway,DELETE /api/v1/item/INV65551 responded 204 in 2638ms
LOG0003353,2026-02-27 15:35:45,INFO,payment,Webhook received from payment provider: status=SUCCESS
LOG0002602,2026-02-27 15:44:40,INFO,api_gateway,GET /api/v1/users responded 200 in 683ms
LOG0003649,2026-02-27 15:44:49,WARNING,api_gateway,Retry attempt 80 for downstream service user-service
LOG0007996,2026-02-27 15:48:15,INFO,payment,"Payment processed: order_id=ORD87285 amount=Rp7,178,000"
LOG0009508,2026-02-27 15:55:28,INFO,database,Cache hit ratio: 79% for last 5 minutes
LOG0008425,2026-02-27 16:05:02,INFO,payment,"Refund issued: order_id=ORD50578 amount=Rp8,625,000"
LOG0000924,2026-02-27 16:08:45,INFO,payment,Payment gateway responded OK in 1123ms
LOG0004331,2026-02-27 16:16:30,INFO,payment,"Payment processed: order_id=ORD82415 amount=Rp9,122,000"
LOG0000475,2026-02-27 16:16:47,INFO,database,INSERT INTO orders completed (3612ms)
LOG0007907,2026-02-27 16:17:31,INFO,auth,2FA verification passed: user_id=USR7767
LOG0007112,2026-02-27 16:18:24,INFO,api_gateway,Request routed to service: user-service in 1388ms
LOG0006648,2026-02-27 16:22:18,WARNING,database,Index miss on table=events: consider reindexing
LOG0002796,2026-02-27 16:25:25,ERROR,payment,Payment gateway timeout after 72ms: order_id=ORD20070
LOG0000781,2026-02-27 16:35:14,INFO,auth,Token refreshed for user_id=USR2556
LOG0006453,2026-02-27 16:40:45,INFO,api_gateway,GET /api/v1/users responded 200 in 3633ms
LOG0003751,2026-02-27 16:40:54,INFO,api_gateway,GET /api/v1/users responded 200 in 595ms
LOG0009714,2026-02-27 16:51:27,INFO,database,Cache hit ratio: 79% for last 5 minutes
LOG0000456,2026-02-27 16:51:46,INFO,payment,Currency conversion: USD→IDR for order_id=ORD45694
LOG0008938,2026-02-27 17:03:55,ERROR,auth,JWT signature mismatch for user_id=USR8651
LOG0006533,2026-02-27 17:08:55,INFO,payment,Payment gateway responded OK in 3349ms
LOG0004555,2026-02-27 17:11:25,WARNING,auth,Password reset requested for user_id=USR3226
LOG0000500,2026-02-27 17:12:41,WARNING,database,Index miss on table=events: consider reindexing
LOG0007165,2026-02-27 17:16:19,INFO,api_gateway,GET /api/v1/users responded 200 in 2688ms
LOG0007880,2026-02-27 17:17:39,INFO,auth,User login successful: user_id=USR2316
LOG0009610,2026-02-27 17:17:58,WARNING,auth,Unusual login location detected: user_id=USR1984
LOG0001432,2026-02-27 17:18:07,INFO,database,Connection pool: 40/20 active connections
LOG0003777,2026-02-27 17:19:15,WARNING,api_gateway,Slow response: GET /api/v1/reports took 1047ms
LOG0007368,2026-02-27 17:36:39,INFO,api_gateway,POST /api/v1/orders responded 201 in 1448ms
LOG0000488,2026-02-27 17:36:51,INFO,database,Cache hit ratio: 4% for last 5 minutes
LOG0004903,2026-02-27 17:38:29,WARNING,database,Connection pool usage high: 84/20 connections
LOG0002410,2026-02-27 17:40:58,INFO,payment,Subscription renewed: user_id=USR4794
LOG0003913,2026-02-27 17:42:45,INFO,api_gateway,POST /api/v1/orders responded 201 in 2074ms
LOG0004704,2026-02-27 17:47:37,INFO,auth,User login successful: user_id=USR1292
LOG0009294,2026-02-27 17:53:38,INFO,payment,"Refund issued: order_id=ORD72484 amount=Rp3,045,000"
LOG0002306,2026-02-27 17:54:39,INFO,auth,User login successful: user_id=USR4060
LOG0002801,2026-02-27 17:55:13,INFO,api_gateway,GET /api/v1/users responded 200 in 3917ms
LOG0009138,2026-02-27 17:58:49,INFO,payment,"Refund issued: order_id=ORD38391 amount=Rp7,766,000"
LOG0004796,2026-02-27 18:03:07,WARNING,auth,Token expiring soon for user_id=USR5783
LOG0006831,2026-02-27 18:07:36,INFO,payment,Invoice generated: invoice_id=INV43654
LOG0004088,2026-02-27 18:09:26,INFO,database,Index hit on table=products query (4091ms)
LOG0007229,2026-02-27 18:14:02,INFO,database,INSERT INTO orders completed (1109ms)
LOG0001399,2026-02-27 18:15:03,INFO,api_gateway,POST /api/v1/orders responded 201 in 2789ms
LOG0000689,2026-02-27 18:20:32,INFO,api_gateway,PUT /api/v1/profile responded 200 in 2992ms
LOG0008759,2026-02-27 18:23:55,WARNING,payment,Card expiry warning for user_id=USR6795
LOG0000565,2026-02-27 18:24:35,INFO,api_gateway,PUT /api/v1/profile responded 200 in 1974ms
LOG0008517,2026-02-27 18:27:40,WARNING,payment,High transaction volume: 11 TPS (threshold: 50 TPS)
LOG0004629,2026-02-27 18:27:55,INFO,api_gateway,DELETE /api/v1/item/INV51097 responded 204 in 4379ms
LOG0005361,2026-02-27 18:38:17,ERROR,payment,Currency conversion error for order_id=ORD44085
LOG0001324,2026-02-27 18:43:21,INFO,api_gateway,POST /api/v1/orders responded 201 in 194ms
LOG0005983,2026-02-27 18:45:00,ERROR,api_gateway,Upstream service inventory-service unreachable: connection timeout
LOG0004811,2026-02-27 18:45:28,INFO,auth,User login successful: user_id=USR6002
LOG0009569,2026-02-27 18:46:16,WARNING,auth,Token expiring soon for user_id=USR1488
LOG0010000,2026-02-27 18:50:26,ERROR,auth,Token validation failed: user_id=USR9427
LOG0003868,2026-02-27 18:50:41,WARNING,api_gateway,Deprecated endpoint called: /api/v0/users by client_id=CLI799
LOG0007791,2026-02-27 18:56:35,WARNING,payment,Payment provider response slow: 1358ms
LOG0008145,2026-02-27 18:57:10,INFO,auth,User logout: user_id=USR5478
LOG0007294,2026-02-27 18:59:05,INFO,database,Transaction committed: txn_id=TXN14240
LOG0008180,2026-02-27 19:02:22,ERROR,api_gateway,Rate limit exceeded for client_id=CLI911
LOG0003308,2026-02-27 19:22:41,INFO,auth,Token refreshed for user_id=USR2803
LOG0002056,2026-02-27 19:30:31,INFO,api_gateway,Rate limit check passed for client_id=CLI441
LOG0005481,2026-02-27 19:33:24,INFO,auth,Token refreshed for user_id=USR7647
LOG0004673,2026-02-27 19:33:30,INFO,auth,User login successful: user_id=USR9991
LOG0005537,2026-02-27 19:34:07,INFO,database,Connection pool: 78/20 active connections
LOG0005002,2026-02-27 19:40:17,WARNING,payment,Payment provider response slow: 2006ms
LOG0000208,2026-02-27 19:43:02,ERROR,auth,Token validation failed: user_id=USR3157
LOG0009866,2026-02-27 19:47:00,INFO,payment,Payment gateway responded OK in 3669ms
LOG0000074,2026-02-27 19:50:55,INFO,payment,"Payment processed: order_id=ORD41520 amount=Rp4,270,000"
LOG0002866,2026-02-27 20:04:51,INFO,payment,Webhook received from payment provider: status=SUCCESS
LOG0000551,2026-02-27 20:07:42,INFO,database,INSERT INTO orders completed (3127ms)
LOG0001554,2026-02-27 20:10:43,INFO,api_gateway,PUT /api/v1/profile responded 200 in 1203ms
LOG0004310,2026-02-27 20:11:37,INFO,api_gateway,POST /api/v1/orders responded 201 in 2403ms
LOG0001275,2026-02-27 20:13:57,ERROR,payment,Payment failed: order_id=ORD40851 reason=insufficient_funds
LOG0009344,2026-02-27 20:21:32,INFO,payment,Webhook received from payment provider: status=SUCCESS
LOG0008253,2026-02-27 20:26:36,INFO,database,INSERT INTO orders completed (4431ms)
LOG0005086,2026-02-27 20:33:05,INFO,database,Backup snapshot completed successfully
LOG0002138,2026-02-27 20:35:23,INFO,auth,2FA verification passed: user_id=USR5544
LOG0008074,2026-02-27 20:36:43,INFO,auth,Session created: session_id=SESS10072
LOG0006407,2026-02-27 20:47:43,INFO,api_gateway,Request routed to service: inventory-service in 4492ms
LOG0006696,2026-02-27 20:51:22,WARNING,database,Connection pool usage high: 34/20 connections
LOG0006552,2026-02-27 21:07:30,INFO,auth,Token generated for user_id=USR6001
LOG0001443,2026-02-27 21:13:49,WARNING,database,Index miss on table=events: consider reindexing
LOG0007871,2026-02-27 21:20:35,INFO,payment,"Payment processed: order_id=ORD87487 amount=Rp6,597,000"
LOG0000615,2026-02-27 21:21:28,INFO,payment,Payment gateway responded OK in 1522ms
LOG0002795,2026-02-27 21:28:49,ERROR,auth,JWT signature mismatch for user_id=USR7876
LOG0001875,2026-02-27 21:37:49,INFO,api_gateway,POST /api/v1/orders responded 201 in 2992ms
LOG0007182,2026-02-27 21:38:46,INFO,api_gateway,Request routed to service: order-service in 3718ms
LOG0002220,2026-02-27 21:45:09,WARNING,api_gateway,Rate limit approaching for client_id=CLI332: 32/100 req/min
LOG0004568,2026-02-27 21:45:15,INFO,database,Connection pool: 24/20 active connections
LOG0006823,2026-02-27 21:47:21,INFO,payment,Subscription renewed: user_id=USR5408
LOG0008327,2026-02-27 21:52:09,INFO,auth,Token refreshed for user_id=USR4701
LOG0008682,2026-02-27 21:52:59,INFO,api_gateway,Request routed to service: user-service in 688ms
LOG0008144,2026-02-27 21:53:35,INFO,database,Connection pool: 39/20 active connections
LOG0008017,2026-02-27 21:55:40,INFO,database,Cache hit ratio: 97% for last 5 minutes
LOG0004550,2026-02-27 21:55:53,INFO,auth,Password changed for user_id=USR5597
LOG0006623,2026-02-27 22:04:38,INFO,api_gateway,GET /api/v1/users responded 200 in 3403ms
LOG0002304,2026-02-27 22:07:13,WARNING,database,Slow query detected: 3904ms on table=logs
LOG0006188,2026-02-27 22:07:13,INFO,payment,"Refund issued: order_id=ORD47727 amount=Rp4,666,000"
LOG0008342,2026-02-27 22:11:31,INFO,database,Index hit on table=products query (2362ms)
LOG0006813,2026-02-27 22:11:59,INFO,payment,Webhook received from payment provider: status=SUCCESS
LOG0005862,2026-02-27 22:12:01,INFO,payment,Invoice generated: invoice_id=INV48044
LOG0009793,2026-02-27 22:14:45,WARNING,database,Connection pool usage high: 34/20 connections
LOG0004878,2026-02-27 22:17:16,INFO,payment,"Refund issued: order_id=ORD30001 amount=Rp2,060,000"
LOG0007108,2026-02-27 22:21:01,INFO,payment,"Refund issued: order_id=ORD95140 amount=Rp6,534,000"
LOG0006288,2026-02-27 22:21:27,WARNING,payment,Card expiry warning for user_id=USR9673
LOG0004062,2026-02-27 22:26:12,WARNING,database,Index miss on table=events: consider reindexing
LOG0001325,2026-02-27 22:32:00,INFO,database,Connection pool: 99/20 active connections
LOG0000798,2026-02-27 22:32:17,INFO,auth,Token generated for user_id=USR9689
LOG0002896,2026-02-27 22:33:27,WARNING,api_gateway,Slow response: GET /api/v1/reports took 410ms
LOG0002731,2026-02-27 22:39:28,INFO,payment,Currency conversion: USD→IDR for order_id=ORD41405
LOG0006968,2026-02-27 22:44:51,INFO,payment,Currency conversion: USD→IDR for order_id=ORD67508
LOG0004276,2026-02-27 22:56:04,INFO,database,Transaction committed: txn_id=TXN11974
LOG0004775,2026-02-27 22:56:52,INFO,payment,"Payment processed: order_id=ORD64014 amount=Rp1,750,000"
LOG0009243,2026-02-27 23:01:54,INFO,auth,User registered successfully: user_id=USR7607
LOG0003259,2026-02-27 23:06:52,INFO,database,Backup snapshot completed successfully
LOG0006641,2026-02-27 23:07:15,INFO,database,Transaction committed: txn_id=TXN10023
LOG0000490,2026-02-27 23:07:51,INFO,database,Index hit on table=products query (1238ms)
LOG0007574,2026-02-27 23:11:45,INFO,auth,User login successful: user_id=USR3422
LOG0004896,2026-02-27 23:14:28,ERROR,database,Deadlock detected on table=orders: txn_id=TXN32726
LOG0000715,2026-02-27 23:19:16,ERROR,payment,Currency conversion error for order_id=ORD85867
LOG0000400,2026-02-27 23:19:40,INFO,auth,Session created: session_id=SESS62927
LOG0003727,2026-02-27 23:24:40,ERROR,api_gateway,Circuit breaker OPEN for service: inventory-service
LOG0002215,2026-02-27 23:25:15,ERROR,auth,Session expired: user_id=USR4278
LOG0004037,2026-02-27 23:27:21,INFO,api_gateway,PUT /api/v1/profile responded 200 in 3493ms
LOG0004668,2026-02-27 23:32:46,INFO,auth,Session created: session_id=SESS47562
LOG0004450,2026-02-27 23:35:59,WARNING,database,Index miss on table=events: consider reindexing
LOG0000920,2026-02-27 23:37:33,INFO,database,Query executed: SELECT users WHERE id=USR7141 (2441ms)
LOG0009815,2026-02-27 23:39:05,ERROR,database,Query failed: syntax error near 'SELCT'
LOG0002096,2026-02-27 23:39:21,WARNING,api_gateway,Retry attempt 28 for downstream service user-service
LOG0008717,2026-02-27 23:40:43,INFO,payment,"Payment processed: order_id=ORD22645 amount=Rp4,118,000"
LOG0000363,2026-02-27 23:46:53,INFO,payment,Webhook received from payment provider: status=SUCCESS
LOG0005592,2026-02-27 23:49:09,INFO,auth,Password changed for user_id=USR6769
LOG0007736,2026-02-27 23:54:59,INFO,payment,Payment gateway responded OK in 2423ms
LOG0000410,2026-02-27 23:56:20,INFO,payment,"Payment processed: order_id=ORD17160 amount=Rp8,689,000"
LOG0005213,2026-02-27 23:59:07,INFO,api_gateway,DELETE /api/v1/item/INV78114 responded 204 in 4242ms
LOG0008129,2026-02-27 23:59:18,INFO,auth,User registered successfully: user_id=USR9702
LOG0002024,2026-02-28 00:02:17,ERROR,payment,Payment failed: order_id=ORD42439 reason=insufficient_funds
LOG0004145,2026-02-28 00:06:37,INFO,auth,Password changed for user_id=USR6471
LOG0002173,2026-02-28 00:12:02,INFO,auth,2FA verification passed: user_id=USR3620
LOG0007278,2026-02-28 00:15:49,INFO,auth,Password changed for user_id=USR4034
LOG0000523,2026-02-28 00:16:50,WARNING,auth,Unusual login location detected: user_id=USR7803
LOG0003298,2026-02-28 00:17:18,WARNING,database,Long-running transaction detected: txn_id=TXN25713 (1579ms)
LOG0007365,2026-02-28 00:20:43,INFO,auth,Token generated for user_id=USR8396
LOG0007520,2026-02-28 00:24:42,ERROR,database,Replication lag exceeded threshold: 1035ms behind primary
LOG0008083,2026-02-28 00:28:09,INFO,api_gateway,Rate limit check passed for client_id=CLI118
LOG0001360,2026-02-28 00:32:31,INFO,database,Transaction committed: txn_id=TXN22381
LOG0000083,2026-02-28 00:39:37,INFO,payment,"Refund issued: order_id=ORD52981 amount=Rp9,482,000"
LOG0005662,2026-02-28 00:39:40,INFO,payment,Subscription renewed: user_id=USR3775
LOG0006723,2026-02-28 00:40:14,INFO,api_gateway,DELETE /api/v1/item/INV82362 responded 204 in 4377ms
LOG0002333,2026-02-28 00:49:31,INFO,api_gateway,POST /api/v1/orders responded 201 in 171ms
LOG0008980,2026-02-28 00:51:35,WARNING,api_gateway,Slow response: GET /api/v1/reports took 703ms
LOG0009697,2026-02-28 00:56:52,INFO,api_gateway,GET /api/v1/products responded 200 in 89ms
LOG0002765,2026-02-28 01:03:23,INFO,auth,User logout: user_id=USR1261
LOG0001553,2026-02-28 01:06:13,INFO,payment,"Payment processed: order_id=ORD14571 amount=Rp8,546,000"
LOG0009819,2026-02-28 01:10:43,INFO,auth,Session created: session_id=SESS90916
LOG0001475,2026-02-28 01:12:55,INFO,database,Backup snapshot completed successfully
LOG0003834,2026-02-28 01:21:27,INFO,auth,User login successful: user_id=USR8173
LOG0006717,2026-02-28 01:26:22,INFO,database,Backup snapshot completed successfully
LOG0002435,2026-02-28 01:30:13,INFO,payment,"Refund issued: order_id=ORD90649 amount=Rp1,559,000"
LOG0006862,2026-02-28 01:30:18,ERROR,payment,Fraud detection triggered: order_id=ORD72163
LOG0008219,2026-02-28 01:32:12,WARNING,api_gateway,High latency detected on route /api/v1/search: 1346ms
LOG0005832,2026-02-28 01:33:27,WARNING,payment,High transaction volume: 5 TPS (threshold: 50 TPS)
LOG0007254,2026-02-28 01:33:31,ERROR,database,Deadlock detected on table=orders: txn_id=TXN55647
LOG0003260,2026-02-28 01:34:13,INFO,database,Query executed: SELECT users WHERE id=USR7252 (620ms)
LOG0006125,2026-02-28 01:36:08,WARNING,auth,Unusual login location detected: user_id=USR7398
LOG0003885,2026-02-28 01:36:59,ERROR,api_gateway,Invalid request schema on POST /api/v1/orders
LOG0003704,2026-02-28 01:48:37,INFO,database,Backup snapshot completed successfully
LOG0006703,2026-02-28 01:51:24,WARNING,auth,Password reset requested for user_id=USR9091
LOG0009983,2026-02-28 01:52:35,INFO,auth,User registered successfully: user_id=USR7394
LOG0006271,2026-02-28 02:01:07,INFO,payment,"Refund issued: order_id=ORD11069 amount=Rp3,824,000"
LOG0001157,2026-02-28 02:01:18,WARNING,api_gateway,Deprecated endpoint called: /api/v0/users by client_id=CLI750
LOG0003697,2026-02-28 02:04:31,INFO,database,Cache hit ratio: 11% for last 5 minutes
LOG0000629,2026-02-28 02:05:28,INFO,api_gateway,GET /api/v1/products responded 200 in 2859ms
LOG0006022,2026-02-28 02:07:01,WARNING,auth,Password reset requested for user_id=USR2446
LOG0003240,2026-02-28 02:07:08,INFO,payment,Payment gateway responded OK in 864ms
LOG0006438,2026-02-28 02:10:51,ERROR,auth,Account locked after 5 failed attempts: user_id=USR8657
LOG0005372,2026-02-28 02:14:11,INFO,api_gateway,PUT /api/v1/profile responded 200 in 1563ms
LOG0008767,2026-02-28 02:15:05,WARNING,auth,Password reset requested for user_id=USR7452
LOG0001755,2026-02-28 02:21:30,INFO,payment,"Payment processed: order_id=ORD56600 amount=Rp1,841,000"
LOG0000479,2026-02-28 02:21:51,INFO,payment,"Payment processed: order_id=ORD28165 amount=Rp2,750,000"
LOG0008806,2026-02-28 02:31:28,INFO,database,Backup snapshot completed successfully
LOG0007725,2026-02-28 02:32:02,INFO,auth,Password changed for user_id=USR6568
LOG0000787,2026-02-28 02:38:15,WARNING,api_gateway,Rate limit approaching for client_id=CLI504: 68/100 req/min
LOG0006172,2026-02-28 02:45:13,INFO,payment,Currency conversion: USD→IDR for order_id=ORD45213
LOG0005342,2026-02-28 02:47:14,INFO,database,Connection pool: 79/20 active connections
LOG0007824,2026-02-28 02:47:35,INFO,payment,Invoice generated: invoice_id=INV61605
LOG0002034,2026-02-28 02:55:05,INFO,database,Cache hit ratio: 54% for last 5 minutes
LOG0003004,2026-02-28 02:57:02,INFO,payment,Payment gateway responded OK in 1015ms
LOG0005280,2026-02-28 02:58:43,INFO,api_gateway,PUT /api/v1/profile responded 200 in 24ms
LOG0001933,2026-02-28 03:07:43,INFO,database,Connection pool: 79/20 active connections
LOG0001223,2026-02-28 03:09:25,INFO,database,Index hit on table=products query (4156ms)
LOG0006197,2026-02-28 03:09:30,WARNING,api_gateway,Retry attempt 26 for downstream service user-service
LOG0000654,2026-02-28 03:10:38,INFO,auth,Token refreshed for user_id=USR2394
LOG0004522,2026-02-28 03:16:35,INFO,auth,2FA verification passed: user_id=USR6620
LOG0006431,2026-02-28 03:19:55,INFO,api_gateway,GET /api/v1/products responded 200 in 2534ms
LOG0001529,2026-02-28 03:25:54,INFO,database,Transaction committed: txn_id=TXN78753
LOG0008640,2026-02-28 03:28:45,INFO,payment,Invoice generated: invoice_id=INV36972
LOG0009959,2026-02-28 03:30:39,INFO,payment,Payment gateway responded OK in 2899ms
LOG0006624,2026-02-28 03:39:16,INFO,payment,Webhook received from payment provider: status=SUCCESS
LOG0004589,2026-02-28 03:41:36,INFO,database,Index hit on table=products query (1804ms)
LOG0000816,2026-02-28 03:42:08,INFO,auth,Password changed for user_id=USR3518
LOG0001100,2026-02-28 03:47:02,INFO,auth,Token generated for user_id=USR1272
LOG0004135,2026-02-28 03:48:15,INFO,auth,Token refreshed for user_id=USR7659
LOG0004324,2026-02-28 03:53:00,INFO,auth,Token refreshed for user_id=USR9044
LOG0003964,2026-02-28 03:53:49,WARNING,api_gateway,Retry attempt 40 for downstream service user-service
LOG0008317,2026-02-28 03:54:30,INFO,payment,Webhook received from payment provider: status=SUCCESS
LOG0000639,2026-02-28 03:54:59,WARNING,auth,Unusual login location detected: user_id=USR1594
LOG0007509,2026-02-28 03:56:22,INFO,api_gateway,GET /api/v1/users responded 200 in 1057ms
LOG0001690,2026-02-28 03:58:09,INFO,auth,User login successful: user_id=USR4163
LOG0009333,2026-02-28 04:01:10,ERROR,api_gateway,Circuit breaker OPEN for service: order-service
LOG0003435,2026-02-28 04:07:00,INFO,api_gateway,Request routed to service: order-service in 2533ms
LOG0005903,2026-02-28 04:07:00,INFO,database,Connection pool: 70/20 active connections
LOG0002809,2026-02-28 04:21:58,INFO,payment,Invoice generated: invoice_id=INV51948
LOG0003025,2026-02-28 04:23:48,INFO,auth,Password changed for user_id=USR1494
LOG0005796,2026-02-28 04:30:57,INFO,api_gateway,GET /api/v1/products responded 200 in 3648ms
LOG0003533,2026-02-28 04:32:29,ERROR,payment,Payment gateway timeout after 1461ms: order_id=ORD76858
LOG0008264,2026-02-28 04:34:08,INFO,auth,2FA verification passed: user_id=USR5471
LOG0002100,2026-02-28 04:34:19,INFO,api_gateway,Rate limit check passed for client_id=CLI230
LOG0007281,2026-02-28 04:39:20,INFO,payment,"Refund issued: order_id=ORD22331 amount=Rp1,141,000"
LOG0005645,2026-02-28 04:43:47,INFO,api_gateway,GET /api/v1/products responded 200 in 583ms
LOG0000295,2026-02-28 04:44:37,ERROR,auth,Invalid credentials for user_id=USR8609
LOG0000658,2026-02-28 04:44:38,INFO,api_gateway,PUT /api/v1/profile responded 200 in 681ms
LOG0003855,2026-02-28 04:44:58,INFO,auth,User login successful: user_id=USR5628
LOG0007786,2026-02-28 04:53:24,ERROR,payment,Currency conversion error for order_id=ORD79459
LOG0000720,2026-02-28 04:55:04,WARNING,payment,Card expiry warning for user_id=USR4764
LOG0003263,2026-02-28 04:56:50,INFO,auth,Password changed for user_id=USR2552
LOG0005753,2026-02-28 04:57:26,INFO,payment,Webhook received from payment provider: status=SUCCESS
LOG0000704,2026-02-28 04:58:37,INFO,payment,Payment gateway responded OK in 2423ms
LOG0007140,2026-02-28 05:02:02,WARNING,auth,Unusual login location detected: user_id=USR9162
LOG0008828,2026-02-28 05:02:16,WARNING,auth,Password reset requested for user_id=USR6380
LOG0001007,2026-02-28 05:02:34,INFO,auth,Session created: session_id=SESS81700
LOG0005648,2026-02-28 05:04:47,ERROR,payment,Payment gateway timeout after 2181ms: order_id=ORD14047
LOG0001488,2026-02-28 05:07:16,ERROR,api_gateway,Invalid request schema on POST /api/v1/orders
LOG0005827,2026-02-28 05:07:51,INFO,api_gateway,POST /api/v1/orders responded 201 in 1502ms
LOG0007004,2026-02-28 05:24:09,INFO,payment,Payment gateway responded OK in 4134ms
LOG0003258,2026-02-28 05:34:07,INFO,database,Connection pool: 25/20 active connections
LOG0008515,2026-02-28 05:45:20,ERROR,database,Query failed: syntax error near 'SELCT'
LOG0008210,2026-02-28 05:47:28,WARNING,auth,Unusual login location detected: user_id=USR8072
LOG0004933,2026-02-28 05:49:46,ERROR,api_gateway,Rate limit exceeded for client_id=CLI940
LOG0000991,2026-02-28 05:57:37,INFO,payment,Payment gateway responded OK in 1511ms
LOG0001709,2026-02-28 05:59:01,INFO,payment,Payment gateway responded OK in 3191ms
LOG0007597,2026-02-28 06:01:05,INFO,api_gateway,GET /api/v1/users responded 200 in 87ms
LOG0002581,2026-02-28 06:10:02,INFO,payment,Subscription renewed: user_id=USR7430
LOG0007769,2026-02-28 06:15:13,INFO,auth,Token refreshed for user_id=USR7008
LOG0009757,2026-02-28 06:15:27,INFO,api_gateway,PUT /api/v1/profile responded 200 in 3993ms
LOG0000006,2026-02-28 06:18:06,INFO,payment,"Payment processed: order_id=ORD49740 amount=Rp9,523,000"
LOG0006026,2026-02-28 06:21:07,WARNING,api_gateway,High latency detected on route /api/v1/search: 3919ms
LOG0003832,2026-02-28 06:22:03,INFO,auth,User registered successfully: user_id=USR2814
LOG0002201,2026-02-28 06:31:41,WARNING,api_gateway,Slow response: GET /api/v1/reports took 1046ms
LOG0001195,2026-02-28 06:34:36,INFO,auth,User registered successfully: user_id=USR7916
LOG0004827,2026-02-28 06:37:09,INFO,auth,User logout: user_id=USR5806
LOG0003905,2026-02-28 06:37:29,ERROR,api_gateway,Invalid request schema on POST /api/v1/orders
LOG0003922,2026-02-28 06:41:35,INFO,auth,2FA verification passed: user_id=USR1901
LOG0005211,2026-02-28 06:42:13,INFO,api_gateway,Request routed to service: inventory-service in 4282ms
LOG0000539,2026-02-28 06:53:41,INFO,payment,"Payment processed: order_id=ORD74479 amount=Rp1,393,000"
LOG0005423,2026-02-28 06:57:09,INFO,payment,Webhook received from payment provider: status=SUCCESS
LOG0002895,2026-02-28 07:00:11,INFO,api_gateway,PUT /api/v1/profile responded 200 in 3211ms
LOG0003534,2026-02-28 07:01:46,INFO,api_gateway,DELETE /api/v1/item/INV81433 responded 204 in 4158ms
LOG0008773,2026-02-28 07:13:15,INFO,database,Transaction committed: txn_id=TXN16928
LOG0003946,2026-02-28 07:20:15,INFO,payment,Payment gateway responded OK in 1120ms
LOG0002986,2026-02-28 07:20:52,INFO,payment,Payment gateway responded OK in 3085ms
LOG0006257,2026-02-28 07:23:04,INFO,payment,Currency conversion: USD→IDR for order_id=ORD83861
LOG0006113,2026-02-28 07:25:32,ERROR,payment,Fraud detection triggered: order_id=ORD73543
LOG0008370,2026-02-28 07:26:01,ERROR,database,Disk usage critical: 62% on /var/lib/postgres
LOG0000496,2026-02-28 07:29:53,INFO,auth,User registered successfully: user_id=USR2326
LOG0000926,2026-02-28 07:30:32,WARNING,auth,Token expiring soon for user_id=USR3113
LOG0003904,2026-02-28 07:34:39,ERROR,api_gateway,Circuit breaker OPEN for service: inventory-service
LOG0003181,2026-02-28 07:36:15,INFO,payment,Webhook received from payment provider: status=SUCCESS
LOG0008259,2026-02-28 07:39:32,INFO,auth,User logout: user_id=USR9532
LOG0006235,2026-02-28 07:40:46,INFO,payment,Currency conversion: USD→IDR for order_id=ORD59257
LOG0009306,2026-02-28 07:41:56,INFO,auth,Password changed for user_id=USR2010
LOG0003213,2026-02-28 08:01:01,WARNING,payment,Payment retry attempt 43/3 for order_id=ORD45233
LOG0004071,2026-02-28 08:01:13,INFO,api_gateway,DELETE /api/v1/item/INV84331 responded 204 in 1257ms
LOG0008617,2026-02-28 08:03:19,INFO,payment,"Refund issued: order_id=ORD31706 amount=Rp8,103,000"
LOG0007333,2026-02-28 08:03:46,INFO,payment,Currency conversion: USD→IDR for order_id=ORD50687
LOG0007700,2026-02-28 08:06:00,INFO,auth,User logout: user_id=USR2292
LOG0000478,2026-02-28 08:06:23,INFO,api_gateway,PUT /api/v1/profile responded 200 in 2908ms
LOG0007332,2026-02-28 08:19:42,INFO,api_gateway,GET /api/v1/products responded 200 in 1950ms
LOG0003348,2026-02-28 08:20:41,ERROR,database,Connection timeout to primary DB host
LOG0001396,2026-02-28 08:34:07,INFO,database,Backup snapshot completed successfully
LOG0003569,2026-02-28 08:42:07,WARNING,auth,Multiple sessions detected for user_id=USR3928
LOG0005016,2026-02-28 08:48:46,INFO,auth,Password changed for user_id=USR1551
LOG0007421,2026-02-28 08:50:39,INFO,database,INSERT INTO orders completed (3935ms)
LOG0007947,2026-02-28 08:51:22,INFO,api_gateway,Rate limit check passed for client_id=CLI242
LOG0007170,2026-02-28 08:51:59,ERROR,payment,Payment gateway timeout after 1098ms: order_id=ORD76414
LOG0002207,2026-02-28 08:54:10,INFO,api_gateway,DELETE /api/v1/item/INV94582 responded 204 in 4102ms
LOG0004538,2026-02-28 08:55:48,INFO,api_gateway,POST /api/v1/orders responded 201 in 1761ms
LOG0009026,2026-02-28 08:57:02,INFO,database,Connection pool: 27/20 active connections
LOG0006093,2026-02-28 09:03:56,ERROR,auth,JWT signature mismatch for user_id=USR2973
LOG0009957,2026-02-28 09:04:23,INFO,payment,Subscription renewed: user_id=USR7431
LOG0002672,2026-02-28 09:06:23,INFO,api_gateway,GET /api/v1/products responded 200 in 1744ms
LOG0001059,2026-02-28 09:17:12,WARNING,auth,Failed login attempt for user_id=USR7494 (attempt 61/5)
LOG0007828,2026-02-28 09:18:52,INFO,database,Query executed: SELECT users WHERE id=USR4376 (2648ms)
LOG0007379,2026-02-28 09:20:38,INFO,database,Index hit on table=products query (4099ms)
LOG0008076,2026-02-28 09:21:12,ERROR,payment,Webhook delivery failed after 3 retries
LOG0009728,2026-02-28 09:22:25,INFO,api_gateway,GET /api/v1/products responded 200 in 1882ms
LOG0001763,2026-02-28 09:24:31,INFO,api_gateway,POST /api/v1/orders responded 201 in 2691ms
LOG0002452,2026-02-28 09:25:16,INFO,api_gateway,GET /api/v1/users responded 200 in 316ms
LOG0004058,2026-02-28 09:27:12,ERROR,payment,Fraud detection triggered: order_id=ORD46942
LOG0003930,2026-02-28 09:32:54,INFO,api_gateway,Rate limit check passed for client_id=CLI860
LOG0003592,2026-02-28 09:35:21,WARNING,auth,Unusual login location detected: user_id=USR5384
LOG0001171,2026-02-28 09:37:21,INFO,database,Connection pool: 58/20 active connections
LOG0002899,2026-02-28 09:38:08,INFO,database,Index hit on table=products query (4183ms)
LOG0009530,2026-02-28 09:42:39,INFO,database,Connection pool: 26/20 active connections
LOG0009105,2026-02-28 09:55:07,INFO,database,Transaction committed: txn_id=TXN48399
LOG0005318,2026-02-28 09:58:52,ERROR,api_gateway,POST /api/v1/payment returned 500 after 962ms
LOG0007487,2026-02-28 10:06:33,WARNING,api_gateway,Retry attempt 64 for downstream service inventory-service
LOG0008330,2026-02-28 10:15:42,INFO,database,Index hit on table=products query (117ms)
LOG0008956,2026-02-28 10:20:26,INFO,database,Transaction committed: txn_id=TXN61491
LOG0009180,2026-02-28 10:23:35,INFO,payment,Invoice generated: invoice_id=INV97856
LOG0008066,2026-02-28 10:30:10,INFO,auth,Token generated for user_id=USR7610
LOG0006126,2026-02-28 10:31:31,ERROR,auth,JWT signature mismatch for user_id=USR3805
LOG0001689,2026-02-28 10:42:03,INFO,auth,User logout: user_id=USR6916
LOG0004578,2026-02-28 11:03:11,WARNING,payment,Payment retry attempt 70/3 for order_id=ORD25905
LOG0002275,2026-02-28 11:04:17,ERROR,api_gateway,Rate limit exceeded for client_id=CLI649
LOG0000547,2026-02-28 11:08:08,INFO,database,Backup snapshot completed successfully
LOG0003377,2026-02-28 11:08:58,INFO,payment,"Payment processed: order_id=ORD21706 amount=Rp16,000"
LOG0006268,2026-02-28 11:15:12,INFO,database,Cache hit ratio: 26% for last 5 minutes
LOG0000908,2026-02-28 11:15:34,INFO,auth,Password changed for user_id=USR9641
LOG0002833,2026-02-28 11:16:31,INFO,payment,Payment gateway responded OK in 206ms
LOG0006426,2026-02-28 11:17:20,ERROR,payment,Webhook delivery failed after 3 retries
LOG0009475,2026-02-28 11:33:00,ERROR,payment,Payment gateway timeout after 1964ms: order_id=ORD90011
LOG0001148,2026-02-28 11:41:41,INFO,payment,Invoice generated: invoice_id=INV40504
LOG0006531,2026-02-28 11:48:59,ERROR,api_gateway,POST /api/v1/payment returned 500 after 2440ms
LOG0006116,2026-02-28 11:57:51,INFO,auth,Token generated for user_id=USR1702
LOG0001194,2026-02-28 11:58:04,INFO,database,Query executed: SELECT users WHERE id=USR3753 (1751ms)
LOG0003022,2026-02-28 11:59:15,INFO,api_gateway,GET /api/v1/products responded 200 in 575ms
LOG0005705,2026-02-28 12:00:14,INFO,database,Backup snapshot completed successfully
LOG0007792,2026-02-28 12:05:24,WARNING,database,Table=orders approaching max size: 46% capacity
LOG0005053,2026-02-28 12:10:29,ERROR,api_gateway,POST /api/v1/payment returned 500 after 356ms
LOG0008337,2026-02-28 12:11:11,INFO,auth,2FA verification passed: user_id=USR6755
LOG0003929,2026-02-28 12:19:43,INFO,auth,Token generated for user_id=USR1227
LOG0009713,2026-02-28 12:23:07,INFO,database,Index hit on table=products query (160ms)
LOG0002769,2026-02-28 12:25:38,INFO,payment,Webhook received from payment provider: status=SUCCESS
LOG0001630,2026-02-28 12:27:31,INFO,database,Connection pool: 66/20 active connections
LOG0002033,2026-02-28 12:37:25,INFO,auth,User logout: user_id=USR4124
LOG0005778,2026-02-28 12:38:13,WARNING,payment,Payment provider response slow: 2619ms
LOG0002570,2026-02-28 12:44:33,INFO,payment,Webhook received from payment provider: status=SUCCESS
LOG0006773,2026-02-28 12:46:42,INFO,api_gateway,Request routed to service: inventory-service in 2553ms
LOG0000182,2026-02-28 12:47:15,WARNING,database,Long-running transaction detected: txn_id=TXN30307 (2275ms)
LOG0005198,2026-02-28 12:57:29,WARNING,auth,Multiple sessions detected for user_id=USR3328
LOG0007891,2026-02-28 13:02:05,INFO,auth,User login successful: user_id=USR2778
LOG0009605,2026-02-28 13:03:15,INFO,api_gateway,GET /api/v1/products responded 200 in 380ms
LOG0002954,2026-02-28 13:05:55,INFO,api_gateway,PUT /api/v1/profile responded 200 in 2636ms
LOG0008498,2026-02-28 13:14:45,INFO,auth,User logout: user_id=USR1726
LOG0009512,2026-02-28 13:15:45,WARNING,database,Table=orders approaching max size: 86% capacity
LOG0004448,2026-02-28 13:27:57,ERROR,api_gateway,Rate limit exceeded for client_id=CLI330
LOG0002881,2026-02-28 13:29:37,INFO,auth,Session created: session_id=SESS73006
LOG0009190,2026-02-28 13:44:32,INFO,payment,Subscription renewed: user_id=USR2996
LOG0009351,2026-02-28 13:45:30,ERROR,auth,Account locked after 5 failed attempts: user_id=USR2217
LOG0006588,2026-02-28 13:52:00,INFO,api_gateway,GET /api/v1/users responded 200 in 1859ms
LOG0000556,2026-02-28 13:54:16,INFO,api_gateway,GET /api/v1/products responded 200 in 2253ms
LOG0007878,2026-02-28 14:08:10,INFO,payment,"Payment processed: order_id=ORD90086 amount=Rp8,963,000"
LOG0004812,2026-02-28 14:24:09,INFO,database,Index hit on table=products query (4067ms)
LOG0002090,2026-02-28 14:25:47,WARNING,database,Long-running transaction detected: txn_id=TXN37211 (138ms)
LOG0001492,2026-02-28 14:30:26,INFO,auth,Token generated for user_id=USR8729
LOG0002703,2026-02-28 14:30:58,INFO,auth,User registered successfully: user_id=USR2904
LOG0008879,2026-02-28 14:35:28,ERROR,auth,Session expired: user_id=USR9644
LOG0005314,2026-02-28 14:43:29,INFO,database,INSERT INTO orders completed (3262ms)
LOG0003810,2026-02-28 14:44:23,WARNING,payment,Suspicious transaction flagged: order_id=ORD99147
LOG0003423,2026-02-28 14:48:11,INFO,api_gateway,DELETE /api/v1/item/INV53634 responded 204 in 3711ms
LOG0007970,2026-02-28 14:48:48,WARNING,api_gateway,Slow response: GET /api/v1/reports took 1307ms
LOG0004900,2026-02-28 14:58:29,INFO,payment,Subscription renewed: user_id=USR5387
LOG0009463,2026-02-28 15:06:19,INFO,auth,Session created: session_id=SESS62290
LOG0005950,2026-02-28 15:07:15,INFO,auth,Token generated for user_id=USR7241
LOG0008547,2026-02-28 15:08:53,ERROR,database,Deadlock detected on table=orders: txn_id=TXN14353
LOG0008419,2026-02-28 15:14:40,INFO,api_gateway,PUT /api/v1/profile responded 200 in 1675ms
LOG0008486,2026-02-28 15:24:42,INFO,api_gateway,POST /api/v1/orders responded 201 in 2831ms
LOG0007261,2026-02-28 15:25:40,INFO,payment,Subscription renewed: user_id=USR1558
LOG0009474,2026-02-28 15:31:31,WARNING,database,Index miss on table=events: consider reindexing
LOG0001796,2026-02-28 15:32:46,INFO,api_gateway,GET /api/v1/users responded 200 in 3227ms
LOG0007318,2026-02-28 15:32:54,INFO,payment,Payment gateway responded OK in 2866ms
LOG0006339,2026-02-28 15:38:32,INFO,auth,Session created: session_id=SESS43242
LOG0005808,2026-02-28 15:41:24,INFO,database,Cache hit ratio: 77% for last 5 minutes
LOG0004479,2026-02-28 15:42:26,INFO,database,Transaction committed: txn_id=TXN44334
LOG0002020,2026-02-28 15:43:54,INFO,database,Connection pool: 83/20 active connections
LOG0007858,2026-02-28 16:02:11,INFO,payment,Webhook received from payment provider: status=SUCCESS
LOG0000233,2026-02-28 16:08:58,INFO,database,Index hit on table=products query (4292ms)
LOG0000088,2026-02-28 16:13:59,INFO,api_gateway,POST /api/v1/orders responded 201 in 21ms
LOG0001916,2026-02-28 16:14:05,INFO,api_gateway,GET /api/v1/users responded 200 in 3532ms
LOG0000756,2026-02-28 16:21:22,INFO,auth,Session created: session_id=SESS11066
LOG0001700,2026-02-28 16:29:39,WARNING,payment,High transaction volume: 30 TPS (threshold: 50 TPS)
LOG0005557,2026-02-28 16:33:28,INFO,auth,2FA verification passed: user_id=USR2998
LOG0002265,2026-02-28 16:40:42,WARNING,api_gateway,Rate limit approaching for client_id=CLI509: 62/100 req/min
LOG0007584,2026-02-28 16:40:59,INFO,database,Query executed: SELECT users WHERE id=USR3560 (3541ms)
LOG0007890,2026-02-28 16:41:20,INFO,auth,User registered successfully: user_id=USR8183
LOG0001084,2026-02-28 16:41:38,INFO,database,Index hit on table=products query (200ms)
LOG0004001,2026-02-28 16:41:39,INFO,api_gateway,DELETE /api/v1/item/INV68783 responded 204 in 1477ms
LOG0003184,2026-02-28 16:42:40,INFO,auth,User registered successfully: user_id=USR7783
LOG0005075,2026-02-28 16:51:02,INFO,api_gateway,Rate limit check passed for client_id=CLI607
LOG0002631,2026-02-28 16:52:31,INFO,payment,Subscription renewed: user_id=USR3353
LOG0005659,2026-02-28 16:52:34,ERROR,api_gateway,Invalid request schema on POST /api/v1/orders
LOG0002576,2026-02-28 16:53:51,INFO,payment,Webhook received from payment provider: status=SUCCESS
LOG0006263,2026-02-28 16:59:58,INFO,auth,User logout: user_id=USR9804
LOG0003519,2026-02-28 17:05:02,ERROR,database,Disk usage critical: 94% on /var/lib/postgres
LOG0009011,2026-02-28 17:07:43,INFO,api_gateway,POST /api/v1/orders responded 201 in 1806ms
LOG0009817,2026-02-28 17:10:20,INFO,auth,User registered successfully: user_id=USR7516
LOG0007087,2026-02-28 17:10:39,INFO,auth,Password changed for user_id=USR9427
LOG0004270,2026-02-28 17:12:04,INFO,api_gateway,Rate limit check passed for client_id=CLI379
LOG0008028,2026-02-28 17:14:14,INFO,database,Transaction committed: txn_id=TXN14689
LOG0000660,2026-02-28 17:16:56,WARNING,database,Long-running transaction detected: txn_id=TXN44074 (3358ms)
LOG0003726,2026-02-28 17:25:20,WARNING,api_gateway,High latency detected on route /api/v1/search: 3940ms
LOG0002290,2026-02-28 17:28:18,INFO,api_gateway,GET /api/v1/users responded 200 in 2669ms
LOG0008106,2026-02-28 17:28:56,WARNING,payment,High transaction volume: 49 TPS (threshold: 50 TPS)
LOG0001900,2026-02-28 17:32:07,INFO,auth,User login successful: user_id=USR6959
LOG0009912,2026-02-28 17:34:59,INFO,auth,Token generated for user_id=USR4932
LOG0005779,2026-02-28 17:41:44,WARNING,api_gateway,Deprecated endpoint called: /api/v0/users by client_id=CLI276
LOG0001021,2026-02-28 17:43:17,INFO,api_gateway,Rate limit check passed for client_id=CLI596
LOG0002743,2026-02-28 17:47:08,INFO,database,Index hit on table=products query (853ms)
LOG0008082,2026-02-28 17:47:52,WARNING,database,Index miss on table=events: consider reindexing
LOG0002380,2026-02-28 17:49:27,INFO,auth,User registered successfully: user_id=USR1851
LOG0009290,2026-02-28 17:52:43,INFO,auth,User logout: user_id=USR6327
LOG0005019,2026-02-28 17:54:37,INFO,database,Query executed: SELECT users WHERE id=USR8553 (1167ms)
LOG0002003,2026-02-28 17:54:55,INFO,database,Query executed: SELECT users WHERE id=USR3839 (2505ms)
LOG0001456,2026-02-28 18:01:30,ERROR,api_gateway,Rate limit exceeded for client_id=CLI901
LOG0001361,2026-02-28 18:05:04,INFO,payment,"Payment processed: order_id=ORD24174 amount=Rp8,597,000"
LOG0005952,2026-02-28 18:08:40,INFO,database,Index hit on table=products query (1286ms)
LOG0000673,2026-02-28 18:09:39,ERROR,database,Deadlock detected on table=orders: txn_id=TXN47971
LOG0006884,2026-02-28 18:15:53,INFO,payment,Subscription renewed: user_id=USR5644
LOG0005638,2026-02-28 18:20:47,ERROR,api_gateway,Upstream service order-service unreachable: connection timeout
LOG0009277,2026-02-28 18:26:37,WARNING,api_gateway,Rate limit approaching for client_id=CLI931: 94/100 req/min
LOG0000211,2026-02-28 18:33:45,INFO,api_gateway,Request routed to service: order-service in 495ms
LOG0008059,2026-02-28 18:41:04,INFO,payment,Webhook received from payment provider: status=SUCCESS
LOG0002926,2026-02-28 18:48:11,INFO,api_gateway,GET /api/v1/products responded 200 in 1715ms
LOG0000546,2026-02-28 18:49:06,INFO,payment,Payment gateway responded OK in 4448ms
LOG0006913,2026-02-28 19:02:15,WARNING,payment,Card expiry warning for user_id=USR2425
LOG0005102,2026-02-28 19:04:59,INFO,database,Connection pool: 2/20 active connections
LOG0008935,2026-02-28 19:12:16,ERROR,database,Disk usage critical: 90% on /var/lib/postgres
LOG0003319,2026-02-28 19:15:16,INFO,payment,Invoice generated: invoice_id=INV18675
LOG0004534,2026-02-28 19:23:16,WARNING,api_gateway,Retry attempt 41 for downstream service order-service
LOG0008760,2026-02-28 19:24:19,INFO,auth,Session created: session_id=SESS45898
LOG0008216,2026-02-28 19:24:59,INFO,auth,User registered successfully: user_id=USR7044
LOG0009969,2026-02-28 19:25:27,INFO,payment,Invoice generated: invoice_id=INV15673
LOG0003559,2026-02-28 19:28:18,INFO,auth,User login successful: user_id=USR5296
LOG0009104,2026-02-28 19:29:39,INFO,api_gateway,POST /api/v1/orders responded 201 in 2156ms
LOG0006166,2026-02-28 19:30:57,INFO,payment,Currency conversion: USD→IDR for order_id=ORD63825
LOG0008188,2026-02-28 19:34:43,INFO,auth,2FA verification passed: user_id=USR5829
LOG0007514,2026-02-28 19:37:29,INFO,auth,Password changed for user_id=USR7699
LOG0002123,2026-02-28 19:41:30,INFO,database,Index hit on table=products query (224ms)
LOG0001846,2026-02-28 19:54:24,ERROR,auth,Invalid credentials for user_id=USR7141
LOG0001469,2026-02-28 20:00:03,WARNING,database,Table=orders approaching max size: 22% capacity
LOG0007276,2026-02-28 20:08:28,INFO,api_gateway,Request routed to service: inventory-service in 2805ms
LOG0002844,2026-02-28 20:10:32,WARNING,auth,Password reset requested for user_id=USR1257
LOG0007748,2026-02-28 20:18:18,ERROR,database,Disk usage critical: 25% on /var/lib/postgres
LOG0008586,2026-02-28 20:25:47,INFO,database,Backup snapshot completed successfully
LOG0006481,2026-02-28 20:27:57,ERROR,database,Replication lag exceeded threshold: 1893ms behind primary
LOG0004777,2026-02-28 20:29:16,INFO,payment,Invoice generated: invoice_id=INV48111
LOG0002821,2026-02-28 20:36:22,WARNING,auth,Failed login attempt for user_id=USR7539 (attempt 7/5)
LOG0002424,2026-02-28 20:38:39,INFO,database,Query executed: SELECT users WHERE id=USR3184 (2923ms)
LOG0001854,2026-02-28 20:47:15,INFO,payment,"Payment processed: order_id=ORD63093 amount=Rp1,330,000"
LOG0004463,2026-02-28 20:57:56,WARNING,payment,Payment provider response slow: 2837ms
LOG0003239,2026-02-28 20:58:14,INFO,database,Index hit on table=products query (1986ms)
LOG0008146,2026-02-28 20:58:46,INFO,auth,Token generated for user_id=USR2336
LOG0003520,2026-02-28 21:09:27,INFO,auth,User registered successfully: user_id=USR7749
LOG0000974,2026-02-28 21:15:07,INFO,payment,"Payment processed: order_id=ORD38581 amount=Rp6,766,000"
LOG0006480,2026-02-28 21:16:56,WARNING,payment,High transaction volume: 91 TPS (threshold: 50 TPS)
LOG0008821,2026-02-28 21:25:43,WARNING,auth,Failed login attempt for user_id=USR9387 (attempt 65/5)
LOG0001211,2026-02-28 21:26:32,INFO,api_gateway,GET /api/v1/users responded 200 in 2228ms
LOG0004109,2026-02-28 21:36:14,ERROR,database,Deadlock detected on table=orders: txn_id=TXN49527
LOG0009641,2026-02-28 21:40:03,INFO,api_gateway,Request routed to service: user-service in 3049ms
LOG0001011,2026-02-28 21:41:53,WARNING,auth,Password reset requested for user_id=USR5442
LOG0001738,2026-02-28 21:57:42,INFO,database,Connection pool: 4/20 active connections
LOG0003185,2026-02-28 21:58:13,INFO,auth,2FA verification passed: user_id=USR8853
LOG0005046,2026-02-28 22:16:28,WARNING,database,Index miss on table=events: consider reindexing
LOG0005847,2026-02-28 22:22:28,INFO,auth,User login successful: user_id=USR7561
LOG0006204,2026-02-28 22:22:28,ERROR,database,Connection timeout to primary DB host
LOG0003497,2026-02-28 22:29:56,WARNING,auth,Unusual login location detected: user_id=USR1970
LOG0003358,2026-02-28 22:37:53,INFO,api_gateway,PUT /api/v1/profile responded 200 in 2243ms
LOG0003996,2026-02-28 22:45:03,INFO,payment,Invoice generated: invoice_id=INV94709
LOG0000614,2026-02-28 22:46:24,INFO,payment,Subscription renewed: user_id=USR4763
LOG0003721,2026-02-28 22:51:42,INFO,payment,Invoice generated: invoice_id=INV31413
LOG0000155,2026-02-28 22:58:18,INFO,database,INSERT INTO orders completed (2048ms)
LOG0000288,2026-02-28 23:08:19,INFO,database,Connection pool: 45/20 active connections
LOG0006121,2026-02-28 23:10:29,INFO,auth,User logout: user_id=USR6718
LOG0008107,2026-02-28 23:22:33,INFO,database,Connection pool: 32/20 active connections
LOG0003765,2026-02-28 23:27:59,WARNING,payment,Suspicious transaction flagged: order_id=ORD25148
LOG0003672,2026-02-28 23:31:45,INFO,payment,Subscription renewed: user_id=USR1336
LOG0001912,2026-02-28 23:32:18,ERROR,database,Connection timeout to primary DB host
LOG0002191,2026-02-28 23:36:20,ERROR,auth,Account locked after 5 failed attempts: user_id=USR2209
LOG0009172,2026-02-28 23:43:23,INFO,payment,"Payment processed: order_id=ORD63849 amount=Rp3,333,000"
LOG0002175,2026-02-28 23:45:15,ERROR,payment,Fraud detection triggered: order_id=ORD69899
LOG0009663,2026-02-28 23:45:36,INFO,api_gateway,GET /api/v1/products responded 200 in 3566ms
LOG0000070,2026-02-28 23:47:05,INFO,auth,User logout: user_id=USR7386
LOG0000354,2026-02-28 23:47:36,INFO,payment,Payment gateway responded OK in 127ms
LOG0002564,2026-02-28 23:49:02,WARNING,api_gateway,High latency detected on route /api/v1/search: 1605ms
LOG0009304,2026-02-28 23:51:50,WARNING,api_gateway,Rate limit approaching for client_id=CLI454: 73/100 req/min
LOG0003657,2026-02-28 23:53:59,INFO,database,INSERT INTO orders completed (876ms)
LOG0001605,2026-02-28 23:56:01,INFO,auth,Token refreshed for user_id=USR3870
LOG0003859,2026-02-28 23:56:20,INFO,api_gateway,GET /api/v1/users responded 200 in 4187ms
LOG0006384,2026-02-28 23:57:06,INFO,api_gateway,GET /api/v1/users responded 200 in 3785ms
LOG0000505,2026-03-01 00:00:01,WARNING,auth,Multiple sessions detected for user_id=USR9859
LOG0005321,2026-03-01 00:02:13,INFO,database,INSERT INTO orders completed (2799ms)
LOG0004767,2026-03-01 00:07:19,INFO,auth,Token generated for user_id=USR4209
LOG0008353,2026-03-01 00:08:21,INFO,auth,Session created: session_id=SESS49511
LOG0000469,2026-03-01 00:20:18,INFO,payment,Invoice generated: invoice_id=INV49018
LOG0009203,2026-03-01 00:25:17,INFO,payment,Invoice generated: invoice_id=INV64071
LOG0004623,2026-03-01 00:26:52,INFO,api_gateway,POST /api/v1/orders responded 201 in 1658ms
LOG0001522,2026-03-01 00:27:09,INFO,payment,Currency conversion: USD→IDR for order_id=ORD19825
LOG0000517,2026-03-01 00:30:42,INFO,auth,User registered successfully: user_id=USR8454
LOG0002127,2026-03-01 00:31:22,INFO,payment,Webhook received from payment provider: status=SUCCESS
LOG0006514,2026-03-01 00:37:00,ERROR,auth,Token validation failed: user_id=USR9969
LOG0003116,2026-03-01 00:37:54,WARNING,database,Slow query detected: 3945ms on table=logs
LOG0003909,2026-03-01 00:41:15,INFO,payment,Subscription renewed: user_id=USR4318
LOG0007221,2026-03-01 00:43:54,INFO,payment,Currency conversion: USD→IDR for order_id=ORD87448
LOG0005395,2026-03-01 00:46:44,INFO,database,Connection pool: 33/20 active connections
LOG0003156,2026-03-01 00:50:49,INFO,database,Transaction committed: txn_id=TXN64976
LOG0002802,2026-03-01 00:55:07,ERROR,auth,JWT signature mismatch for user_id=USR6232
LOG0002854,2026-03-01 01:05:44,INFO,auth,User login successful: user_id=USR1701
LOG0001208,2026-03-01 01:14:30,INFO,database,Query executed: SELECT users WHERE id=USR9322 (3429ms)
LOG0007533,2026-03-01 01:19:37,INFO,database,Cache hit ratio: 48% for last 5 minutes
LOG0008949,2026-03-01 01:21:39,WARNING,payment,Suspicious transaction flagged: order_id=ORD41646
LOG0008352,2026-03-01 01:22:37,ERROR,payment,Payment gateway timeout after 1917ms: order_id=ORD86421
LOG0007669,2026-03-01 01:23:11,INFO,auth,Password changed for user_id=USR2100
LOG0008661,2026-03-01 01:24:15,INFO,auth,Token refreshed for user_id=USR1646
LOG0005226,2026-03-01 01:26:58,INFO,database,Index hit on table=products query (1070ms)
LOG0002326,2026-03-01 01:31:40,INFO,api_gateway,DELETE /api/v1/item/INV31139 responded 204 in 325ms
LOG0001125,2026-03-01 01:34:40,ERROR,payment,Currency conversion error for order_id=ORD95160
LOG0009595,2026-03-01 01:35:27,INFO,auth,User logout: user_id=USR6058
LOG0003449,2026-03-01 01:41:13,INFO,api_gateway,POST /api/v1/orders responded 201 in 854ms
LOG0002617,2026-03-01 01:41:47,WARNING,payment,Payment provider response slow: 423ms
LOG0000204,2026-03-01 01:43:37,INFO,api_gateway,Rate limit check passed for client_id=CLI241
LOG0004855,2026-03-01 01:44:31,ERROR,database,Disk usage critical: 64% on /var/lib/postgres
LOG0003864,2026-03-01 01:56:11,INFO,database,Query executed: SELECT users WHERE id=USR2408 (1882ms)
LOG0009732,2026-03-01 01:59:45,INFO,api_gateway,Request routed to service: inventory-service in 3120ms
LOG0000413,2026-03-01 02:00:51,INFO,api_gateway,GET /api/v1/products responded 200 in 2403ms
LOG0006267,2026-03-01 02:06:15,WARNING,api_gateway,High latency detected on route /api/v1/search: 4384ms
LOG0009209,2026-03-01 02:13:00,INFO,auth,Token generated for user_id=USR8729
LOG0004897,2026-03-01 02:20:18,INFO,auth,Token refreshed for user_id=USR7831
LOG0000533,2026-03-01 02:20:53,INFO,auth,Token generated for user_id=USR8606
LOG0001384,2026-03-01 02:22:41,INFO,auth,Token refreshed for user_id=USR7827
LOG0002225,2026-03-01 02:31:20,ERROR,payment,Fraud detection triggered: order_id=ORD38236
LOG0005954,2026-03-01 02:34:34,INFO,api_gateway,DELETE /api/v1/item/INV85498 responded 204 in 3223ms
LOG0005495,2026-03-01 02:34:38,WARNING,database,Long-running transaction detected: txn_id=TXN69410 (4100ms)
LOG0000186,2026-03-01 02:38:32,INFO,database,Index hit on table=products query (704ms)
LOG0004829,2026-03-01 02:40:33,INFO,payment,"Refund issued: order_id=ORD77804 amount=Rp8,139,000"
LOG0000225,2026-03-01 02:41:02,WARNING,database,Table=orders approaching max size: 18% capacity
LOG0001080,2026-03-01 02:44:12,INFO,auth,User registered successfully: user_id=USR1629
LOG0006149,2026-03-01 02:47:35,ERROR,auth,Account locked after 5 failed attempts: user_id=USR8548
LOG0006276,2026-03-01 02:50:14,INFO,api_gateway,PUT /api/v1/profile responded 200 in 2327ms
LOG0003940,2026-03-01 02:54:14,INFO,database,Connection pool: 42/20 active connections
LOG0003416,2026-03-01 02:55:28,WARNING,payment,Payment provider response slow: 4156ms
LOG0004588,2026-03-01 02:55:38,WARNING,payment,High transaction volume: 83 TPS (threshold: 50 TPS)
LOG0001914,2026-03-01 02:55:45,INFO,auth,User logout: user_id=USR8091
LOG0000628,2026-03-01 02:57:04,INFO,api_gateway,PUT /api/v1/profile responded 200 in 924ms
LOG0009122,2026-03-01 03:00:05,INFO,api_gateway,DELETE /api/v1/item/INV80480 responded 204 in 4334ms
LOG0001821,2026-03-01 03:02:31,WARNING,payment,Payment provider response slow: 1242ms
LOG0008838,2026-03-01 03:05:09,INFO,database,Query executed: SELECT users WHERE id=USR3105 (3964ms)
LOG0003482,2026-03-01 03:06:12,INFO,database,Transaction committed: txn_id=TXN57270
LOG0009877,2026-03-01 03:06:54,WARNING,api_gateway,Deprecated endpoint called: /api/v0/users by client_id=CLI627
LOG0004880,2026-03-01 03:14:06,INFO,payment,"Payment processed: order_id=ORD43332 amount=Rp2,725,000"
LOG0009630,2026-03-01 03:21:57,WARNING,api_gateway,High latency detected on route /api/v1/search: 113ms
LOG0007588,2026-03-01 03:27:55,WARNING,payment,Suspicious transaction flagged: order_id=ORD49419
LOG0008770,2026-03-01 03:27:58,INFO,database,Cache hit ratio: 47% for last 5 minutes
LOG0006828,2026-03-01 03:35:53,WARNING,database,Index miss on table=events: consider reindexing
LOG0007417,2026-03-01 03:36:39,INFO,auth,User login successful: user_id=USR5834
LOG0008494,2026-03-01 03:37:09,INFO,api_gateway,GET /api/v1/users responded 200 in 4081ms
LOG0000747,2026-03-01 03:41:07,INFO,api_gateway,Rate limit check passed for client_id=CLI728
LOG0005131,2026-03-01 03:46:11,ERROR,auth,Session expired: user_id=USR4316
LOG0005839,2026-03-01 03:51:40,INFO,auth,User registered successfully: user_id=USR4394
LOG0006182,2026-03-01 03:53:14,INFO,auth,2FA verification passed: user_id=USR1003
LOG0006035,2026-03-01 03:55:18,INFO,payment,Payment gateway responded OK in 857ms
LOG0006248,2026-03-01 03:55:36,INFO,payment,Subscription renewed: user_id=USR6665
LOG0006816,2026-03-01 03:56:58,WARNING,payment,Payment provider response slow: 3893ms
LOG0005473,2026-03-01 03:57:20,INFO,api_gateway,GET /api/v1/products responded 200 in 1095ms
LOG0007837,2026-03-01 03:57:50,INFO,database,Connection pool: 62/20 active connections
LOG0008747,2026-03-01 03:58:55,INFO,payment,Invoice generated: invoice_id=INV20893
LOG0003132,2026-03-01 04:01:32,ERROR,auth,Invalid credentials for user_id=USR4001
LOG0003823,2026-03-01 04:04:47,INFO,database,Query executed: SELECT users WHERE id=USR3140 (1860ms)
LOG0004318,2026-03-01 04:05:25,INFO,payment,Payment gateway responded OK in 2433ms
LOG0007396,2026-03-01 04:08:10,INFO,database,Connection pool: 71/20 active connections
LOG0003746,2026-03-01 04:11:38,INFO,auth,User login successful: user_id=USR2357
LOG0007131,2026-03-01 04:13:28,INFO,auth,User logout: user_id=USR5827
LOG0005301,2026-03-01 04:13:55,ERROR,database,Deadlock detected on table=orders: txn_id=TXN82077
LOG0008233,2026-03-01 04:15:03,INFO,api_gateway,GET /api/v1/users responded 200 in 3600ms
LOG0005974,2026-03-01 04:31:19,INFO,auth,Token refreshed for user_id=USR1026
LOG0004445,2026-03-01 04:34:46,WARNING,payment,Suspicious transaction flagged: order_id=ORD40670
LOG0001133,2026-03-01 04:36:29,INFO,database,Transaction committed: txn_id=TXN92229
LOG0005612,2026-03-01 04:45:17,INFO,api_gateway,PUT /api/v1/profile responded 200 in 4426ms
LOG0007632,2026-03-01 04:45:17,INFO,database,Backup snapshot completed successfully
LOG0002263,2026-03-01 04:50:28,ERROR,payment,Currency conversion error for order_id=ORD44975
LOG0002677,2026-03-01 04:53:21,INFO,auth,User logout: user_id=USR3260
LOG0007609,2026-03-01 04:55:37,INFO,payment,"Payment processed: order_id=ORD48284 amount=Rp2,598,000"
LOG0001142,2026-03-01 04:56:59,INFO,database,Connection pool: 39/20 active connections
LOG0000677,2026-03-01 05:04:50,INFO,api_gateway,Rate limit check passed for client_id=CLI742
LOG0000499,2026-03-01 05:05:21,INFO,database,Query executed: SELECT users WHERE id=USR3861 (3317ms)
LOG0009681,2026-03-01 05:13:05,INFO,payment,"Refund issued: order_id=ORD28261 amount=Rp9,291,000"
LOG0007343,2026-03-01 05:16:34,WARNING,payment,Suspicious transaction flagged: order_id=ORD65861
LOG0000375,2026-03-01 05:21:09,INFO,payment,"Refund issued: order_id=ORD21617 amount=Rp5,803,000"
LOG0006193,2026-03-01 05:24:08,INFO,auth,User login successful: user_id=USR5988
LOG0003306,2026-03-01 05:26:01,INFO,database,Query executed: SELECT users WHERE id=USR2926 (1337ms)
LOG0004408,2026-03-01 05:29:06,INFO,database,Cache hit ratio: 43% for last 5 minutes
LOG0001052,2026-03-01 05:32:44,INFO,auth,User registered successfully: user_id=USR4886
LOG0002342,2026-03-01 05:36:36,INFO,database,Connection pool: 83/20 active connections
LOG0000532,2026-03-01 05:38:11,ERROR,payment,Webhook delivery failed after 3 retries
LOG0000173,2026-03-01 05:38:53,INFO,auth,Token generated for user_id=USR4556
LOG0007046,2026-03-01 05:39:06,INFO,database,Connection pool: 85/20 active connections
LOG0000388,2026-03-01 05:39:13,WARNING,database,Long-running transaction detected: txn_id=TXN46831 (892ms)
LOG0008117,2026-03-01 05:39:41,INFO,payment,Invoice generated: invoice_id=INV91738
LOG0004505,2026-03-01 05:40:56,WARNING,api_gateway,Retry attempt 77 for downstream service user-service
LOG0007988,2026-03-01 05:44:31,INFO,database,INSERT INTO orders completed (533ms)
LOG0003086,2026-03-01 05:45:02,INFO,api_gateway,POST /api/v1/orders responded 201 in 1319ms
LOG0007972,2026-03-01 05:47:54,INFO,api_gateway,GET /api/v1/products responded 200 in 2856ms
LOG0002414,2026-03-01 05:50:30,INFO,database,Transaction committed: txn_id=TXN98889
LOG0007685,2026-03-01 05:52:15,ERROR,payment,Currency conversion error for order_id=ORD86687
LOG0002918,2026-03-01 05:53:00,INFO,auth,User logout: user_id=USR2275
LOG0001323,2026-03-01 05:55:51,INFO,auth,2FA verification passed: user_id=USR3387
LOG0008298,2026-03-01 05:58:19,INFO,payment,Payment gateway responded OK in 3214ms
LOG0007122,2026-03-01 06:06:12,ERROR,database,Connection timeout to primary DB host
LOG0004227,2026-03-01 06:11:59,INFO,database,Connection pool: 38/20 active connections
LOG0008205,2026-03-01 06:16:30,ERROR,database,Query failed: syntax error near 'SELCT'
LOG0004268,2026-03-01 06:16:45,ERROR,api_gateway,POST /api/v1/payment returned 500 after 644ms
LOG0003273,2026-03-01 06:26:34,ERROR,auth,Account locked after 5 failed attempts: user_id=USR7177
LOG0004584,2026-03-01 06:26:49,INFO,api_gateway,Request routed to service: inventory-service in 3087ms
LOG0006044,2026-03-01 06:36:19,INFO,api_gateway,GET /api/v1/users responded 200 in 3351ms
LOG0006289,2026-03-01 06:40:28,INFO,auth,User logout: user_id=USR2043
LOG0006400,2026-03-01 06:45:46,INFO,auth,Session created: session_id=SESS59986
LOG0007344,2026-03-01 06:49:23,INFO,auth,2FA verification passed: user_id=USR5814
LOG0004802,2026-03-01 06:53:10,INFO,auth,Session created: session_id=SESS32936
LOG0002554,2026-03-01 06:57:57,ERROR,auth,Session expired: user_id=USR4010
LOG0009012,2026-03-01 06:58:41,INFO,auth,User logout: user_id=USR7925
LOG0004492,2026-03-01 07:01:41,INFO,auth,Session created: session_id=SESS16235
LOG0001619,2026-03-01 07:05:06,ERROR,auth,JWT signature mismatch for user_id=USR7786
LOG0009222,2026-03-01 07:06:06,INFO,database,Query executed: SELECT users WHERE id=USR2126 (3726ms)
LOG0005917,2026-03-01 07:16:34,WARNING,api_gateway,Deprecated endpoint called: /api/v0/users by client_id=CLI980
LOG0000346,2026-03-01 07:19:19,INFO,auth,Token generated for user_id=USR9699
LOG0005197,2026-03-01 07:21:28,INFO,database,Query executed: SELECT users WHERE id=USR8607 (993ms)
LOG0007966,2026-03-01 07:23:13,WARNING,api_gateway,High latency detected on route /api/v1/search: 4438ms
LOG0009561,2026-03-01 07:27:35,INFO,database,INSERT INTO orders completed (260ms)
LOG0007666,2026-03-01 07:31:59,INFO,api_gateway,DELETE /api/v1/item/INV16463 responded 204 in 233ms
LOG0009024,2026-03-01 07:35:34,WARNING,database,Table=orders approaching max size: 89% capacity
LOG0009487,2026-03-01 07:40:45,ERROR,payment,Fraud detection triggered: order_id=ORD58344
LOG0000633,2026-03-01 07:41:02,INFO,database,Cache hit ratio: 58% for last 5 minutes
LOG0008789,2026-03-01 07:42:50,WARNING,database,Slow query detected: 2964ms on table=logs
LOG0000863,2026-03-01 07:45:27,INFO,database,Cache hit ratio: 88% for last 5 minutes
LOG0009211,2026-03-01 07:45:31,INFO,api_gateway,PUT /api/v1/profile responded 200 in 1875ms
LOG0008338,2026-03-01 07:57:23,INFO,payment,Currency conversion: USD→IDR for order_id=ORD47477
LOG0001762,2026-03-01 07:57:40,INFO,api_gateway,Rate limit check passed for client_id=CLI170
LOG0003780,2026-03-01 08:00:22,INFO,database,Cache hit ratio: 93% for last 5 minutes
LOG0007853,2026-03-01 08:03:08,INFO,payment,Subscription renewed: user_id=USR8952
LOG0001044,2026-03-01 08:06:09,INFO,database,Transaction committed: txn_id=TXN43285
LOG0008186,2026-03-01 08:10:45,INFO,auth,Token refreshed for user_id=USR3492
LOG0000019,2026-03-01 08:12:17,INFO,api_gateway,POST /api/v1/orders responded 201 in 1614ms
LOG0003980,2026-03-01 08:12:31,WARNING,payment,Payment retry attempt 49/3 for order_id=ORD43080
LOG0009662,2026-03-01 08:26:07,INFO,payment,"Payment processed: order_id=ORD27558 amount=Rp1,131,000"
LOG0001449,2026-03-01 08:26:18,WARNING,payment,Suspicious transaction flagged: order_id=ORD77803
LOG0004739,2026-03-01 08:31:40,INFO,database,Index hit on table=products query (383ms)
LOG0003770,2026-03-01 08:33:24,INFO,database,Query executed: SELECT users WHERE id=USR7729 (1003ms)
LOG0000740,2026-03-01 08:37:05,INFO,auth,User registered successfully: user_id=USR6237
LOG0004372,2026-03-01 08:42:07,INFO,api_gateway,Request routed to service: inventory-service in 3291ms
LOG0000495,2026-03-01 08:45:04,WARNING,api_gateway,Slow response: GET /api/v1/reports took 4088ms
LOG0004244,2026-03-01 08:50:29,INFO,auth,User logout: user_id=USR2840
LOG0002266,2026-03-01 08:54:02,INFO,payment,Webhook received from payment provider: status=SUCCESS
LOG0007211,2026-03-01 09:03:45,INFO,api_gateway,GET /api/v1/products responded 200 in 1235ms
LOG0007335,2026-03-01 09:20:29,INFO,auth,2FA verification passed: user_id=USR8685
LOG0009473,2026-03-01 09:21:50,INFO,payment,"Payment processed: order_id=ORD14420 amount=Rp7,719,000"
LOG0002659,2026-03-01 09:36:00,INFO,auth,Token refreshed for user_id=USR5818
LOG0008371,2026-03-01 09:39:09,INFO,payment,"Refund issued: order_id=ORD41648 amount=Rp5,656,000"
LOG0008832,2026-03-01 09:42:40,INFO,auth,Session created: session_id=SESS59134
LOG0005263,2026-03-01 09:46:07,INFO,database,Query executed: SELECT users WHERE id=USR7191 (2435ms)
LOG0003226,2026-03-01 09:55:37,INFO,database,Connection pool: 17/20 active connections
LOG0004740,2026-03-01 09:59:19,WARNING,auth,Token expiring soon for user_id=USR7704
LOG0000438,2026-03-01 10:02:54,INFO,database,Transaction committed: txn_id=TXN70869
LOG0001442,2026-03-01 10:08:39,INFO,payment,Invoice generated: invoice_id=INV54412
LOG0001870,2026-03-01 10:10:04,WARNING,api_gateway,Slow response: GET /api/v1/reports took 646ms
LOG0000830,2026-03-01 10:11:26,ERROR,database,Query failed: syntax error near 'SELCT'
LOG0006868,2026-03-01 10:18:41,WARNING,database,Connection pool usage high: 67/20 connections
LOG0001101,2026-03-01 10:19:52,INFO,auth,Token refreshed for user_id=USR1518
LOG0000215,2026-03-01 10:21:45,INFO,database,Cache hit ratio: 36% for last 5 minutes
LOG0003312,2026-03-01 10:22:51,INFO,database,Transaction committed: txn_id=TXN76092
LOG0002260,2026-03-01 10:25:25,INFO,database,Backup snapshot completed successfully
LOG0002786,2026-03-01 10:33:58,INFO,database,Index hit on table=products query (2290ms)
LOG0001273,2026-03-01 10:36:03,WARNING,api_gateway,Rate limit approaching for client_id=CLI619: 69/100 req/min
LOG0002042,2026-03-01 10:40:18,INFO,payment,"Refund issued: order_id=ORD26253 amount=Rp9,516,000"
LOG0005633,2026-03-01 10:42:15,INFO,auth,Session created: session_id=SESS66460
LOG0004282,2026-03-01 10:49:26,INFO,database,Index hit on table=products query (255ms)
LOG0008729,2026-03-01 10:54:52,INFO,payment,Currency conversion: USD→IDR for order_id=ORD14215
LOG0002680,2026-03-01 10:55:05,INFO,database,Cache hit ratio: 98% for last 5 minutes
LOG0005196,2026-03-01 10:56:47,INFO,payment,Payment gateway responded OK in 4103ms
LOG0008505,2026-03-01 10:57:05,INFO,database,Index hit on table=products query (82ms)
LOG0005507,2026-03-01 11:01:05,INFO,api_gateway,DELETE /api/v1/item/INV62347 responded 204 in 1116ms
LOG0000481,2026-03-01 11:03:40,INFO,payment,"Payment processed: order_id=ORD59242 amount=Rp9,630,000"
LOG0002230,2026-03-01 11:05:49,INFO,auth,User logout: user_id=USR8428
LOG0003284,2026-03-01 11:05:51,ERROR,database,Replication lag exceeded threshold: 49ms behind primary
LOG0003732,2026-03-01 11:12:04,INFO,auth,Token refreshed for user_id=USR6155
LOG0008037,2026-03-01 11:13:05,INFO,api_gateway,GET /api/v1/products responded 200 in 1011ms
LOG0006449,2026-03-01 11:16:10,INFO,auth,Password changed for user_id=USR1587
LOG0008639,2026-03-01 11:17:16,INFO,database,Index hit on table=products query (3048ms)
LOG0006558,2026-03-01 11:22:11,INFO,auth,User logout: user_id=USR8965
LOG0005073,2026-03-01 11:26:50,WARNING,api_gateway,Rate limit approaching for client_id=CLI454: 31/100 req/min
LOG0001927,2026-03-01 11:27:44,INFO,api_gateway,PUT /api/v1/profile responded 200 in 2274ms
LOG0002050,2026-03-01 11:34:35,WARNING,payment,High transaction volume: 30 TPS (threshold: 50 TPS)
LOG0006772,2026-03-01 11:34:48,ERROR,api_gateway,Rate limit exceeded for client_id=CLI352
LOG0001057,2026-03-01 11:40:29,INFO,database,Connection pool: 61/20 active connections
LOG0007083,2026-03-01 11:48:31,INFO,auth,Session created: session_id=SESS65238
LOG0008869,2026-03-01 11:51:52,INFO,database,INSERT INTO orders completed (2373ms)
LOG0005989,2026-03-01 11:54:07,INFO,api_gateway,PUT /api/v1/profile responded 200 in 3325ms
LOG0005111,2026-03-01 11:58:28,INFO,auth,Token refreshed for user_id=USR3493
LOG0004262,2026-03-01 12:04:10,INFO,api_gateway,Request routed to service: inventory-service in 1024ms
LOG0000428,2026-03-01 12:05:59,WARNING,auth,Unusual login location detected: user_id=USR7481
LOG0007443,2026-03-01 12:10:05,INFO,auth,User registered successfully: user_id=USR1322
LOG0000171,2026-03-01 12:11:24,INFO,api_gateway,POST /api/v1/orders responded 201 in 2594ms
LOG0004478,2026-03-01 12:13:19,INFO,payment,"Refund issued: order_id=ORD75705 amount=Rp3,757,000"
LOG0003359,2026-03-01 12:15:59,INFO,payment,Currency conversion: USD→IDR for order_id=ORD67866
LOG0008919,2026-03-01 12:19:15,INFO,auth,2FA verification passed: user_id=USR4492
LOG0007503,2026-03-01 12:28:16,INFO,auth,Password changed for user_id=USR8685
LOG0002064,2026-03-01 12:39:26,INFO,payment,Webhook received from payment provider: status=SUCCESS
LOG0003444,2026-03-01 12:43:24,INFO,payment,"Payment processed: order_id=ORD99442 amount=Rp5,396,000"
LOG0003908,2026-03-01 12:52:01,WARNING,api_gateway,Retry attempt 86 for downstream service order-service
LOG0000429,2026-03-01 12:52:54,INFO,database,INSERT INTO orders completed (3158ms)
LOG0003397,2026-03-01 12:55:48,INFO,payment,Payment gateway responded OK in 471ms
LOG0007404,2026-03-01 12:56:14,INFO,database,Query executed: SELECT users WHERE id=USR2613 (90ms)
LOG0007420,2026-03-01 13:05:49,INFO,database,INSERT INTO orders completed (1236ms)
LOG0007921,2026-03-01 13:07:39,INFO,api_gateway,Request routed to service: order-service in 1807ms
LOG0009737,2026-03-01 13:20:47,INFO,api_gateway,POST /api/v1/orders responded 201 in 4422ms
LOG0004218,2026-03-01 13:22:56,WARNING,database,Index miss on table=events: consider reindexing
LOG0003451,2026-03-01 13:24:47,INFO,payment,Currency conversion: USD→IDR for order_id=ORD79072
LOG0004231,2026-03-01 13:31:22,INFO,database,Transaction committed: txn_id=TXN40919
LOG0009880,2026-03-01 13:39:18,INFO,api_gateway,PUT /api/v1/profile responded 200 in 1422ms
LOG0002715,2026-03-01 13:39:26,INFO,auth,User login successful: user_id=USR7148
LOG0003603,2026-03-01 13:40:01,WARNING,auth,Failed login attempt for user_id=USR8971 (attempt 81/5)
LOG0004247,2026-03-01 13:40:10,WARNING,payment,Payment provider response slow: 2343ms
LOG0007450,2026-03-01 13:41:39,INFO,payment,Subscription renewed: user_id=USR6593
LOG0002887,2026-03-01 13:48:14,INFO,auth,User registered successfully: user_id=USR5959
LOG0006081,2026-03-01 13:50:45,INFO,api_gateway,POST /api/v1/orders responded 201 in 465ms
LOG0003504,2026-03-01 13:52:06,INFO,database,Index hit on table=products query (2697ms)
LOG0000044,2026-03-01 13:53:33,WARNING,database,Long-running transaction detected: txn_id=TXN12486 (332ms)
LOG0009142,2026-03-01 13:58:56,INFO,payment,Invoice generated: invoice_id=INV51274
LOG0008625,2026-03-01 14:03:25,INFO,database,Index hit on table=products query (4419ms)
LOG0000122,2026-03-01 14:04:23,WARNING,auth,Unusual login location detected: user_id=USR3872
LOG0000576,2026-03-01 14:12:16,INFO,api_gateway,GET /api/v1/users responded 200 in 944ms
LOG0006857,2026-03-01 14:15:04,INFO,auth,User login successful: user_id=USR8269
LOG0000356,2026-03-01 14:15:19,ERROR,api_gateway,Rate limit exceeded for client_id=CLI222
LOG0009952,2026-03-01 14:24:52,INFO,payment,Invoice generated: invoice_id=INV10642
LOG0001163,2026-03-01 14:27:21,INFO,auth,User logout: user_id=USR6350
LOG0004541,2026-03-01 14:27:24,INFO,database,Cache hit ratio: 38% for last 5 minutes
LOG0000916,2026-03-01 14:28:05,ERROR,database,Query failed: syntax error near 'SELCT'
LOG0009739,2026-03-01 14:33:29,INFO,auth,Password changed for user_id=USR6477
LOG0007226,2026-03-01 14:35:36,INFO,payment,Subscription renewed: user_id=USR9635
LOG0008142,2026-03-01 14:39:34,INFO,payment,"Refund issued: order_id=ORD60832 amount=Rp1,314,000"
LOG0008339,2026-03-01 14:45:50,WARNING,api_gateway,Slow response: GET /api/v1/reports took 3363ms
LOG0008512,2026-03-01 14:48:02,INFO,database,Cache hit ratio: 64% for last 5 minutes
LOG0008577,2026-03-01 14:50:03,INFO,payment,Subscription renewed: user_id=USR6100
LOG0004283,2026-03-01 14:54:22,INFO,database,Query executed: SELECT users WHERE id=USR3403 (684ms)
LOG0000260,2026-03-01 14:55:50,INFO,database,Connection pool: 89/20 active connections
LOG0003835,2026-03-01 14:56:28,INFO,auth,Session created: session_id=SESS19852
LOG0006860,2026-03-01 15:02:29,WARNING,database,Connection pool usage high: 80/20 connections
LOG0007912,2026-03-01 15:07:00,ERROR,database,Connection timeout to primary DB host
LOG0005362,2026-03-01 15:09:47,INFO,database,Index hit on table=products query (1240ms)
LOG0008630,2026-03-01 15:10:14,INFO,database,Cache hit ratio: 4% for last 5 minutes
LOG0001794,2026-03-01 15:14:14,WARNING,auth,Multiple sessions detected for user_id=USR8893
LOG0006437,2026-03-01 15:25:28,WARNING,database,Index miss on table=events: consider reindexing
LOG0008671,2026-03-01 15:28:37,WARNING,api_gateway,Rate limit approaching for client_id=CLI243: 55/100 req/min
LOG0005497,2026-03-01 15:29:44,INFO,api_gateway,PUT /api/v1/profile responded 200 in 3882ms
LOG0003077,2026-03-01 15:31:37,INFO,api_gateway,GET /api/v1/users responded 200 in 2899ms
LOG0004116,2026-03-01 15:32:06,ERROR,database,Replication lag exceeded threshold: 2739ms behind primary
LOG0009411,2026-03-01 15:32:19,INFO,auth,Password changed for user_id=USR3090
LOG0000273,2026-03-01 15:33:21,INFO,api_gateway,Request routed to service: inventory-service in 3019ms
LOG0006164,2026-03-01 15:42:06,INFO,payment,Webhook received from payment provider: status=SUCCESS
LOG0005124,2026-03-01 15:46:41,INFO,api_gateway,DELETE /api/v1/item/INV83884 responded 204 in 1286ms
LOG0004717,2026-03-01 15:58:09,INFO,auth,Token generated for user_id=USR5456
LOG0000586,2026-03-01 15:59:33,INFO,database,Index hit on table=products query (2352ms)
LOG0006501,2026-03-01 16:03:28,INFO,api_gateway,PUT /api/v1/profile responded 200 in 805ms
LOG0001182,2026-03-01 16:07:19,WARNING,api_gateway,High latency detected on route /api/v1/search: 747ms
LOG0005357,2026-03-01 16:11:20,INFO,payment,"Payment processed: order_id=ORD60466 amount=Rp2,537,000"
LOG0002604,2026-03-01 16:14:42,WARNING,api_gateway,Rate limit approaching for client_id=CLI720: 67/100 req/min
LOG0006612,2026-03-01 16:15:16,ERROR,database,Connection timeout to primary DB host
LOG0004860,2026-03-01 16:16:24,INFO,auth,Token generated for user_id=USR7431
LOG0001372,2026-03-01 16:22:44,INFO,auth,User logout: user_id=USR4737
LOG0005675,2026-03-01 16:28:17,INFO,auth,User logout: user_id=USR5685
LOG0004735,2026-03-01 16:41:40,INFO,database,Connection pool: 90/20 active connections
LOG0006145,2026-03-01 16:42:21,INFO,api_gateway,GET /api/v1/products responded 200 in 3803ms
LOG0006016,2026-03-01 16:43:41,INFO,database,Transaction committed: txn_id=TXN15031
LOG0004756,2026-03-01 16:48:01,INFO,auth,2FA verification passed: user_id=USR5193
LOG0009769,2026-03-01 16:55:18,INFO,api_gateway,POST /api/v1/orders responded 201 in 3438ms
LOG0004178,2026-03-01 17:03:45,WARNING,payment,Payment retry attempt 8/3 for order_id=ORD66413
LOG0002720,2026-03-01 17:03:49,INFO,database,INSERT INTO orders completed (3837ms)
LOG0002629,2026-03-01 17:04:22,WARNING,api_gateway,Retry attempt 14 for downstream service inventory-service
LOG0003313,2026-03-01 17:06:09,INFO,api_gateway,DELETE /api/v1/item/INV65997 responded 204 in 2832ms
LOG0002760,2026-03-01 17:08:02,INFO,api_gateway,PUT /api/v1/profile responded 200 in 2277ms
LOG0001335,2026-03-01 17:14:46,INFO,auth,User registered successfully: user_id=USR7601
LOG0000238,2026-03-01 17:21:02,INFO,payment,Webhook received from payment provider: status=SUCCESS
LOG0003019,2026-03-01 17:21:54,ERROR,auth,Invalid credentials for user_id=USR4800
LOG0000031,2026-03-01 17:22:35,INFO,payment,Currency conversion: USD→IDR for order_id=ORD70636
LOG0001168,2026-03-01 17:22:56,INFO,api_gateway,DELETE /api/v1/item/INV36793 responded 204 in 1004ms
LOG0001131,2026-03-01 17:47:35,WARNING,payment,High transaction volume: 5 TPS (threshold: 50 TPS)
LOG0005877,2026-03-01 17:50:49,WARNING,api_gateway,Rate limit approaching for client_id=CLI218: 15/100 req/min
LOG0009636,2026-03-01 18:00:19,WARNING,auth,Password reset requested for user_id=USR6832
LOG0004706,2026-03-01 18:02:43,WARNING,database,Table=orders approaching max size: 86% capacity
LOG0005512,2026-03-01 18:05:24,INFO,payment,"Payment processed: order_id=ORD44747 amount=Rp8,823,000"
LOG0000963,2026-03-01 18:11:04,INFO,auth,Token generated for user_id=USR2876
LOG0008700,2026-03-01 18:12:45,INFO,api_gateway,GET /api/v1/users responded 200 in 3074ms
LOG0001272,2026-03-01 18:13:00,INFO,payment,Subscription renewed: user_id=USR6951
LOG0003677,2026-03-01 18:13:06,INFO,api_gateway,POST /api/v1/orders responded 201 in 817ms
LOG0001783,2026-03-01 18:14:43,INFO,auth,User login successful: user_id=USR7402
LOG0001279,2026-03-01 18:14:45,INFO,api_gateway,GET /api/v1/products responded 200 in 238ms
LOG0004381,2026-03-01 18:14:51,INFO,database,Backup snapshot completed successfully
LOG0008976,2026-03-01 18:17:41,INFO,database,Query executed: SELECT users WHERE id=USR5422 (844ms)
LOG0006277,2026-03-01 18:23:22,INFO,api_gateway,Rate limit check passed for client_id=CLI677
LOG0007768,2026-03-01 18:25:42,INFO,api_gateway,Rate limit check passed for client_id=CLI179
LOG0003845,2026-03-01 18:28:45,WARNING,payment,Payment retry attempt 45/3 for order_id=ORD17220
LOG0001209,2026-03-01 18:29:55,INFO,payment,Subscription renewed: user_id=USR7173
LOG0000778,2026-03-01 18:38:48,ERROR,database,Replication lag exceeded threshold: 3768ms behind primary
LOG0003362,2026-03-01 18:40:57,INFO,api_gateway,GET /api/v1/products responded 200 in 3981ms
LOG0009520,2026-03-01 18:41:56,WARNING,database,Index miss on table=events: consider reindexing
LOG0008275,2026-03-01 18:42:01,WARNING,payment,Suspicious transaction flagged: order_id=ORD45360
LOG0002077,2026-03-01 18:42:50,INFO,api_gateway,POST /api/v1/orders responded 201 in 1764ms
LOG0004393,2026-03-01 18:44:59,INFO,api_gateway,PUT /api/v1/profile responded 200 in 1329ms
LOG0005368,2026-03-01 18:45:13,INFO,payment,"Refund issued: order_id=ORD58421 amount=Rp5,719,000"
LOG0006310,2026-03-01 18:46:00,INFO,database,Query executed: SELECT users WHERE id=USR4664 (3169ms)
LOG0006715,2026-03-01 18:47:24,INFO,database,Index hit on table=products query (3004ms)
LOG0009355,2026-03-01 18:50:15,INFO,database,INSERT INTO orders completed (2292ms)
LOG0000066,2026-03-01 18:52:47,INFO,payment,Invoice generated: invoice_id=INV64476
LOG0001550,2026-03-01 18:54:28,INFO,auth,User logout: user_id=USR1314
LOG0004560,2026-03-01 18:55:38,INFO,auth,2FA verification passed: user_id=USR6600
LOG0000013,2026-03-01 19:01:57,WARNING,auth,Password reset requested for user_id=USR6453
LOG0001723,2026-03-01 19:03:01,INFO,database,INSERT INTO orders completed (2679ms)
LOG0005386,2026-03-01 19:03:40,INFO,api_gateway,DELETE /api/v1/item/INV36793 responded 204 in 1251ms
LOG0005739,2026-03-01 19:03:41,INFO,auth,Token generated for user_id=USR9751
LOG0003364,2026-03-01 19:04:23,WARNING,auth,Multiple sessions detected for user_id=USR7495
LOG0001248,2026-03-01 19:06:30,INFO,payment,Currency conversion: USD→IDR for order_id=ORD79187
LOG0001822,2026-03-01 19:16:36,INFO,api_gateway,PUT /api/v1/profile responded 200 in 1130ms
LOG0006927,2026-03-01 19:17:57,WARNING,database,Index miss on table=events: consider reindexing
LOG0003182,2026-03-01 19:18:43,INFO,database,Connection pool: 23/20 active connections
LOG0005065,2026-03-01 19:19:58,INFO,api_gateway,GET /api/v1/users responded 200 in 3565ms
LOG0007139,2026-03-01 19:23:19,INFO,api_gateway,PUT /api/v1/profile responded 200 in 1233ms
LOG0002122,2026-03-01 19:28:14,INFO,auth,User registered successfully: user_id=USR1247
LOG0009558,2026-03-01 19:28:54,INFO,auth,User logout: user_id=USR7886
LOG0005355,2026-03-01 19:29:12,INFO,api_gateway,GET /api/v1/users responded 200 in 2821ms
LOG0009541,2026-03-01 19:34:21,INFO,auth,Password changed for user_id=USR9410
LOG0008301,2026-03-01 19:35:39,INFO,payment,Payment gateway responded OK in 2152ms
LOG0005569,2026-03-01 19:36:51,WARNING,auth,Password reset requested for user_id=USR5560
LOG0007106,2026-03-01 19:38:15,WARNING,database,Slow query detected: 3407ms on table=logs
LOG0003787,2026-03-01 19:40:09,INFO,auth,User registered successfully: user_id=USR4692
LOG0008968,2026-03-01 19:43:10,INFO,database,Query executed: SELECT users WHERE id=USR5968 (3376ms)
LOG0007546,2026-03-01 19:49:45,INFO,payment,Subscription renewed: user_id=USR8654
LOG0001068,2026-03-01 19:50:20,ERROR,database,Deadlock detected on table=orders: txn_id=TXN97067
LOG0004111,2026-03-01 19:51:52,INFO,api_gateway,Request routed to service: inventory-service in 30ms
LOG0007408,2026-03-01 19:53:02,INFO,auth,Token refreshed for user_id=USR2769
LOG0007902,2026-03-01 19:54:23,WARNING,auth,Password reset requested for user_id=USR7234
LOG0004514,2026-03-01 19:58:42,INFO,api_gateway,Request routed to service: inventory-service in 470ms
LOG0007530,2026-03-01 20:13:55,ERROR,payment,Currency conversion error for order_id=ORD46908
LOG0003337,2026-03-01 20:16:24,ERROR,payment,Payment failed: order_id=ORD69011 reason=insufficient_funds
LOG0002685,2026-03-01 20:24:31,WARNING,auth,Multiple sessions detected for user_id=USR6283
LOG0005091,2026-03-01 20:24:46,INFO,auth,User logout: user_id=USR4632
LOG0003463,2026-03-01 20:30:12,INFO,payment,"Payment processed: order_id=ORD12890 amount=Rp4,501,000"
LOG0000894,2026-03-01 20:37:55,INFO,payment,Payment gateway responded OK in 1297ms
LOG0006275,2026-03-01 20:38:33,INFO,auth,Token generated for user_id=USR3305
LOG0007435,2026-03-01 20:38:56,INFO,payment,Subscription renewed: user_id=USR4464
LOG0006300,2026-03-01 20:41:18,INFO,api_gateway,GET /api/v1/users responded 200 in 3860ms
LOG0001151,2026-03-01 20:45:25,INFO,payment,Webhook received from payment provider: status=SUCCESS
LOG0005535,2026-03-01 20:46:07,INFO,auth,2FA verification passed: user_id=USR9238
LOG0006923,2026-03-01 20:47:00,INFO,auth,Password changed for user_id=USR1762
LOG0000057,2026-03-01 20:52:07,INFO,payment,Webhook received from payment provider: status=SUCCESS
LOG0000538,2026-03-01 20:52:26,INFO,database,Index hit on table=products query (2734ms)
LOG0008606,2026-03-01 20:57:26,INFO,api_gateway,GET /api/v1/users responded 200 in 2493ms
LOG0000676,2026-03-01 21:04:40,WARNING,payment,Suspicious transaction flagged: order_id=ORD67790
LOG0002262,2026-03-01 21:04:46,INFO,api_gateway,PUT /api/v1/profile responded 200 in 3985ms
LOG0006541,2026-03-01 21:06:38,WARNING,database,Slow query detected: 2616ms on table=logs
LOG0003355,2026-03-01 21:07:57,INFO,auth,Session created: session_id=SESS65889
LOG0009872,2026-03-01 21:08:05,INFO,database,Connection pool: 41/20 active connections
LOG0005100,2026-03-01 21:15:40,INFO,database,Query executed: SELECT users WHERE id=USR1537 (3604ms)
LOG0008996,2026-03-01 21:17:11,INFO,payment,"Refund issued: order_id=ORD26104 amount=Rp8,101,000"
LOG0007607,2026-03-01 21:21:29,WARNING,database,Long-running transaction detected: txn_id=TXN38897 (1434ms)
LOG0000898,2026-03-01 21:25:35,WARNING,api_gateway,Rate limit approaching for client_id=CLI262: 92/100 req/min
LOG0000249,2026-03-01 21:26:54,WARNING,database,Connection pool usage high: 65/20 connections
LOG0008161,2026-03-01 21:27:21,ERROR,api_gateway,Rate limit exceeded for client_id=CLI717
LOG0006511,2026-03-01 21:35:11,INFO,api_gateway,PUT /api/v1/profile responded 200 in 3126ms
LOG0004199,2026-03-01 21:35:42,WARNING,database,Connection pool usage high: 16/20 connections
LOG0009608,2026-03-01 21:37:52,WARNING,auth,Token expiring soon for user_id=USR3679
LOG0003576,2026-03-01 21:38:21,INFO,api_gateway,PUT /api/v1/profile responded 200 in 3395ms
LOG0000179,2026-03-01 21:39:32,INFO,payment,Payment gateway responded OK in 104ms
LOG0002425,2026-03-01 21:41:33,ERROR,payment,Fraud detection triggered: order_id=ORD62519
LOG0008009,2026-03-01 21:44:07,INFO,database,Query executed: SELECT users WHERE id=USR1465 (1195ms)
LOG0003830,2026-03-01 21:47:52,INFO,database,Cache hit ratio: 2% for last 5 minutes
LOG0001427,2026-03-01 21:47:57,INFO,auth,Token refreshed for user_id=USR5257
LOG0003222,2026-03-01 21:48:10,WARNING,api_gateway,Retry attempt 68 for downstream service order-service
LOG0003278,2026-03-01 21:52:34,WARNING,payment,Payment retry attempt 40/3 for order_id=ORD28873
LOG0005350,2026-03-01 21:56:20,INFO,auth,Password changed for user_id=USR7730
LOG0000046,2026-03-01 22:18:30,INFO,api_gateway,Request routed to service: inventory-service in 2440ms
LOG0004221,2026-03-01 22:18:38,WARNING,api_gateway,Rate limit approaching for client_id=CLI235: 9/100 req/min
LOG0002981,2026-03-01 22:21:19,INFO,api_gateway,POST /api/v1/orders responded 201 in 3464ms
LOG0002256,2026-03-01 22:22:54,INFO,database,Connection pool: 31/20 active connections
LOG0004180,2026-03-01 22:24:49,INFO,auth,Session created: session_id=SESS28897
LOG0002471,2026-03-01 22:27:56,INFO,payment,"Payment processed: order_id=ORD96783 amount=Rp4,052,000"
LOG0009745,2026-03-01 22:32:19,INFO,auth,Token generated for user_id=USR6925
LOG0001838,2026-03-01 22:36:26,WARNING,api_gateway,Rate limit approaching for client_id=CLI797: 74/100 req/min
LOG0001298,2026-03-01 22:41:44,INFO,auth,User login successful: user_id=USR5761
LOG0009000,2026-03-01 22:43:52,INFO,auth,User registered successfully: user_id=USR5157
LOG0002015,2026-03-01 22:54:05,INFO,api_gateway,PUT /api/v1/profile responded 200 in 2534ms
LOG0000136,2026-03-01 22:56:55,INFO,payment,"Payment processed: order_id=ORD13667 amount=Rp2,973,000"
LOG0002097,2026-03-01 22:58:40,INFO,database,INSERT INTO orders completed (3947ms)
LOG0006239,2026-03-01 22:59:26,WARNING,payment,Suspicious transaction flagged: order_id=ORD65585
LOG0007376,2026-03-01 23:02:33,INFO,payment,Subscription renewed: user_id=USR3482
LOG0009652,2026-03-01 23:03:34,INFO,auth,Session created: session_id=SESS15440
LOG0007638,2026-03-01 23:04:24,WARNING,auth,Multiple sessions detected for user_id=USR3726
LOG0005687,2026-03-01 23:04:51,INFO,auth,User logout: user_id=USR8743
LOG0003917,2026-03-01 23:06:15,WARNING,payment,Card expiry warning for user_id=USR4190
LOG0000432,2026-03-01 23:06:51,INFO,auth,User login successful: user_id=USR2074
LOG0007928,2026-03-01 23:09:34,WARNING,api_gateway,Deprecated endpoint called: /api/v0/users by client_id=CLI693
LOG0000592,2026-03-01 23:36:49,INFO,api_gateway,GET /api/v1/users responded 200 in 2105ms
LOG0000484,2026-03-01 23:47:16,INFO,payment,Payment gateway responded OK in 2121ms
LOG0002951,2026-03-01 23:48:45,ERROR,payment,Webhook delivery failed after 3 retries
LOG0007039,2026-03-01 23:51:38,WARNING,auth,Multiple sessions detected for user_id=USR6860
LOG0000064,2026-03-01 23:56:07,INFO,payment,"Payment processed: order_id=ORD31387 amount=Rp7,968,000"
LOG0005813,2026-03-01 23:57:43,INFO,auth,Password changed for user_id=USR5045
LOG0003722,2026-03-02 00:01:51,ERROR,auth,Token validation failed: user_id=USR6372
LOG0006680,2026-03-02 00:04:17,INFO,database,INSERT INTO orders completed (1102ms)
LOG0009335,2026-03-02 00:15:44,WARNING,payment,Payment provider response slow: 3699ms
LOG0009292,2026-03-02 00:21:33,INFO,api_gateway,GET /api/v1/products responded 200 in 1826ms
LOG0003955,2026-03-02 00:29:47,INFO,api_gateway,Rate limit check passed for client_id=CLI988
LOG0006157,2026-03-02 00:29:55,ERROR,api_gateway,Invalid request schema on POST /api/v1/orders
LOG0005590,2026-03-02 00:33:34,INFO,payment,Webhook received from payment provider: status=SUCCESS
LOG0003848,2026-03-02 00:33:45,INFO,database,Query executed: SELECT users WHERE id=USR9781 (1843ms)
LOG0004298,2026-03-02 00:34:40,ERROR,api_gateway,Upstream service user-service unreachable: connection timeout
LOG0006136,2026-03-02 00:35:44,INFO,payment,Payment gateway responded OK in 928ms
LOG0005429,2026-03-02 00:39:49,INFO,api_gateway,POST /api/v1/orders responded 201 in 2767ms
LOG0000891,2026-03-02 00:40:23,INFO,api_gateway,GET /api/v1/products responded 200 in 4276ms
LOG0004984,2026-03-02 00:40:25,INFO,payment,"Refund issued: order_id=ORD65621 amount=Rp4,541,000"
LOG0000675,2026-03-02 00:41:26,ERROR,payment,Webhook delivery failed after 3 retries
LOG0001502,2026-03-02 00:42:28,WARNING,database,Connection pool usage high: 28/20 connections
LOG0006313,2026-03-02 00:42:39,INFO,auth,Password changed for user_id=USR4786
LOG0009195,2026-03-02 00:43:05,ERROR,payment,Payment gateway timeout after 2687ms: order_id=ORD48479
LOG0006446,2026-03-02 00:52:13,INFO,database,Index hit on table=products query (1983ms)
LOG0006894,2026-03-02 00:53:09,INFO,auth,User logout: user_id=USR5399
LOG0003074,2026-03-02 00:53:56,INFO,api_gateway,Request routed to service: order-service in 4239ms
LOG0007425,2026-03-02 00:56:53,WARNING,api_gateway,Deprecated endpoint called: /api/v0/users by client_id=CLI731
LOG0005979,2026-03-02 00:58:30,WARNING,auth,Token expiring soon for user_id=USR3478
LOG0006664,2026-03-02 01:02:09,ERROR,api_gateway,Rate limit exceeded for client_id=CLI765
LOG0003898,2026-03-02 01:06:31,INFO,database,Backup snapshot completed successfully
LOG0003634,2026-03-02 01:08:11,INFO,payment,"Refund issued: order_id=ORD33784 amount=Rp7,291,000"
LOG0001781,2026-03-02 01:08:56,INFO,payment,Subscription renewed: user_id=USR7233
LOG0009057,2026-03-02 01:12:29,INFO,auth,Session created: session_id=SESS60610
LOG0001383,2026-03-02 01:15:02,INFO,database,Transaction committed: txn_id=TXN69167
LOG0005080,2026-03-02 01:18:28,INFO,database,Query executed: SELECT users WHERE id=USR8122 (106ms)
LOG0000162,2026-03-02 01:21:36,INFO,database,Index hit on table=products query (2989ms)
LOG0008865,2026-03-02 01:22:14,WARNING,api_gateway,Deprecated endpoint called: /api/v0/users by client_id=CLI930
LOG0001725,2026-03-02 01:22:19,WARNING,api_gateway,Rate limit approaching for client_id=CLI182: 58/100 req/min
LOG0009557,2026-03-02 01:22:47,INFO,auth,User login successful: user_id=USR9359
LOG0003831,2026-03-02 01:23:02,INFO,auth,User registered successfully: user_id=USR2190
LOG0009885,2026-03-02 01:28:29,WARNING,auth,Multiple sessions detected for user_id=USR9326
LOG0002157,2026-03-02 01:29:44,INFO,api_gateway,GET /api/v1/products responded 200 in 2191ms
LOG0000039,2026-03-02 01:30:46,INFO,payment,"Payment processed: order_id=ORD61638 amount=Rp428,000"
LOG0003322,2026-03-02 01:33:21,INFO,api_gateway,Request routed to service: user-service in 1884ms
LOG0001618,2026-03-02 01:35:12,INFO,payment,Payment gateway responded OK in 2508ms
LOG0007360,2026-03-02 01:36:02,INFO,auth,User login successful: user_id=USR1597
LOG0009639,2026-03-02 01:45:34,INFO,database,Connection pool: 42/20 active connections
LOG0007513,2026-03-02 01:51:14,ERROR,database,Connection timeout to primary DB host
LOG0004833,2026-03-02 01:56:06,WARNING,api_gateway,High latency detected on route /api/v1/search: 4144ms
LOG0006640,2026-03-02 01:58:17,INFO,payment,"Payment processed: order_id=ORD38121 amount=Rp4,483,000"
LOG0009310,2026-03-02 01:58:58,WARNING,auth,Unusual login location detected: user_id=USR4700
LOG0008101,2026-03-02 02:07:29,INFO,payment,Webhook received from payment provider: status=SUCCESS
LOG0007719,2026-03-02 02:07:34,INFO,api_gateway,GET /api/v1/users responded 200 in 2718ms
LOG0009873,2026-03-02 02:13:52,ERROR,auth,Session expired: user_id=USR9971
LOG0002028,2026-03-02 02:19:17,ERROR,database,Replication lag exceeded threshold: 1496ms behind primary
LOG0008766,2026-03-02 02:20:20,ERROR,database,Connection timeout to primary DB host
LOG0008378,2026-03-02 02:20:37,WARNING,api_gateway,Slow response: GET /api/v1/reports took 2545ms
LOG0005190,2026-03-02 02:24:01,INFO,api_gateway,GET /api/v1/products responded 200 in 2912ms
LOG0006800,2026-03-02 02:30:24,INFO,database,Index hit on table=products query (2032ms)
LOG0004774,2026-03-02 02:34:01,WARNING,database,Index miss on table=events: consider reindexing
LOG0003728,2026-03-02 02:42:48,INFO,database,Index hit on table=products query (3682ms)
LOG0007854,2026-03-02 02:45:55,INFO,api_gateway,GET /api/v1/products responded 200 in 3598ms
LOG0006455,2026-03-02 02:46:01,WARNING,api_gateway,Rate limit approaching for client_id=CLI513: 46/100 req/min
LOG0006706,2026-03-02 02:46:26,INFO,payment,Currency conversion: USD→IDR for order_id=ORD37175
LOG0001337,2026-03-02 02:47:56,INFO,database,Index hit on table=products query (2720ms)
LOG0000681,2026-03-02 02:48:08,INFO,auth,Session created: session_id=SESS88662
LOG0001117,2026-03-02 02:57:41,INFO,auth,User login successful: user_id=USR7431
LOG0007785,2026-03-02 03:03:17,WARNING,api_gateway,Retry attempt 49 for downstream service inventory-service
LOG0000874,2026-03-02 03:06:11,WARNING,auth,Unusual login location detected: user_id=USR6158
LOG0009843,2026-03-02 03:11:30,WARNING,api_gateway,Deprecated endpoint called: /api/v0/users by client_id=CLI571
LOG0002761,2026-03-02 03:13:36,INFO,api_gateway,POST /api/v1/orders responded 201 in 3005ms
LOG0004240,2026-03-02 03:17:27,WARNING,auth,Multiple sessions detected for user_id=USR9867
LOG0002087,2026-03-02 03:26:03,INFO,database,Index hit on table=products query (1393ms)
LOG0008788,2026-03-02 03:31:16,INFO,payment,Subscription renewed: user_id=USR4952
LOG0009188,2026-03-02 03:41:18,INFO,api_gateway,POST /api/v1/orders responded 201 in 1636ms
LOG0002093,2026-03-02 03:47:06,INFO,payment,Payment gateway responded OK in 1334ms
LOG0004510,2026-03-02 03:48:53,INFO,payment,"Payment processed: order_id=ORD17630 amount=Rp3,889,000"
LOG0008052,2026-03-02 03:52:08,WARNING,auth,Multiple sessions detected for user_id=USR5679
LOG0008712,2026-03-02 03:52:17,INFO,auth,Token generated for user_id=USR9066
LOG0008243,2026-03-02 03:53:19,INFO,payment,Webhook received from payment provider: status=SUCCESS
LOG0000027,2026-03-02 04:02:48,INFO,database,Transaction committed: txn_id=TXN48506
LOG0005193,2026-03-02 04:05:30,WARNING,payment,Suspicious transaction flagged: order_id=ORD37611
LOG0008756,2026-03-02 04:05:56,INFO,payment,Currency conversion: USD→IDR for order_id=ORD72609
LOG0000183,2026-03-02 04:06:27,INFO,database,Query executed: SELECT users WHERE id=USR6192 (1602ms)
LOG0001061,2026-03-02 04:13:23,INFO,database,INSERT INTO orders completed (339ms)
LOG0000030,2026-03-02 04:14:22,INFO,database,Backup snapshot completed successfully
LOG0004979,2026-03-02 04:14:27,WARNING,payment,Payment retry attempt 60/3 for order_id=ORD26432
LOG0007656,2026-03-02 04:21:24,INFO,database,INSERT INTO orders completed (3593ms)
LOG0005577,2026-03-02 04:22:46,INFO,api_gateway,GET /api/v1/users responded 200 in 4257ms
LOG0006728,2026-03-02 04:23:24,WARNING,database,Slow query detected: 515ms on table=logs
LOG0008780,2026-03-02 04:27:25,ERROR,api_gateway,Circuit breaker OPEN for service: inventory-service
LOG0002565,2026-03-02 04:28:25,INFO,payment,Subscription renewed: user_id=USR7709
LOG0006807,2026-03-02 04:32:10,INFO,api_gateway,POST /api/v1/orders responded 201 in 3365ms
LOG0006386,2026-03-02 04:37:21,INFO,payment,"Refund issued: order_id=ORD28856 amount=Rp4,641,000"
LOG0003139,2026-03-02 04:43:24,INFO,api_gateway,GET /api/v1/products responded 200 in 1830ms
LOG0002048,2026-03-02 04:46:15,INFO,api_gateway,Rate limit check passed for client_id=CLI890
LOG0001717,2026-03-02 04:48:23,INFO,database,Query executed: SELECT users WHERE id=USR5017 (3025ms)
LOG0001175,2026-03-02 04:51:13,INFO,database,Transaction committed: txn_id=TXN89751
LOG0000349,2026-03-02 04:51:52,INFO,auth,2FA verification passed: user_id=USR4445
LOG0005119,2026-03-02 04:52:14,WARNING,api_gateway,Slow response: GET /api/v1/reports took 3450ms
LOG0004666,2026-03-02 04:54:03,WARNING,api_gateway,High latency detected on route /api/v1/search: 1491ms
LOG0004778,2026-03-02 04:55:04,WARNING,api_gateway,High latency detected on route /api/v1/search: 2279ms
LOG0009800,2026-03-02 04:57:33,INFO,payment,"Payment processed: order_id=ORD40448 amount=Rp2,153,000"
LOG0002331,2026-03-02 04:59:07,INFO,payment,"Refund issued: order_id=ORD92973 amount=Rp8,620,000"
LOG0003026,2026-03-02 05:03:42,INFO,api_gateway,GET /api/v1/products responded 200 in 4174ms
LOG0003472,2026-03-02 05:05:33,INFO,payment,Invoice generated: invoice_id=INV28351
LOG0007562,2026-03-02 05:10:07,INFO,database,Query executed: SELECT users WHERE id=USR6742 (3857ms)
LOG0005603,2026-03-02 05:14:22,INFO,database,Backup snapshot completed successfully
LOG0004601,2026-03-02 05:15:52,WARNING,api_gateway,Deprecated endpoint called: /api/v0/users by client_id=CLI841
LOG0005758,2026-03-02 05:17:16,INFO,database,Transaction committed: txn_id=TXN16671
LOG0000962,2026-03-02 05:17:52,WARNING,database,Index miss on table=events: consider reindexing
LOG0003825,2026-03-02 05:20:16,INFO,database,Backup snapshot completed successfully
LOG0003719,2026-03-02 05:20:56,WARNING,payment,Suspicious transaction flagged: order_id=ORD94571
LOG0000803,2026-03-02 05:22:44,INFO,auth,User logout: user_id=USR5039
LOG0008069,2026-03-02 05:28:07,WARNING,payment,Card expiry warning for user_id=USR9093
LOG0002375,2026-03-02 05:29:53,INFO,api_gateway,PUT /api/v1/profile responded 200 in 4491ms
LOG0001685,2026-03-02 05:31:25,ERROR,payment,Payment gateway timeout after 2635ms: order_id=ORD83491
LOG0007369,2026-03-02 05:35:03,INFO,auth,User logout: user_id=USR4589
LOG0007663,2026-03-02 05:38:22,INFO,database,INSERT INTO orders completed (1619ms)
LOG0001409,2026-03-02 05:42:41,INFO,api_gateway,PUT /api/v1/profile responded 200 in 3590ms
LOG0003556,2026-03-02 05:51:51,INFO,auth,Password changed for user_id=USR3771
LOG0004102,2026-03-02 05:58:41,INFO,auth,Session created: session_id=SESS17117
LOG0001931,2026-03-02 06:11:39,WARNING,api_gateway,Retry attempt 19 for downstream service inventory-service
LOG0004413,2026-03-02 06:12:33,ERROR,payment,Fraud detection triggered: order_id=ORD28204
LOG0001673,2026-03-02 06:13:09,INFO,payment,Currency conversion: USD→IDR for order_id=ORD92089
LOG0005293,2026-03-02 06:13:18,WARNING,database,Long-running transaction detected: txn_id=TXN14549 (1844ms)
LOG0004806,2026-03-02 06:14:48,WARNING,database,Table=orders approaching max size: 15% capacity
LOG0007992,2026-03-02 06:16:18,WARNING,api_gateway,Slow response: GET /api/v1/reports took 1396ms
LOG0005351,2026-03-02 06:17:13,ERROR,api_gateway,Rate limit exceeded for client_id=CLI284
LOG0005026,2026-03-02 06:20:29,INFO,payment,Payment gateway responded OK in 250ms
LOG0002061,2026-03-02 06:24:43,INFO,payment,Currency conversion: USD→IDR for order_id=ORD92582
LOG0005192,2026-03-02 06:30:12,INFO,api_gateway,Rate limit check passed for client_id=CLI578
LOG0001735,2026-03-02 06:45:13,INFO,payment,"Refund issued: order_id=ORD60302 amount=Rp4,507,000"
LOG0001986,2026-03-02 06:52:24,INFO,payment,Webhook received from payment provider: status=SUCCESS
LOG0006798,2026-03-02 06:53:03,INFO,payment,"Refund issued: order_id=ORD98962 amount=Rp9,284,000"
LOG0009867,2026-03-02 07:04:04,INFO,payment,Payment gateway responded OK in 1500ms
LOG0009461,2026-03-02 07:08:18,INFO,auth,Session created: session_id=SESS73815
LOG0008366,2026-03-02 07:12:37,WARNING,database,Connection pool usage high: 99/20 connections
LOG0005860,2026-03-02 07:14:28,INFO,api_gateway,DELETE /api/v1/item/INV32386 responded 204 in 4023ms
LOG0008923,2026-03-02 07:17:21,INFO,payment,"Payment processed: order_id=ORD74101 amount=Rp7,833,000"
LOG0001825,2026-03-02 07:18:08,INFO,payment,"Payment processed: order_id=ORD56918 amount=Rp7,845,000"
LOG0003828,2026-03-02 07:18:37,INFO,auth,Token generated for user_id=USR4233
LOG0009684,2026-03-02 07:18:43,INFO,database,Transaction committed: txn_id=TXN87903
LOG0000051,2026-03-02 07:24:21,ERROR,auth,JWT signature mismatch for user_id=USR9443
LOG0000076,2026-03-02 07:30:43,INFO,payment,"Refund issued: order_id=ORD40631 amount=Rp4,105,000"
LOG0009184,2026-03-02 07:31:31,INFO,payment,Invoice generated: invoice_id=INV85179
LOG0005546,2026-03-02 07:33:01,INFO,auth,Session created: session_id=SESS27365
LOG0000077,2026-03-02 07:33:14,INFO,payment,Webhook received from payment provider: status=SUCCESS
LOG0001238,2026-03-02 07:37:48,INFO,database,Backup snapshot completed successfully
LOG0000154,2026-03-02 07:39:21,INFO,api_gateway,Rate limit check passed for client_id=CLI190
LOG0008267,2026-03-02 07:49:12,INFO,payment,"Refund issued: order_id=ORD30052 amount=Rp5,847,000"
LOG0008904,2026-03-02 07:50:26,ERROR,api_gateway,Rate limit exceeded for client_id=CLI572
LOG0002321,2026-03-02 07:50:49,INFO,api_gateway,DELETE /api/v1/item/INV73699 responded 204 in 625ms
LOG0005980,2026-03-02 07:53:57,INFO,payment,Invoice generated: invoice_id=INV79530
LOG0004660,2026-03-02 07:57:34,ERROR,auth,Account locked after 5 failed attempts: user_id=USR5932
LOG0002032,2026-03-02 08:01:02,INFO,payment,Webhook received from payment provider: status=SUCCESS
LOG0006966,2026-03-02 08:03:08,WARNING,api_gateway,Deprecated endpoint called: /api/v0/users by client_id=CLI848
LOG0005756,2026-03-02 08:03:28,WARNING,payment,Payment provider response slow: 1244ms
LOG0005049,2026-03-02 08:05:09,INFO,auth,Token generated for user_id=USR8829
LOG0007414,2026-03-02 08:06:21,INFO,database,INSERT INTO orders completed (4211ms)
LOG0003474,2026-03-02 08:07:52,INFO,api_gateway,Request routed to service: inventory-service in 2534ms
LOG0006587,2026-03-02 08:13:54,INFO,database,Index hit on table=products query (4489ms)
LOG0008289,2026-03-02 08:17:09,ERROR,database,Deadlock detected on table=orders: txn_id=TXN67836
LOG0008502,2026-03-02 08:24:49,INFO,api_gateway,GET /api/v1/products responded 200 in 3832ms
LOG0008815,2026-03-02 08:29:00,INFO,database,Transaction committed: txn_id=TXN77411
LOG0005329,2026-03-02 08:30:12,ERROR,api_gateway,Circuit breaker OPEN for service: order-service
LOG0005884,2026-03-02 08:31:19,INFO,database,Connection pool: 96/20 active connections
LOG0005905,2026-03-02 08:33:33,INFO,api_gateway,PUT /api/v1/profile responded 200 in 4047ms
LOG0000360,2026-03-02 08:33:58,INFO,payment,Payment gateway responded OK in 3732ms
LOG0008807,2026-03-02 08:44:43,INFO,api_gateway,GET /api/v1/products responded 200 in 3140ms
LOG0006732,2026-03-02 08:58:35,INFO,payment,Invoice generated: invoice_id=INV47864
LOG0005288,2026-03-02 08:59:23,INFO,payment,Payment gateway responded OK in 4163ms
LOG0009296,2026-03-02 09:07:15,WARNING,api_gateway,Deprecated endpoint called: /api/v0/users by client_id=CLI961
LOG0001907,2026-03-02 09:10:22,WARNING,api_gateway,Deprecated endpoint called: /api/v0/users by client_id=CLI138
LOG0003935,2026-03-02 09:11:51,WARNING,api_gateway,Slow response: GET /api/v1/reports took 3244ms
LOG0000477,2026-03-02 09:12:35,INFO,payment,"Payment processed: order_id=ORD67820 amount=Rp5,434,000"
LOG0005540,2026-03-02 09:15:50,INFO,database,Index hit on table=products query (3563ms)
LOG0001956,2026-03-02 09:16:59,WARNING,auth,Token expiring soon for user_id=USR7202
LOG0008012,2026-03-02 09:33:17,INFO,auth,Token generated for user_id=USR3708
LOG0000005,2026-03-02 09:33:38,INFO,database,INSERT INTO orders completed (4441ms)
LOG0003630,2026-03-02 09:34:50,INFO,payment,"Payment processed: order_id=ORD99008 amount=Rp4,207,000"
LOG0008988,2026-03-02 09:35:03,INFO,database,Index hit on table=products query (3229ms)
LOG0004148,2026-03-02 09:39:31,WARNING,payment,Card expiry warning for user_id=USR7805
LOG0009578,2026-03-02 09:41:27,INFO,database,Connection pool: 99/20 active connections
LOG0004182,2026-03-02 09:48:24,INFO,database,Query executed: SELECT users WHERE id=USR1208 (12ms)
LOG0007569,2026-03-02 09:48:57,WARNING,auth,Token expiring soon for user_id=USR7212
LOG0006033,2026-03-02 09:49:05,INFO,api_gateway,DELETE /api/v1/item/INV16477 responded 204 in 800ms
LOG0009805,2026-03-02 09:49:20,WARNING,auth,Multiple sessions detected for user_id=USR7670
LOG0004297,2026-03-02 10:03:45,INFO,payment,Invoice generated: invoice_id=INV47899
LOG0001669,2026-03-02 10:07:51,INFO,database,INSERT INTO orders completed (275ms)
LOG0009733,2026-03-02 10:09:55,INFO,payment,Webhook received from payment provider: status=SUCCESS
LOG0007805,2026-03-02 10:14:47,WARNING,database,Slow query detected: 1551ms on table=logs
LOG0007099,2026-03-02 10:15:48,INFO,api_gateway,Rate limit check passed for client_id=CLI799
LOG0008092,2026-03-02 10:21:32,INFO,auth,2FA verification passed: user_id=USR8257
LOG0006909,2026-03-02 10:26:35,INFO,database,Backup snapshot completed successfully
LOG0001308,2026-03-02 10:29:37,ERROR,auth,Session expired: user_id=USR7059
LOG0005205,2026-03-02 10:32:00,WARNING,api_gateway,High latency detected on route /api/v1/search: 3664ms
LOG0006765,2026-03-02 10:34:27,INFO,auth,2FA verification passed: user_id=USR9427
LOG0004222,2026-03-02 10:38:15,INFO,database,Transaction committed: txn_id=TXN12694
LOG0001049,2026-03-02 10:47:15,INFO,api_gateway,GET /api/v1/products responded 200 in 654ms
LOG0000222,2026-03-02 10:59:07,INFO,api_gateway,PUT /api/v1/profile responded 200 in 2267ms
LOG0001887,2026-03-02 11:00:40,INFO,payment,"Refund issued: order_id=ORD92036 amount=Rp5,177,000"
LOG0000482,2026-03-02 11:02:11,INFO,auth,Token refreshed for user_id=USR4616
LOG0004015,2026-03-02 11:05:14,WARNING,api_gateway,Slow response: GET /api/v1/reports took 2763ms
LOG0003060,2026-03-02 11:10:23,WARNING,auth,Multiple sessions detected for user_id=USR6660
LOG0004407,2026-03-02 11:11:26,INFO,database,Query executed: SELECT users WHERE id=USR5124 (313ms)
LOG0006154,2026-03-02 11:14:42,INFO,api_gateway,PUT /api/v1/profile responded 200 in 1007ms
LOG0002294,2026-03-02 11:15:23,INFO,database,Connection pool: 7/20 active connections
LOG0005338,2026-03-02 11:15:32,INFO,payment,Subscription renewed: user_id=USR3914
LOG0002479,2026-03-02 11:22:30,INFO,payment,Webhook received from payment provider: status=SUCCESS
LOG0009961,2026-03-02 11:28:23,WARNING,api_gateway,Retry attempt 66 for downstream service inventory-service
LOG0007398,2026-03-02 11:32:28,INFO,payment,"Payment processed: order_id=ORD61563 amount=Rp4,253,000"
LOG0009727,2026-03-02 11:42:53,WARNING,auth,Token expiring soon for user_id=USR1328
LOG0005566,2026-03-02 11:43:12,INFO,database,Backup snapshot completed successfully
LOG0007795,2026-03-02 11:43:31,INFO,api_gateway,PUT /api/v1/profile responded 200 in 2010ms
LOG0000970,2026-03-02 11:49:03,INFO,api_gateway,PUT /api/v1/profile responded 200 in 3274ms
LOG0002828,2026-03-02 11:51:54,WARNING,api_gateway,High latency detected on route /api/v1/search: 2216ms
LOG0005116,2026-03-02 12:00:06,INFO,payment,Currency conversion: USD→IDR for order_id=ORD57597
LOG0000239,2026-03-02 12:03:31,INFO,auth,User login successful: user_id=USR1889
LOG0003842,2026-03-02 12:08:42,INFO,auth,Password changed for user_id=USR1806
LOG0008677,2026-03-02 12:11:28,INFO,api_gateway,DELETE /api/v1/item/INV88336 responded 204 in 235ms
LOG0004472,2026-03-02 12:14:37,WARNING,api_gateway,Slow response: GET /api/v1/reports took 2066ms
LOG0008184,2026-03-02 12:17:24,INFO,api_gateway,Request routed to service: user-service in 2714ms
LOG0005144,2026-03-02 12:30:27,INFO,database,Query executed: SELECT users WHERE id=USR5073 (1004ms)
LOG0008241,2026-03-02 12:37:08,WARNING,api_gateway,High latency detected on route /api/v1/search: 463ms
LOG0004091,2026-03-02 12:40:06,INFO,payment,Subscription renewed: user_id=USR3385
LOG0004029,2026-03-02 12:42:06,ERROR,database,Deadlock detected on table=orders: txn_id=TXN53866
LOG0007541,2026-03-02 12:42:14,INFO,auth,Token refreshed for user_id=USR5918
LOG0002292,2026-03-02 12:42:20,INFO,database,Index hit on table=products query (3289ms)
LOG0001444,2026-03-02 12:44:34,INFO,payment,Payment gateway responded OK in 3985ms
LOG0006756,2026-03-02 12:44:49,INFO,database,INSERT INTO orders completed (2392ms)
LOG0003045,2026-03-02 12:45:08,INFO,database,Index hit on table=products query (4259ms)
LOG0003527,2026-03-02 12:52:32,INFO,api_gateway,DELETE /api/v1/item/INV11879 responded 204 in 1180ms
LOG0007137,2026-03-02 12:57:03,INFO,payment,Payment gateway responded OK in 2531ms
LOG0008689,2026-03-02 12:57:59,INFO,api_gateway,GET /api/v1/users responded 200 in 47ms
LOG0008491,2026-03-02 12:59:50,INFO,api_gateway,Request routed to service: inventory-service in 1376ms
LOG0008696,2026-03-02 13:07:05,INFO,api_gateway,GET /api/v1/users responded 200 in 2686ms
LOG0005678,2026-03-02 13:08:58,INFO,payment,Currency conversion: USD→IDR for order_id=ORD71499
LOG0002678,2026-03-02 13:10:02,INFO,payment,Invoice generated: invoice_id=INV83857
LOG0008674,2026-03-02 13:16:13,INFO,database,INSERT INTO orders completed (131ms)
LOG0003712,2026-03-02 13:22:40,INFO,auth,Token refreshed for user_id=USR3008
LOG0009137,2026-03-02 13:22:52,INFO,payment,Webhook received from payment provider: status=SUCCESS
LOG0009021,2026-03-02 13:30:34,INFO,api_gateway,GET /api/v1/users responded 200 in 3029ms
LOG0002046,2026-03-02 13:32:29,INFO,auth,User logout: user_id=USR7313
LOG0008285,2026-03-02 13:32:36,INFO,auth,Password changed for user_id=USR2072
LOG0006602,2026-03-02 13:42:24,INFO,database,Query executed: SELECT users WHERE id=USR8046 (3166ms)
LOG0000700,2026-03-02 13:42:57,INFO,payment,Webhook received from payment provider: status=SUCCESS
LOG0009618,2026-03-02 13:45:06,INFO,api_gateway,Rate limit check passed for client_id=CLI766
LOG0004685,2026-03-02 14:00:32,INFO,api_gateway,DELETE /api/v1/item/INV19255 responded 204 in 4220ms
LOG0008324,2026-03-02 14:02:46,INFO,api_gateway,POST /api/v1/orders responded 201 in 1506ms
LOG0003856,2026-03-02 14:03:29,INFO,auth,Session created: session_id=SESS93812
LOG0004691,2026-03-02 14:04:22,INFO,auth,Token refreshed for user_id=USR7449
LOG0001722,2026-03-02 14:08:06,INFO,auth,2FA verification passed: user_id=USR6454
LOG0005163,2026-03-02 14:17:14,INFO,payment,"Refund issued: order_id=ORD17939 amount=Rp6,872,000"
LOG0003390,2026-03-02 14:36:35,INFO,payment,Currency conversion: USD→IDR for order_id=ORD21420
LOG0006383,2026-03-02 14:37:01,INFO,auth,Session created: session_id=SESS67967
LOG0009226,2026-03-02 14:37:04,INFO,payment,Currency conversion: USD→IDR for order_id=ORD26487
LOG0000007,2026-03-02 14:38:33,INFO,api_gateway,GET /api/v1/products responded 200 in 1913ms
LOG0009110,2026-03-02 14:41:36,WARNING,auth,Password reset requested for user_id=USR2668
LOG0001646,2026-03-02 14:42:36,INFO,payment,Payment gateway responded OK in 179ms
LOG0007026,2026-03-02 14:45:38,WARNING,auth,Unusual login location detected: user_id=USR4066
LOG0002302,2026-03-02 14:46:03,INFO,database,Backup snapshot completed successfully
LOG0008738,2026-03-02 14:54:51,INFO,auth,Session created: session_id=SESS45038
LOG0009492,2026-03-02 15:03:15,WARNING,auth,Token expiring soon for user_id=USR4909
LOG0009375,2026-03-02 15:03:39,INFO,payment,"Payment processed: order_id=ORD14634 amount=Rp3,056,000"
LOG0006700,2026-03-02 15:06:26,WARNING,database,Long-running transaction detected: txn_id=TXN26667 (803ms)
LOG0007377,2026-03-02 15:08:09,ERROR,database,Replication lag exceeded threshold: 2334ms behind primary
LOG0009136,2026-03-02 15:08:34,INFO,api_gateway,Rate limit check passed for client_id=CLI732
LOG0002654,2026-03-02 15:13:59,INFO,payment,Currency conversion: USD→IDR for order_id=ORD29550
LOG0008790,2026-03-02 15:15:01,INFO,payment,Webhook received from payment provider: status=SUCCESS
LOG0006536,2026-03-02 15:16:33,WARNING,api_gateway,Deprecated endpoint called: /api/v0/users by client_id=CLI355
LOG0009686,2026-03-02 15:16:35,INFO,database,Backup snapshot completed successfully
LOG0002497,2026-03-02 15:19:15,WARNING,auth,Multiple sessions detected for user_id=USR3718
LOG0008157,2026-03-02 15:24:17,WARNING,api_gateway,Deprecated endpoint called: /api/v0/users by client_id=CLI462
LOG0003296,2026-03-02 15:28:30,INFO,auth,Password changed for user_id=USR4876
LOG0009318,2026-03-02 15:33:04,INFO,auth,User login successful: user_id=USR6021
LOG0007567,2026-03-02 15:38:26,INFO,auth,User logout: user_id=USR2113
LOG0007704,2026-03-02 15:42:16,INFO,database,INSERT INTO orders completed (2628ms)
LOG0009207,2026-03-02 15:43:43,INFO,auth,User registered successfully: user_id=USR8029
LOG0004099,2026-03-02 15:44:18,INFO,api_gateway,Rate limit check passed for client_id=CLI773
LOG0003038,2026-03-02 15:46:18,INFO,auth,Session created: session_id=SESS90294
LOG0003162,2026-03-02 15:48:01,INFO,payment,Subscription renewed: user_id=USR6409
LOG0001334,2026-03-02 15:48:52,INFO,api_gateway,Rate limit check passed for client_id=CLI643
LOG0003268,2026-03-02 15:53:37,INFO,payment,Currency conversion: USD→IDR for order_id=ORD47156
LOG0004422,2026-03-02 15:53:56,INFO,payment,Invoice generated: invoice_id=INV18512
LOG0004110,2026-03-02 15:55:37,INFO,api_gateway,GET /api/v1/products responded 200 in 512ms
LOG0009293,2026-03-02 16:00:20,INFO,auth,User login successful: user_id=USR5643
LOG0006975,2026-03-02 16:04:20,INFO,auth,Token generated for user_id=USR7732
LOG0008911,2026-03-02 16:07:58,INFO,database,INSERT INTO orders completed (58ms)
LOG0002073,2026-03-02 16:08:19,INFO,payment,Webhook received from payment provider: status=SUCCESS
LOG0009017,2026-03-02 16:12:28,INFO,api_gateway,GET /api/v1/users responded 200 in 3541ms
LOG0002753,2026-03-02 16:14:49,INFO,payment,Currency conversion: USD→IDR for order_id=ORD68648
LOG0009244,2026-03-02 16:17:40,ERROR,auth,Session expired: user_id=USR4115
LOG0002400,2026-03-02 16:17:45,INFO,api_gateway,GET /api/v1/products responded 200 in 1145ms
LOG0003706,2026-03-02 16:19:26,INFO,payment,"Refund issued: order_id=ORD87366 amount=Rp7,978,000"
LOG0005045,2026-03-02 16:19:50,INFO,api_gateway,Request routed to service: inventory-service in 254ms
LOG0009534,2026-03-02 16:29:41,WARNING,database,Connection pool usage high: 62/20 connections
LOG0004265,2026-03-02 16:30:17,INFO,payment,"Refund issued: order_id=ORD32414 amount=Rp1,716,000"
LOG0005526,2026-03-02 16:32:05,WARNING,payment,High transaction volume: 5 TPS (threshold: 50 TPS)
LOG0000976,2026-03-02 16:32:15,WARNING,database,Table=orders approaching max size: 65% capacity
LOG0008159,2026-03-02 16:36:42,INFO,payment,Invoice generated: invoice_id=INV41479
LOG0003714,2026-03-02 16:37:16,ERROR,api_gateway,Rate limit exceeded for client_id=CLI748
LOG0004243,2026-03-02 16:43:33,ERROR,payment,Payment failed: order_id=ORD85932 reason=insufficient_funds
LOG0002231,2026-03-02 16:47:43,WARNING,payment,Payment retry attempt 95/3 for order_id=ORD40630
LOG0005083,2026-03-02 16:47:59,INFO,database,Transaction committed: txn_id=TXN28555
LOG0009362,2026-03-02 16:51:33,INFO,payment,"Payment processed: order_id=ORD32666 amount=Rp9,384,000"
LOG0009812,2026-03-02 17:03:25,INFO,database,Connection pool: 22/20 active connections
LOG0002329,2026-03-02 17:10:21,INFO,payment,"Payment processed: order_id=ORD54729 amount=Rp1,371,000"
LOG0008387,2026-03-02 17:10:33,WARNING,api_gateway,Retry attempt 68 for downstream service inventory-service
LOG0006570,2026-03-02 17:11:08,INFO,payment,Webhook received from payment provider: status=SUCCESS
LOG0008179,2026-03-02 17:28:18,WARNING,payment,Card expiry warning for user_id=USR8054
LOG0008608,2026-03-02 17:29:59,ERROR,api_gateway,Invalid request schema on POST /api/v1/orders
LOG0002180,2026-03-02 17:30:13,INFO,database,Cache hit ratio: 18% for last 5 minutes
LOG0003654,2026-03-02 17:38:40,INFO,database,Transaction committed: txn_id=TXN94708
LOG0004813,2026-03-02 17:39:48,WARNING,auth,Failed login attempt for user_id=USR2104 (attempt 27/5)
LOG0007045,2026-03-02 17:43:03,INFO,database,Connection pool: 78/20 active connections
LOG0003400,2026-03-02 17:43:12,WARNING,api_gateway,Slow response: GET /api/v1/reports took 4219ms
LOG0000805,2026-03-02 17:43:46,INFO,api_gateway,Request routed to service: order-service in 2595ms
LOG0007516,2026-03-02 17:46:31,INFO,auth,Token refreshed for user_id=USR3680
LOG0006495,2026-03-02 17:54:02,INFO,auth,User registered successfully: user_id=USR4483
LOG0003009,2026-03-02 17:55:44,INFO,auth,Session created: session_id=SESS85785
LOG0004165,2026-03-02 17:58:11,INFO,payment,Invoice generated: invoice_id=INV87697
LOG0003005,2026-03-02 18:03:58,INFO,api_gateway,POST /api/v1/orders responded 201 in 960ms
LOG0006338,2026-03-02 18:05:31,INFO,api_gateway,Request routed to service: order-service in 4373ms
LOG0004504,2026-03-02 18:05:52,INFO,database,Cache hit ratio: 93% for last 5 minutes
LOG0003228,2026-03-02 18:10:45,WARNING,api_gateway,Slow response: GET /api/v1/reports took 761ms
LOG0006626,2026-03-02 18:11:16,INFO,database,Connection pool: 93/20 active connections
LOG0005682,2026-03-02 18:16:04,INFO,payment,Invoice generated: invoice_id=INV50551
LOG0001500,2026-03-02 18:19:30,ERROR,auth,Session expired: user_id=USR6701
LOG0009097,2026-03-02 18:26:59,INFO,payment,"Payment processed: order_id=ORD17374 amount=Rp9,880,000"
LOG0003820,2026-03-02 18:27:58,WARNING,api_gateway,Slow response: GET /api/v1/reports took 1063ms
LOG0007289,2026-03-02 18:33:32,WARNING,payment,High transaction volume: 76 TPS (threshold: 50 TPS)
LOG0007168,2026-03-02 18:34:50,INFO,api_gateway,Request routed to service: order-service in 3296ms
LOG0009427,2026-03-02 18:39:02,WARNING,api_gateway,Rate limit approaching for client_id=CLI738: 82/100 req/min
LOG0006928,2026-03-02 18:39:30,WARNING,auth,Password reset requested for user_id=USR2281
LOG0008438,2026-03-02 18:40:14,INFO,api_gateway,GET /api/v1/users responded 200 in 2524ms
LOG0006429,2026-03-02 18:42:57,INFO,auth,Token generated for user_id=USR9296
LOG0007660,2026-03-02 18:43:42,WARNING,payment,High transaction volume: 62 TPS (threshold: 50 TPS)
LOG0009699,2026-03-02 18:43:56,INFO,api_gateway,DELETE /api/v1/item/INV61834 responded 204 in 3467ms
LOG0004039,2026-03-02 18:47:41,WARNING,auth,Unusual login location detected: user_id=USR7914
LOG0008212,2026-03-02 18:58:32,INFO,auth,User logout: user_id=USR5508
LOG0008907,2026-03-02 18:59:13,INFO,database,Query executed: SELECT users WHERE id=USR4447 (3353ms)
LOG0009089,2026-03-02 19:04:42,INFO,auth,User login successful: user_id=USR4197
LOG0005894,2026-03-02 19:11:40,ERROR,auth,Token validation failed: user_id=USR3375
LOG0005210,2026-03-02 19:13:15,ERROR,database,Deadlock detected on table=orders: txn_id=TXN20798
LOG0007065,2026-03-02 19:16:13,WARNING,auth,Password reset requested for user_id=USR6937
LOG0001964,2026-03-02 19:27:58,INFO,auth,Session created: session_id=SESS54859
LOG0006019,2026-03-02 19:28:06,ERROR,database,Disk usage critical: 89% on /var/lib/postgres
LOG0001674,2026-03-02 19:28:14,INFO,api_gateway,POST /api/v1/orders responded 201 in 2468ms
LOG0002528,2026-03-02 19:28:33,INFO,auth,User registered successfully: user_id=USR4558
LOG0003565,2026-03-02 19:30:23,INFO,auth,2FA verification passed: user_id=USR1746
LOG0001378,2026-03-02 19:32:25,INFO,payment,Currency conversion: USD→IDR for order_id=ORD50313
LOG0004489,2026-03-02 19:33:50,INFO,database,Backup snapshot completed successfully
LOG0007900,2026-03-02 19:41:20,WARNING,database,Long-running transaction detected: txn_id=TXN78802 (1573ms)
LOG0000794,2026-03-02 19:45:14,INFO,api_gateway,GET /api/v1/products responded 200 in 1669ms
LOG0000131,2026-03-02 19:48:01,INFO,auth,Token generated for user_id=USR9832
LOG0007141,2026-03-02 19:50:37,ERROR,auth,Session expired: user_id=USR7726
LOG0005836,2026-03-02 19:53:33,WARNING,auth,Token expiring soon for user_id=USR4768
LOG0004269,2026-03-02 19:53:50,INFO,auth,User registered successfully: user_id=USR7568
LOG0007643,2026-03-02 19:56:30,INFO,database,Query executed: SELECT users WHERE id=USR2815 (253ms)
LOG0007301,2026-03-02 20:01:29,INFO,auth,User registered successfully: user_id=USR1489
LOG0004304,2026-03-02 20:11:22,INFO,payment,Subscription renewed: user_id=USR6096
LOG0008584,2026-03-02 20:25:29,INFO,payment,Currency conversion: USD→IDR for order_id=ORD63754
LOG0002976,2026-03-02 20:25:32,INFO,database,Connection pool: 33/20 active connections
LOG0000037,2026-03-02 20:28:21,INFO,database,Cache hit ratio: 85% for last 5 minutes
LOG0001464,2026-03-02 20:29:09,INFO,database,Cache hit ratio: 63% for last 5 minutes
LOG0003717,2026-03-02 20:33:48,INFO,payment,"Refund issued: order_id=ORD32464 amount=Rp7,891,000"
LOG0001770,2026-03-02 20:35:41,WARNING,api_gateway,Rate limit approaching for client_id=CLI455: 64/100 req/min
LOG0007385,2026-03-02 20:49:33,INFO,database,Query executed: SELECT users WHERE id=USR9741 (2233ms)
LOG0007255,2026-03-02 20:50:57,INFO,database,Transaction committed: txn_id=TXN24587
LOG0005252,2026-03-02 20:51:52,INFO,payment,Webhook received from payment provider: status=SUCCESS
LOG0002339,2026-03-02 20:55:03,INFO,payment,Webhook received from payment provider: status=SUCCESS
LOG0007367,2026-03-02 20:55:25,INFO,payment,Invoice generated: invoice_id=INV83085
LOG0006876,2026-03-02 20:59:36,INFO,payment,Payment gateway responded OK in 573ms
LOG0005581,2026-03-02 21:01:27,INFO,auth,User registered successfully: user_id=USR4376
LOG0006039,2026-03-02 21:07:31,INFO,auth,Session created: session_id=SESS25783
LOG0004974,2026-03-02 21:08:47,INFO,api_gateway,GET /api/v1/products responded 200 in 1312ms
LOG0000851,2026-03-02 21:16:33,INFO,database,Index hit on table=products query (2333ms)
LOG0006627,2026-03-02 21:35:42,INFO,payment,Webhook received from payment provider: status=SUCCESS
LOG0003412,2026-03-02 21:37:25,INFO,database,INSERT INTO orders completed (3813ms)
LOG0003642,2026-03-02 21:54:16,INFO,payment,Webhook received from payment provider: status=SUCCESS
LOG0008906,2026-03-02 21:56:05,INFO,api_gateway,DELETE /api/v1/item/INV36826 responded 204 in 127ms
LOG0006610,2026-03-02 21:57:01,INFO,payment,Webhook received from payment provider: status=SUCCESS
LOG0008016,2026-03-02 21:57:47,WARNING,api_gateway,High latency detected on route /api/v1/search: 173ms
LOG0003730,2026-03-02 21:59:09,INFO,api_gateway,Request routed to service: inventory-service in 3562ms
LOG0000853,2026-03-02 22:10:37,ERROR,database,Query failed: syntax error near 'SELCT'
LOG0001062,2026-03-02 22:11:35,INFO,database,Cache hit ratio: 32% for last 5 minutes
LOG0007468,2026-03-02 22:11:58,INFO,api_gateway,GET /api/v1/users responded 200 in 420ms
LOG0001424,2026-03-02 22:14:04,INFO,api_gateway,PUT /api/v1/profile responded 200 in 4423ms
LOG0002211,2026-03-02 22:16:00,INFO,database,Transaction committed: txn_id=TXN16979
LOG0000540,2026-03-02 22:16:49,INFO,database,Cache hit ratio: 97% for last 5 minutes
LOG0007706,2026-03-02 22:17:19,INFO,auth,User logout: user_id=USR1402
LOG0006139,2026-03-02 22:17:52,INFO,database,INSERT INTO orders completed (2245ms)
LOG0007388,2026-03-02 22:20:21,INFO,database,INSERT INTO orders completed (2902ms)
LOG0008972,2026-03-02 22:21:45,WARNING,api_gateway,Retry attempt 50 for downstream service order-service
LOG0009302,2026-03-02 22:22:08,INFO,api_gateway,GET /api/v1/products responded 200 in 1522ms
LOG0008930,2026-03-02 22:31:24,INFO,auth,2FA verification passed: user_id=USR7158
LOG0006934,2026-03-02 22:34:55,INFO,api_gateway,GET /api/v1/users responded 200 in 1253ms
LOG0008946,2026-03-02 22:35:23,INFO,database,Query executed: SELECT users WHERE id=USR6504 (3945ms)
LOG0009239,2026-03-02 22:38:14,INFO,auth,2FA verification passed: user_id=USR2755
LOG0009466,2026-03-02 22:39:10,WARNING,payment,Suspicious transaction flagged: order_id=ORD47822
LOG0000366,2026-03-02 22:39:43,INFO,payment,Payment gateway responded OK in 4192ms
LOG0000597,2026-03-02 22:40:49,INFO,database,Query executed: SELECT users WHERE id=USR2914 (51ms)
LOG0004392,2026-03-02 22:41:24,INFO,payment,Subscription renewed: user_id=USR7564
LOG0005810,2026-03-02 22:41:26,WARNING,auth,Token expiring soon for user_id=USR1413
LOG0004616,2026-03-02 22:53:13,INFO,payment,"Refund issued: order_id=ORD58580 amount=Rp4,378,000"
LOG0001260,2026-03-02 22:54:15,INFO,auth,2FA verification passed: user_id=USR7793
LOG0001826,2026-03-02 22:58:07,INFO,auth,Token generated for user_id=USR4866
LOG0004630,2026-03-02 23:03:41,WARNING,api_gateway,Slow response: GET /api/v1/reports took 1306ms
LOG0000679,2026-03-02 23:03:54,INFO,auth,User logout: user_id=USR5190
LOG0007205,2026-03-02 23:10:16,INFO,auth,Token generated for user_id=USR3247
LOG0006562,2026-03-02 23:14:20,INFO,auth,User logout: user_id=USR3206
LOG0001974,2026-03-02 23:14:50,ERROR,database,Replication lag exceeded threshold: 2363ms behind primary
LOG0008596,2026-03-02 23:29:50,WARNING,api_gateway,Slow response: GET /api/v1/reports took 3133ms
LOG0009731,2026-03-02 23:29:50,WARNING,payment,Payment provider response slow: 3698ms
LOG0009498,2026-03-02 23:33:26,INFO,database,Transaction committed: txn_id=TXN94909
LOG0007383,2026-03-02 23:34:43,INFO,auth,Password changed for user_id=USR3017
LOG0006776,2026-03-02 23:37:47,WARNING,payment,Card expiry warning for user_id=USR4938
LOG0009601,2026-03-02 23:40:49,INFO,api_gateway,Rate limit check passed for client_id=CLI661
LOG0004256,2026-03-02 23:42:08,WARNING,database,Slow query detected: 2001ms on table=logs
LOG0000213,2026-03-02 23:46:45,INFO,auth,User logout: user_id=USR4496
LOG0007002,2026-03-02 23:47:45,ERROR,payment,Currency conversion error for order_id=ORD36382
LOG0004328,2026-03-02 23:57:20,INFO,auth,Token generated for user_id=USR5739
LOG0008520,2026-03-02 23:59:11,INFO,database,Cache hit ratio: 76% for last 5 minutes
LOG0001758,2026-03-03 00:01:19,WARNING,database,Long-running transaction detected: txn_id=TXN95818 (1646ms)
LOG0001314,2026-03-03 00:01:45,INFO,payment,Invoice generated: invoice_id=INV72170
LOG0009096,2026-03-03 00:01:58,INFO,auth,User logout: user_id=USR5162
LOG0009847,2026-03-03 00:05:47,INFO,payment,"Payment processed: order_id=ORD63976 amount=Rp7,332,000"
LOG0007595,2026-03-03 00:07:28,INFO,payment,"Payment processed: order_id=ORD61770 amount=Rp7,781,000"
LOG0006312,2026-03-03 00:10:23,INFO,api_gateway,GET /api/v1/products responded 200 in 3125ms
LOG0007551,2026-03-03 00:14:24,WARNING,api_gateway,Deprecated endpoint called: /api/v0/users by client_id=CLI145
LOG0008902,2026-03-03 00:14:39,ERROR,payment,Payment gateway timeout after 3396ms: order_id=ORD21764
LOG0003718,2026-03-03 00:16:19,ERROR,database,Deadlock detected on table=orders: txn_id=TXN19538
LOG0004872,2026-03-03 00:16:30,WARNING,api_gateway,Rate limit approaching for client_id=CLI253: 98/100 req/min
LOG0003455,2026-03-03 00:19:05,ERROR,auth,Token validation failed: user_id=USR6465
LOG0000178,2026-03-03 00:20:03,INFO,api_gateway,PUT /api/v1/profile responded 200 in 141ms
LOG0003068,2026-03-03 00:22:48,INFO,auth,Session created: session_id=SESS17743
LOG0004157,2026-03-03 00:23:50,INFO,database,INSERT INTO orders completed (1494ms)
LOG0008994,2026-03-03 00:28:48,WARNING,api_gateway,High latency detected on route /api/v1/search: 2550ms
LOG0009633,2026-03-03 00:30:54,INFO,database,Index hit on table=products query (2703ms)
LOG0002509,2026-03-03 00:32:58,WARNING,payment,Payment provider response slow: 1635ms
LOG0000561,2026-03-03 00:33:14,WARNING,payment,Payment retry attempt 84/3 for order_id=ORD68557
LOG0001604,2026-03-03 00:35:41,INFO,api_gateway,GET /api/v1/users responded 200 in 3592ms
LOG0006893,2026-03-03 00:42:38,INFO,payment,"Payment processed: order_id=ORD50497 amount=Rp7,379,000"
LOG0007007,2026-03-03 00:46:12,INFO,api_gateway,GET /api/v1/products responded 200 in 2646ms
LOG0004398,2026-03-03 00:55:32,ERROR,api_gateway,Circuit breaker OPEN for service: user-service
LOG0006094,2026-03-03 00:57:06,INFO,auth,User logout: user_id=USR6196
LOG0006902,2026-03-03 01:03:18,INFO,database,Index hit on table=products query (2439ms)
LOG0002579,2026-03-03 01:03:43,INFO,database,Index hit on table=products query (3800ms)
LOG0000722,2026-03-03 01:04:38,INFO,payment,Payment gateway responded OK in 1137ms
LOG0004959,2026-03-03 01:08:58,WARNING,auth,Password reset requested for user_id=USR3053
LOG0009693,2026-03-03 01:12:34,INFO,payment,"Payment processed: order_id=ORD12148 amount=Rp835,000"
LOG0007917,2026-03-03 01:13:07,INFO,auth,User logout: user_id=USR4168
LOG0005404,2026-03-03 01:16:51,INFO,database,Transaction committed: txn_id=TXN94640
LOG0005187,2026-03-03 01:17:16,INFO,api_gateway,Rate limit check passed for client_id=CLI735
LOG0007476,2026-03-03 01:18:54,INFO,database,Cache hit ratio: 12% for last 5 minutes
LOG0007066,2026-03-03 01:19:38,INFO,payment,"Refund issued: order_id=ORD13227 amount=Rp9,883,000"
LOG0006367,2026-03-03 01:21:33,INFO,api_gateway,DELETE /api/v1/item/INV71173 responded 204 in 2090ms
LOG0004415,2026-03-03 01:30:49,INFO,api_gateway,PUT /api/v1/profile responded 200 in 3556ms
LOG0003044,2026-03-03 01:31:38,INFO,api_gateway,GET /api/v1/products responded 200 in 1201ms
LOG0001973,2026-03-03 01:34:24,INFO,database,INSERT INTO orders completed (127ms)
LOG0004156,2026-03-03 01:36:02,INFO,payment,Webhook received from payment provider: status=SUCCESS
LOG0009589,2026-03-03 01:40:58,WARNING,api_gateway,Rate limit approaching for client_id=CLI364: 14/100 req/min
LOG0006819,2026-03-03 01:41:37,ERROR,api_gateway,Upstream service user-service unreachable: connection timeout
LOG0001968,2026-03-03 01:46:53,INFO,api_gateway,Rate limit check passed for client_id=CLI316
LOG0004997,2026-03-03 01:48:51,INFO,database,Index hit on table=products query (3124ms)
LOG0006165,2026-03-03 01:51:43,INFO,payment,Webhook received from payment provider: status=SUCCESS
LOG0003878,2026-03-03 01:51:48,INFO,auth,Token refreshed for user_id=USR6923
LOG0002824,2026-03-03 01:53:34,INFO,auth,Token refreshed for user_id=USR2513
LOG0004045,2026-03-03 01:57:25,ERROR,api_gateway,Rate limit exceeded for client_id=CLI913
LOG0006744,2026-03-03 02:01:49,INFO,auth,User logout: user_id=USR7762
LOG0003221,2026-03-03 02:04:26,INFO,api_gateway,DELETE /api/v1/item/INV77444 responded 204 in 814ms
LOG0001312,2026-03-03 02:04:40,INFO,payment,Subscription renewed: user_id=USR5932
LOG0008236,2026-03-03 02:06:57,INFO,payment,"Refund issued: order_id=ORD90811 amount=Rp6,527,000"
LOG0009612,2026-03-03 02:08:27,ERROR,payment,Webhook delivery failed after 3 retries
LOG0004370,2026-03-03 02:08:55,INFO,auth,User registered successfully: user_id=USR6743
LOG0009095,2026-03-03 02:11:24,INFO,auth,Token generated for user_id=USR6360
LOG0001252,2026-03-03 02:12:59,ERROR,auth,Invalid credentials for user_id=USR9623
LOG0004119,2026-03-03 02:20:10,INFO,api_gateway,DELETE /api/v1/item/INV71059 responded 204 in 769ms
LOG0005588,2026-03-03 02:31:23,WARNING,payment,Suspicious transaction flagged: order_id=ORD15703
LOG0004488,2026-03-03 02:31:43,WARNING,api_gateway,Deprecated endpoint called: /api/v0/users by client_id=CLI231
LOG0000837,2026-03-03 02:36:46,INFO,database,Query executed: SELECT users WHERE id=USR6532 (2382ms)
LOG0006079,2026-03-03 02:38:05,INFO,api_gateway,DELETE /api/v1/item/INV32583 responded 204 in 1405ms
LOG0006137,2026-03-03 02:41:51,INFO,api_gateway,DELETE /api/v1/item/INV16830 responded 204 in 488ms
LOG0004391,2026-03-03 02:45:01,ERROR,database,Query failed: syntax error near 'SELCT'
LOG0007806,2026-03-03 02:45:26,INFO,auth,User logout: user_id=USR4562
LOG0008006,2026-03-03 02:46:21,INFO,api_gateway,GET /api/v1/products responded 200 in 294ms
LOG0007599,2026-03-03 02:56:10,INFO,database,INSERT INTO orders completed (105ms)
LOG0004010,2026-03-03 02:56:30,INFO,auth,User logout: user_id=USR9690
LOG0001811,2026-03-03 02:59:40,INFO,payment,Subscription renewed: user_id=USR1315
LOG0005000,2026-03-03 03:03:20,INFO,auth,Password changed for user_id=USR2774
LOG0004321,2026-03-03 03:05:00,INFO,payment,"Refund issued: order_id=ORD18987 amount=Rp672,000"
LOG0000106,2026-03-03 03:07:48,WARNING,auth,Failed login attempt for user_id=USR5752 (attempt 42/5)
LOG0006385,2026-03-03 03:12:13,ERROR,api_gateway,POST /api/v1/payment returned 500 after 1131ms
LOG0008063,2026-03-03 03:15:34,INFO,api_gateway,POST /api/v1/orders responded 201 in 1204ms
LOG0009074,2026-03-03 03:20:18,INFO,api_gateway,Request routed to service: user-service in 3265ms
LOG0007822,2026-03-03 03:28:40,INFO,api_gateway,Rate limit check passed for client_id=CLI297
LOG0002384,2026-03-03 03:31:10,INFO,payment,Currency conversion: USD→IDR for order_id=ORD27391
LOG0006960,2026-03-03 03:44:20,WARNING,auth,Token expiring soon for user_id=USR3387
LOG0001644,2026-03-03 03:45:50,ERROR,api_gateway,POST /api/v1/payment returned 500 after 4115ms
LOG0003589,2026-03-03 03:53:07,INFO,payment,"Payment processed: order_id=ORD22905 amount=Rp6,336,000"
LOG0002595,2026-03-03 03:54:30,INFO,api_gateway,GET /api/v1/users responded 200 in 2544ms
LOG0008149,2026-03-03 04:06:10,WARNING,payment,Suspicious transaction flagged: order_id=ORD35977
LOG0001043,2026-03-03 04:10:13,INFO,api_gateway,GET /api/v1/users responded 200 in 4329ms
LOG0007641,2026-03-03 04:17:30,WARNING,auth,Multiple sessions detected for user_id=USR1269
LOG0000265,2026-03-03 04:30:19,INFO,payment,Currency conversion: USD→IDR for order_id=ORD69382
LOG0000177,2026-03-03 04:30:22,INFO,api_gateway,GET /api/v1/users responded 200 in 1471ms
LOG0003231,2026-03-03 04:30:46,INFO,api_gateway,Request routed to service: order-service in 97ms
LOG0008266,2026-03-03 04:35:43,INFO,payment,"Payment processed: order_id=ORD91572 amount=Rp6,496,000"
LOG0006848,2026-03-03 04:36:25,INFO,database,Cache hit ratio: 99% for last 5 minutes
LOG0007543,2026-03-03 04:37:32,INFO,payment,"Refund issued: order_id=ORD36624 amount=Rp120,000"
LOG0008744,2026-03-03 04:41:52,WARNING,api_gateway,Rate limit approaching for client_id=CLI880: 41/100 req/min
LOG0007957,2026-03-03 04:49:43,INFO,auth,Session created: session_id=SESS12759
LOG0004213,2026-03-03 04:51:53,INFO,api_gateway,GET /api/v1/users responded 200 in 1364ms
LOG0007653,2026-03-03 04:52:57,INFO,database,Index hit on table=products query (3922ms)
LOG0009027,2026-03-03 04:53:06,INFO,database,Connection pool: 38/20 active connections
LOG0006187,2026-03-03 04:53:21,INFO,payment,Subscription renewed: user_id=USR6512
LOG0006046,2026-03-03 04:54:43,ERROR,database,Replication lag exceeded threshold: 3900ms behind primary
LOG0007114,2026-03-03 04:57:08,INFO,database,Connection pool: 88/20 active connections
LOG0006926,2026-03-03 04:59:31,WARNING,api_gateway,High latency detected on route /api/v1/search: 4437ms
LOG0003210,2026-03-03 05:01:53,WARNING,auth,Failed login attempt for user_id=USR5304 (attempt 93/5)
LOG0009616,2026-03-03 05:06:28,INFO,database,Backup snapshot completed successfully
LOG0006251,2026-03-03 05:08:12,INFO,payment,Currency conversion: USD→IDR for order_id=ORD62122
LOG0006654,2026-03-03 05:13:26,INFO,api_gateway,Rate limit check passed for client_id=CLI393
LOG0000608,2026-03-03 05:20:45,INFO,payment,"Payment processed: order_id=ORD98326 amount=Rp6,073,000"
LOG0005182,2026-03-03 05:21:29,INFO,auth,User registered successfully: user_id=USR2706
LOG0004742,2026-03-03 05:24:12,INFO,api_gateway,Rate limit check passed for client_id=CLI155
LOG0002167,2026-03-03 05:28:54,INFO,auth,Token refreshed for user_id=USR3821
LOG0000080,2026-03-03 05:40:25,INFO,database,Backup snapshot completed successfully
LOG0008619,2026-03-03 05:42:12,INFO,payment,"Refund issued: order_id=ORD57186 amount=Rp8,791,000"
LOG0007275,2026-03-03 05:54:01,WARNING,api_gateway,Slow response: GET /api/v1/reports took 3414ms
LOG0000393,2026-03-03 05:56:35,WARNING,database,Connection pool usage high: 71/20 connections
LOG0006134,2026-03-03 05:56:51,INFO,payment,"Payment processed: order_id=ORD71015 amount=Rp9,134,000"
LOG0009623,2026-03-03 06:02:08,INFO,payment,Invoice generated: invoice_id=INV86063
LOG0003290,2026-03-03 06:04:46,WARNING,api_gateway,Retry attempt 11 for downstream service inventory-service
LOG0000365,2026-03-03 06:09:44,INFO,api_gateway,PUT /api/v1/profile responded 200 in 1349ms
LOG0006319,2026-03-03 06:16:12,INFO,database,Query executed: SELECT users WHERE id=USR1980 (3051ms)
LOG0008993,2026-03-03 06:23:25,INFO,auth,Token refreshed for user_id=USR5733
LOG0007617,2026-03-03 06:24:53,WARNING,database,Slow query detected: 4100ms on table=logs
LOG0005549,2026-03-03 06:25:57,INFO,payment,Subscription renewed: user_id=USR5464
LOG0002560,2026-03-03 06:30:02,INFO,auth,Token refreshed for user_id=USR6338
LOG0005458,2026-03-03 06:31:50,INFO,api_gateway,GET /api/v1/users responded 200 in 1908ms
LOG0000555,2026-03-03 06:34:14,INFO,database,Query executed: SELECT users WHERE id=USR5059 (4333ms)
LOG0006678,2026-03-03 06:41:05,INFO,api_gateway,POST /api/v1/orders responded 201 in 2815ms
LOG0006954,2026-03-03 06:41:51,WARNING,api_gateway,Deprecated endpoint called: /api/v0/users by client_id=CLI255
LOG0002889,2026-03-03 06:41:58,WARNING,payment,Payment retry attempt 46/3 for order_id=ORD74999
LOG0005496,2026-03-03 06:42:01,ERROR,database,Deadlock detected on table=orders: txn_id=TXN48420
LOG0009365,2026-03-03 06:45:25,INFO,api_gateway,PUT /api/v1/profile responded 200 in 3867ms
LOG0002983,2026-03-03 06:47:42,ERROR,database,Disk usage critical: 59% on /var/lib/postgres
LOG0000045,2026-03-03 06:49:50,INFO,auth,User login successful: user_id=USR1543
LOG0000156,2026-03-03 06:52:20,INFO,database,Connection pool: 69/20 active connections
LOG0005874,2026-03-03 06:53:55,INFO,database,Index hit on table=products query (2054ms)
LOG0008269,2026-03-03 07:03:06,INFO,database,Cache hit ratio: 84% for last 5 minutes
LOG0007980,2026-03-03 07:07:31,ERROR,api_gateway,Invalid request schema on POST /api/v1/orders
LOG0000398,2026-03-03 07:12:14,INFO,auth,2FA verification passed: user_id=USR2961
LOG0003369,2026-03-03 07:13:39,INFO,database,Index hit on table=products query (2831ms)
LOG0005122,2026-03-03 07:19:23,WARNING,payment,High transaction volume: 79 TPS (threshold: 50 TPS)
LOG0006953,2026-03-03 07:19:30,WARNING,payment,High transaction volume: 97 TPS (threshold: 50 TPS)
LOG0001815,2026-03-03 07:19:53,INFO,payment,Currency conversion: USD→IDR for order_id=ORD91619
LOG0008490,2026-03-03 07:24:28,INFO,payment,Invoice generated: invoice_id=INV50420
LOG0004322,2026-03-03 07:28:06,ERROR,payment,Webhook delivery failed after 3 retries
LOG0007019,2026-03-03 07:32:25,INFO,api_gateway,GET /api/v1/users responded 200 in 2036ms
LOG0007256,2026-03-03 07:33:46,INFO,payment,Subscription renewed: user_id=USR5441
LOG0007622,2026-03-03 07:35:32,WARNING,auth,Failed login attempt for user_id=USR1058 (attempt 78/5)
LOG0009946,2026-03-03 07:39:34,INFO,payment,Webhook received from payment provider: status=SUCCESS
LOG0000040,2026-03-03 07:42:04,INFO,auth,Token generated for user_id=USR2075
LOG0002973,2026-03-03 07:43:17,ERROR,payment,Payment failed: order_id=ORD13209 reason=insufficient_funds
LOG0002700,2026-03-03 07:52:47,INFO,payment,Currency conversion: USD→IDR for order_id=ORD98778
LOG0006148,2026-03-03 07:58:23,INFO,database,Query executed: SELECT users WHERE id=USR5261 (3349ms)
LOG0003564,2026-03-03 08:00:31,INFO,payment,Subscription renewed: user_id=USR6318
LOG0007288,2026-03-03 08:01:53,INFO,api_gateway,Rate limit check passed for client_id=CLI127
LOG0000905,2026-03-03 08:02:54,INFO,database,Index hit on table=products query (1587ms)
LOG0003950,2026-03-03 08:10:48,INFO,api_gateway,GET /api/v1/products responded 200 in 3307ms
LOG0000791,2026-03-03 08:13:18,INFO,payment,Payment gateway responded OK in 232ms
LOG0007464,2026-03-03 08:13:44,INFO,payment,Webhook received from payment provider: status=SUCCESS
LOG0008612,2026-03-03 08:17:27,INFO,database,INSERT INTO orders completed (2563ms)
LOG0009522,2026-03-03 08:21:25,INFO,payment,Invoice generated: invoice_id=INV32407
LOG0005379,2026-03-03 08:26:40,INFO,api_gateway,GET /api/v1/products responded 200 in 1308ms
LOG0001981,2026-03-03 08:28:06,INFO,payment,"Payment processed: order_id=ORD92035 amount=Rp1,376,000"
LOG0006208,2026-03-03 08:32:32,INFO,auth,Session created: session_id=SESS70632
LOG0003112,2026-03-03 08:34:56,INFO,api_gateway,Rate limit check passed for client_id=CLI904
LOG0004455,2026-03-03 08:35:57,INFO,payment,"Payment processed: order_id=ORD87630 amount=Rp7,555,000"
LOG0005585,2026-03-03 08:41:03,INFO,auth,User login successful: user_id=USR2376
LOG0008588,2026-03-03 08:47:08,INFO,auth,Password changed for user_id=USR6989
LOG0001560,2026-03-03 08:48:31,INFO,payment,"Refund issued: order_id=ORD36419 amount=Rp397,000"
LOG0006083,2026-03-03 08:48:56,INFO,api_gateway,PUT /api/v1/profile responded 200 in 3451ms
LOG0005657,2026-03-03 08:52:19,INFO,payment,Subscription renewed: user_id=USR1438
LOG0000935,2026-03-03 08:52:55,ERROR,api_gateway,Upstream service inventory-service unreachable: connection timeout
LOG0008308,2026-03-03 08:55:15,INFO,api_gateway,Request routed to service: inventory-service in 3743ms
LOG0007573,2026-03-03 08:58:18,WARNING,auth,Failed login attempt for user_id=USR9639 (attempt 95/5)
LOG0005413,2026-03-03 09:00:19,INFO,database,Cache hit ratio: 25% for last 5 minutes
LOG0007453,2026-03-03 09:01:33,INFO,api_gateway,GET /api/v1/users responded 200 in 2536ms
LOG0003168,2026-03-03 09:02:24,WARNING,auth,Multiple sessions detected for user_id=USR7178
LOG0002607,2026-03-03 09:05:17,INFO,payment,Currency conversion: USD→IDR for order_id=ORD89089
LOG0001512,2026-03-03 09:07:07,INFO,auth,User logout: user_id=USR8268
LOG0007910,2026-03-03 09:12:28,INFO,payment,Payment gateway responded OK in 3802ms
LOG0004193,2026-03-03 09:13:14,WARNING,api_gateway,Deprecated endpoint called: /api/v0/users by client_id=CLI341
LOG0006357,2026-03-03 09:15:25,INFO,database,Query executed: SELECT users WHERE id=USR3360 (2854ms)
LOG0001843,2026-03-03 09:22:17,WARNING,database,Table=orders approaching max size: 41% capacity
LOG0006199,2026-03-03 09:24:40,WARNING,database,Long-running transaction detected: txn_id=TXN51187 (989ms)
LOG0000865,2026-03-03 09:32:13,INFO,auth,Password changed for user_id=USR6250
LOG0000875,2026-03-03 09:32:21,INFO,api_gateway,GET /api/v1/products responded 200 in 3739ms
LOG0008960,2026-03-03 09:42:41,INFO,database,Index hit on table=products query (692ms)
LOG0007054,2026-03-03 09:43:12,INFO,api_gateway,PUT /api/v1/profile responded 200 in 1255ms
LOG0005642,2026-03-03 09:46:51,INFO,payment,Webhook received from payment provider: status=SUCCESS
LOG0003126,2026-03-03 09:47:17,INFO,auth,Session created: session_id=SESS15939
LOG0005442,2026-03-03 09:53:11,INFO,auth,User login successful: user_id=USR2122
LOG0005993,2026-03-03 09:53:20,INFO,api_gateway,DELETE /api/v1/item/INV29949 responded 204 in 3499ms
LOG0001143,2026-03-03 10:07:04,WARNING,database,Connection pool usage high: 71/20 connections
LOG0003375,2026-03-03 10:07:32,ERROR,database,Deadlock detected on table=orders: txn_id=TXN21538
LOG0002914,2026-03-03 10:10:54,INFO,api_gateway,GET /api/v1/users responded 200 in 3622ms
LOG0001222,2026-03-03 10:17:41,INFO,database,Transaction committed: txn_id=TXN45795
LOG0001509,2026-03-03 10:20:40,WARNING,auth,Unusual login location detected: user_id=USR2474
LOG0005259,2026-03-03 10:21:58,INFO,database,Connection pool: 89/20 active connections
LOG0004054,2026-03-03 10:25:06,INFO,payment,Webhook received from payment provider: status=SUCCESS
LOG0001635,2026-03-03 10:29:59,INFO,database,Connection pool: 33/20 active connections
LOG0003992,2026-03-03 10:30:43,WARNING,payment,Payment provider response slow: 4334ms
LOG0002548,2026-03-03 10:40:57,ERROR,payment,Payment failed: order_id=ORD60873 reason=insufficient_funds
LOG0004075,2026-03-03 10:48:19,INFO,payment,Currency conversion: USD→IDR for order_id=ORD67687
LOG0007657,2026-03-03 10:48:46,WARNING,database,Index miss on table=events: consider reindexing
LOG0005179,2026-03-03 10:56:47,WARNING,database,Long-running transaction detected: txn_id=TXN13651 (814ms)
LOG0003053,2026-03-03 10:57:40,INFO,auth,User logout: user_id=USR4211
LOG0001318,2026-03-03 11:06:14,INFO,api_gateway,PUT /api/v1/profile responded 200 in 3448ms
LOG0008376,2026-03-03 11:07:37,INFO,database,Backup snapshot completed successfully
LOG0006465,2026-03-03 11:09:33,INFO,api_gateway,DELETE /api/v1/item/INV83355 responded 204 in 1435ms
LOG0007729,2026-03-03 11:09:44,INFO,payment,Webhook received from payment provider: status=SUCCESS
LOG0001625,2026-03-03 11:10:09,INFO,auth,Token refreshed for user_id=USR8639
LOG0007896,2026-03-03 11:10:21,INFO,api_gateway,Rate limit check passed for client_id=CLI159
LOG0008380,2026-03-03 11:12:43,WARNING,payment,Payment retry attempt 41/3 for order_id=ORD19783
LOG0005455,2026-03-03 11:13:03,INFO,api_gateway,PUT /api/v1/profile responded 200 in 4447ms
LOG0000298,2026-03-03 11:14:07,INFO,api_gateway,GET /api/v1/products responded 200 in 1010ms
LOG0004095,2026-03-03 11:14:10,INFO,payment,Webhook received from payment provider: status=SUCCESS
LOG0007721,2026-03-03 11:15:32,ERROR,auth,JWT signature mismatch for user_id=USR8934
LOG0006581,2026-03-03 11:15:42,WARNING,api_gateway,Slow response: GET /api/v1/reports took 1542ms
LOG0009529,2026-03-03 11:16:57,INFO,api_gateway,Request routed to service: order-service in 1455ms
LOG0009585,2026-03-03 11:19:46,WARNING,api_gateway,Slow response: GET /api/v1/reports took 847ms
LOG0008699,2026-03-03 11:20:33,ERROR,auth,Token validation failed: user_id=USR8900
LOG0001081,2026-03-03 11:22:30,INFO,api_gateway,POST /api/v1/orders responded 201 in 1313ms
LOG0006845,2026-03-03 11:23:40,WARNING,auth,Token expiring soon for user_id=USR6880
LOG0003024,2026-03-03 11:30:51,INFO,payment,Currency conversion: USD→IDR for order_id=ORD10878
LOG0008002,2026-03-03 11:33:51,INFO,api_gateway,GET /api/v1/products responded 200 in 214ms
LOG0009936,2026-03-03 11:35:55,INFO,database,INSERT INTO orders completed (2235ms)
LOG0009513,2026-03-03 11:46:29,WARNING,payment,Payment retry attempt 23/3 for order_id=ORD97121
LOG0001497,2026-03-03 11:49:33,INFO,payment,Subscription renewed: user_id=USR2188
LOG0004401,2026-03-03 11:53:05,INFO,api_gateway,Request routed to service: user-service in 84ms
LOG0009291,2026-03-03 11:54:32,INFO,auth,2FA verification passed: user_id=USR1403
LOG0006055,2026-03-03 11:56:44,WARNING,payment,Payment provider response slow: 1457ms
LOG0004211,2026-03-03 11:56:53,INFO,payment,"Refund issued: order_id=ORD52399 amount=Rp6,815,000"
LOG0001233,2026-03-03 12:01:44,INFO,auth,Password changed for user_id=USR1335
LOG0001354,2026-03-03 12:07:18,WARNING,payment,High transaction volume: 16 TPS (threshold: 50 TPS)
LOG0004355,2026-03-03 12:07:43,INFO,auth,Password changed for user_id=USR4522
LOG0005890,2026-03-03 12:11:07,INFO,payment,Subscription renewed: user_id=USR4961
LOG0003797,2026-03-03 12:12:25,WARNING,auth,Failed login attempt for user_id=USR4055 (attempt 49/5)
LOG0004532,2026-03-03 12:20:33,WARNING,api_gateway,Retry attempt 94 for downstream service order-service
LOG0009091,2026-03-03 12:23:26,INFO,payment,Payment gateway responded OK in 2451ms
LOG0008901,2026-03-03 12:27:04,WARNING,database,Table=orders approaching max size: 65% capacity
LOG0003957,2026-03-03 12:28:25,INFO,api_gateway,DELETE /api/v1/item/INV41495 responded 204 in 329ms
LOG0005738,2026-03-03 12:29:10,INFO,payment,Currency conversion: USD→IDR for order_id=ORD89409
LOG0006929,2026-03-03 12:32:10,INFO,auth,User login successful: user_id=USR1962
LOG0003627,2026-03-03 12:34:46,INFO,payment,Subscription renewed: user_id=USR1342
LOG0009429,2026-03-03 12:38:36,INFO,auth,User logout: user_id=USR1845
LOG0001401,2026-03-03 12:41:54,INFO,api_gateway,Request routed to service: user-service in 503ms
LOG0000857,2026-03-03 12:46:43,ERROR,auth,JWT signature mismatch for user_id=USR5562
LOG0002544,2026-03-03 12:54:55,INFO,auth,User logout: user_id=USR6680
LOG0000234,2026-03-03 12:58:26,WARNING,database,Table=orders approaching max size: 21% capacity
LOG0006061,2026-03-03 13:01:57,INFO,database,Cache hit ratio: 57% for last 5 minutes
LOG0002514,2026-03-03 13:03:42,INFO,database,Transaction committed: txn_id=TXN24862
LOG0007934,2026-03-03 13:05:59,WARNING,auth,Password reset requested for user_id=USR5150
LOG0006873,2026-03-03 13:06:24,INFO,auth,2FA verification passed: user_id=USR3802
LOG0002794,2026-03-03 13:09:13,INFO,api_gateway,POST /api/v1/orders responded 201 in 2036ms
LOG0008244,2026-03-03 13:23:19,INFO,api_gateway,Rate limit check passed for client_id=CLI342
LOG0009173,2026-03-03 13:24:59,INFO,database,Index hit on table=products query (1431ms)
LOG0002524,2026-03-03 13:27:47,INFO,api_gateway,GET /api/v1/products responded 200 in 860ms
LOG0006596,2026-03-03 13:34:11,WARNING,payment,High transaction volume: 99 TPS (threshold: 50 TPS)
LOG0003159,2026-03-03 13:34:55,INFO,api_gateway,PUT /api/v1/profile responded 200 in 1095ms
LOG0003093,2026-03-03 13:39:59,WARNING,payment,Payment provider response slow: 2637ms
LOG0001051,2026-03-03 13:45:45,INFO,api_gateway,GET /api/v1/products responded 200 in 1569ms
LOG0005146,2026-03-03 13:46:41,INFO,payment,Webhook received from payment provider: status=SUCCESS
LOG0003402,2026-03-03 13:48:55,INFO,database,Cache hit ratio: 1% for last 5 minutes
LOG0009314,2026-03-03 13:50:14,INFO,api_gateway,DELETE /api/v1/item/INV20677 responded 204 in 1249ms
LOG0001567,2026-03-03 13:50:56,WARNING,payment,Suspicious transaction flagged: order_id=ORD30453
LOG0009580,2026-03-03 13:54:01,INFO,database,Connection pool: 64/20 active connections
LOG0003146,2026-03-03 13:55:24,INFO,auth,Token generated for user_id=USR5613
LOG0007522,2026-03-03 13:55:46,INFO,database,Connection pool: 97/20 active connections
LOG0008929,2026-03-03 13:55:47,INFO,auth,Token refreshed for user_id=USR4250
LOG0001187,2026-03-03 13:58:52,WARNING,auth,Unusual login location detected: user_id=USR1669
LOG0006095,2026-03-03 14:00:49,INFO,payment,"Refund issued: order_id=ORD29430 amount=Rp5,703,000"
LOG0004947,2026-03-03 14:03:57,INFO,payment,Subscription renewed: user_id=USR3526
LOG0004060,2026-03-03 14:05:01,WARNING,api_gateway,Retry attempt 55 for downstream service inventory-service
LOG0001458,2026-03-03 14:18:37,WARNING,payment,High transaction volume: 98 TPS (threshold: 50 TPS)
LOG0000619,2026-03-03 14:19:37,ERROR,payment,Payment gateway timeout after 192ms: order_id=ORD18637
LOG0000016,2026-03-03 14:21:18,WARNING,database,Long-running transaction detected: txn_id=TXN91647 (3666ms)
LOG0001322,2026-03-03 14:22:19,INFO,payment,Subscription renewed: user_id=USR8146
LOG0009786,2026-03-03 14:31:13,WARNING,payment,Payment provider response slow: 1411ms
LOG0009701,2026-03-03 14:37:11,INFO,database,INSERT INTO orders completed (2666ms)
LOG0002988,2026-03-03 14:42:21,INFO,database,Transaction committed: txn_id=TXN98951
LOG0004484,2026-03-03 14:42:25,WARNING,payment,High transaction volume: 30 TPS (threshold: 50 TPS)
LOG0004989,2026-03-03 14:44:47,INFO,payment,Webhook received from payment provider: status=SUCCESS
LOG0000170,2026-03-03 14:47:29,WARNING,api_gateway,Deprecated endpoint called: /api/v0/users by client_id=CLI224
LOG0001225,2026-03-03 14:49:29,INFO,api_gateway,PUT /api/v1/profile responded 200 in 416ms
LOG0005420,2026-03-03 14:59:29,INFO,auth,Password changed for user_id=USR7840
LOG0007160,2026-03-03 15:03:47,INFO,auth,2FA verification passed: user_id=USR6897
LOG0008393,2026-03-03 15:04:56,WARNING,auth,Unusual login location detected: user_id=USR7967
LOG0001161,2026-03-03 15:05:34,INFO,payment,Invoice generated: invoice_id=INV10501
LOG0000082,2026-03-03 15:10:24,WARNING,auth,Failed login attempt for user_id=USR8867 (attempt 43/5)
LOG0001364,2026-03-03 15:11:44,WARNING,auth,Token expiring soon for user_id=USR1456
LOG0006861,2026-03-03 15:14:33,INFO,api_gateway,Request routed to service: order-service in 2230ms
LOG0007883,2026-03-03 15:16:37,ERROR,database,Disk usage critical: 15% on /var/lib/postgres
LOG0009446,2026-03-03 15:30:18,INFO,api_gateway,PUT /api/v1/profile responded 200 in 2365ms
LOG0007363,2026-03-03 15:31:09,WARNING,api_gateway,Rate limit approaching for client_id=CLI414: 43/100 req/min
LOG0002717,2026-03-03 15:36:57,INFO,auth,Session created: session_id=SESS66473
LOG0004877,2026-03-03 15:37:59,WARNING,database,Connection pool usage high: 68/20 connections
LOG0003218,2026-03-03 15:39:35,INFO,api_gateway,GET /api/v1/users responded 200 in 2037ms
LOG0001720,2026-03-03 15:44:28,INFO,database,Cache hit ratio: 61% for last 5 minutes
LOG0000189,2026-03-03 15:50:20,ERROR,api_gateway,Upstream service inventory-service unreachable: connection timeout
LOG0005502,2026-03-03 15:50:38,WARNING,api_gateway,Rate limit approaching for client_id=CLI357: 32/100 req/min
LOG0009287,2026-03-03 15:53:05,INFO,payment,Payment gateway responded OK in 1583ms
LOG0006332,2026-03-03 15:56:24,INFO,payment,Currency conversion: USD→IDR for order_id=ORD83476
LOG0000255,2026-03-03 15:57:01,INFO,auth,User registered successfully: user_id=USR2520
LOG0002843,2026-03-03 15:59:44,INFO,auth,Session created: session_id=SESS56344
LOG0000317,2026-03-03 15:59:48,INFO,auth,Session created: session_id=SESS61894
LOG0008270,2026-03-03 16:00:04,ERROR,api_gateway,Rate limit exceeded for client_id=CLI791
LOG0004725,2026-03-03 16:05:18,INFO,auth,Token generated for user_id=USR6090
LOG0005154,2026-03-03 16:12:24,ERROR,auth,Account locked after 5 failed attempts: user_id=USR8620
LOG0001662,2026-03-03 16:13:50,INFO,database,INSERT INTO orders completed (3019ms)
LOG0009900,2026-03-03 16:21:22,INFO,api_gateway,Rate limit check passed for client_id=CLI116
LOG0007875,2026-03-03 16:22:14,INFO,auth,User registered successfully: user_id=USR8007
LOG0006040,2026-03-03 16:22:37,WARNING,payment,Card expiry warning for user_id=USR9872
LOG0008169,2026-03-03 16:24:19,INFO,auth,User logout: user_id=USR3941
LOG0002949,2026-03-03 16:31:30,INFO,api_gateway,GET /api/v1/users responded 200 in 3859ms
LOG0007705,2026-03-03 16:38:57,WARNING,payment,Suspicious transaction flagged: order_id=ORD74729
LOG0004447,2026-03-03 16:40:10,WARNING,auth,Unusual login location detected: user_id=USR5757
LOG0000777,2026-03-03 16:41:05,WARNING,database,Connection pool usage high: 13/20 connections
LOG0007482,2026-03-03 16:45:07,INFO,auth,Password changed for user_id=USR5535
LOG0008721,2026-03-03 16:48:08,WARNING,api_gateway,High latency detected on route /api/v1/search: 2700ms
LOG0000276,2026-03-03 16:49:32,INFO,api_gateway,POST /api/v1/orders responded 201 in 1834ms
LOG0003666,2026-03-03 16:50:02,INFO,payment,"Refund issued: order_id=ORD40429 amount=Rp2,782,000"
LOG0009724,2026-03-03 16:51:00,INFO,database,Cache hit ratio: 55% for last 5 minutes
LOG0005005,2026-03-03 16:58:14,INFO,payment,Invoice generated: invoice_id=INV80095
LOG0009317,2026-03-03 17:07:08,INFO,database,Cache hit ratio: 32% for last 5 minutes
LOG0009963,2026-03-03 17:10:10,WARNING,payment,Card expiry warning for user_id=USR5663
LOG0008855,2026-03-03 17:27:39,WARNING,database,Index miss on table=events: consider reindexing
LOG0000953,2026-03-03 17:34:01,INFO,api_gateway,DELETE /api/v1/item/INV40800 responded 204 in 2331ms
LOG0009435,2026-03-03 17:36:02,INFO,auth,User registered successfully: user_id=USR8177
LOG0006160,2026-03-03 17:36:16,INFO,payment,Webhook received from payment provider: status=SUCCESS
LOG0008927,2026-03-03 17:37:12,INFO,api_gateway,DELETE /api/v1/item/INV21549 responded 204 in 1162ms
LOG0005356,2026-03-03 17:39:12,INFO,payment,Webhook received from payment provider: status=SUCCESS
LOG0006520,2026-03-03 17:40:17,INFO,payment,Invoice generated: invoice_id=INV88259
LOG0001030,2026-03-03 17:44:22,INFO,api_gateway,POST /api/v1/orders responded 201 in 3614ms
LOG0003829,2026-03-03 17:48:20,INFO,api_gateway,Request routed to service: user-service in 3210ms
LOG0008309,2026-03-03 17:56:50,INFO,api_gateway,POST /api/v1/orders responded 201 in 3765ms
LOG0005031,2026-03-03 17:58:24,INFO,api_gateway,GET /api/v1/products responded 200 in 2742ms
LOG0003618,2026-03-03 17:59:51,INFO,api_gateway,GET /api/v1/users responded 200 in 4453ms
LOG0005709,2026-03-03 18:00:26,INFO,database,INSERT INTO orders completed (3686ms)
LOG0007277,2026-03-03 18:00:40,WARNING,auth,Unusual login location detected: user_id=USR3178
LOG0008336,2026-03-03 18:03:14,ERROR,auth,Invalid credentials for user_id=USR8528
LOG0005684,2026-03-03 18:04:48,INFO,auth,User registered successfully: user_id=USR6038
LOG0000104,2026-03-03 18:05:13,INFO,payment,Subscription renewed: user_id=USR3878
LOG0000362,2026-03-03 18:10:10,ERROR,auth,Token validation failed: user_id=USR7554
LOG0002849,2026-03-03 18:13:26,WARNING,payment,Payment retry attempt 22/3 for order_id=ORD61356
LOG0000771,2026-03-03 18:15:00,INFO,payment,Currency conversion: USD→IDR for order_id=ORD56395
LOG0000669,2026-03-03 18:17:07,INFO,payment,Payment gateway responded OK in 3658ms
LOG0007406,2026-03-03 18:19:23,INFO,database,Query executed: SELECT users WHERE id=USR8595 (1770ms)
LOG0009958,2026-03-03 18:21:57,INFO,database,Transaction committed: txn_id=TXN75915
LOG0007078,2026-03-03 18:23:04,WARNING,database,Connection pool usage high: 57/20 connections
LOG0000701,2026-03-03 18:25:41,INFO,payment,Invoice generated: invoice_id=INV62494
LOG0004192,2026-03-03 18:30:21,WARNING,database,Long-running transaction detected: txn_id=TXN22427 (1927ms)
LOG0005726,2026-03-03 18:32:34,INFO,payment,Currency conversion: USD→IDR for order_id=ORD70317
LOG0008328,2026-03-03 18:34:28,INFO,payment,"Payment processed: order_id=ORD25518 amount=Rp6,719,000"
LOG0004969,2026-03-03 18:37:49,INFO,database,INSERT INTO orders completed (3729ms)
LOG0006420,2026-03-03 18:48:11,WARNING,auth,Password reset requested for user_id=USR9104
LOG0007645,2026-03-03 18:57:01,INFO,database,INSERT INTO orders completed (975ms)
LOG0004793,2026-03-03 19:00:44,INFO,auth,User login successful: user_id=USR5822
LOG0007712,2026-03-03 19:06:11,INFO,auth,User logout: user_id=USR9724
LOG0000231,2026-03-03 19:07:20,INFO,api_gateway,GET /api/v1/users responded 200 in 3806ms
LOG0007874,2026-03-03 19:13:51,WARNING,database,Slow query detected: 2253ms on table=logs
LOG0003244,2026-03-03 19:27:50,ERROR,database,Replication lag exceeded threshold: 4292ms behind primary
LOG0005519,2026-03-03 19:29:30,INFO,database,Backup snapshot completed successfully
LOG0005724,2026-03-03 19:30:53,INFO,api_gateway,Rate limit check passed for client_id=CLI854
LOG0009833,2026-03-03 19:36:49,INFO,auth,2FA verification passed: user_id=USR3628
LOG0006003,2026-03-03 19:37:15,INFO,auth,User login successful: user_id=USR7907
LOG0003391,2026-03-03 19:39:14,INFO,payment,Payment gateway responded OK in 3363ms
LOG0007575,2026-03-03 19:41:09,INFO,database,Index hit on table=products query (411ms)
LOG0002639,2026-03-03 19:44:53,INFO,database,Transaction committed: txn_id=TXN30132
LOG0003301,2026-03-03 19:45:40,WARNING,payment,Suspicious transaction flagged: order_id=ORD80832
LOG0007130,2026-03-03 19:48:15,ERROR,payment,Fraud detection triggered: order_id=ORD14010
LOG0000770,2026-03-03 19:50:00,INFO,api_gateway,GET /api/v1/users responded 200 in 3199ms
LOG0007760,2026-03-03 19:54:11,INFO,auth,Session created: session_id=SESS87125
LOG0003613,2026-03-03 19:55:02,WARNING,api_gateway,Deprecated endpoint called: /api/v0/users by client_id=CLI207
LOG0000338,2026-03-03 20:02:24,WARNING,auth,Failed login attempt for user_id=USR7075 (attempt 4/5)
LOG0006417,2026-03-03 20:02:27,WARNING,payment,Payment provider response slow: 1275ms
LOG0001932,2026-03-03 20:14:25,INFO,auth,User registered successfully: user_id=USR1714
LOG0008148,2026-03-03 20:14:42,WARNING,api_gateway,Retry attempt 47 for downstream service user-service
LOG0005998,2026-03-03 20:20:17,INFO,auth,Token refreshed for user_id=USR5987
LOG0003237,2026-03-03 20:33:36,WARNING,api_gateway,Retry attempt 52 for downstream service inventory-service
LOG0009263,2026-03-03 20:40:38,INFO,payment,Payment gateway responded OK in 2489ms
LOG0009164,2026-03-03 20:44:59,WARNING,auth,Failed login attempt for user_id=USR3694 (attempt 54/5)
LOG0000168,2026-03-03 20:47:33,ERROR,database,Query failed: syntax error near 'SELCT'
LOG0005363,2026-03-03 20:58:35,WARNING,auth,Password reset requested for user_id=USR6673
LOG0005209,2026-03-03 21:05:32,INFO,payment,"Refund issued: order_id=ORD33751 amount=Rp6,137,000"
LOG0000451,2026-03-03 21:09:17,WARNING,auth,Token expiring soon for user_id=USR4810
LOG0000993,2026-03-03 21:10:47,INFO,database,Cache hit ratio: 61% for last 5 minutes
LOG0004776,2026-03-03 21:11:29,INFO,api_gateway,GET /api/v1/users responded 200 in 4384ms
LOG0002430,2026-03-03 21:11:59,WARNING,payment,Payment retry attempt 64/3 for order_id=ORD24607
LOG0008119,2026-03-03 21:16:37,INFO,api_gateway,GET /api/v1/users responded 200 in 3187ms
LOG0006710,2026-03-03 21:18:22,INFO,payment,Webhook received from payment provider: status=SUCCESS
LOG0002689,2026-03-03 21:21:00,INFO,auth,2FA verification passed: user_id=USR7171
LOG0001959,2026-03-03 21:25:56,INFO,database,Transaction committed: txn_id=TXN17423
LOG0001508,2026-03-03 21:29:01,INFO,api_gateway,GET /api/v1/users responded 200 in 1393ms
LOG0001473,2026-03-03 21:31:28,INFO,auth,User login successful: user_id=USR9756
LOG0001946,2026-03-03 21:31:38,INFO,api_gateway,PUT /api/v1/profile responded 200 in 364ms
LOG0002696,2026-03-03 21:33:29,INFO,payment,"Payment processed: order_id=ORD49247 amount=Rp3,207,000"
LOG0003445,2026-03-03 21:34:16,ERROR,database,Deadlock detected on table=orders: txn_id=TXN60296
LOG0002156,2026-03-03 21:34:28,INFO,auth,User registered successfully: user_id=USR1230
LOG0004358,2026-03-03 21:37:44,INFO,api_gateway,Rate limit check passed for client_id=CLI857
LOG0000601,2026-03-03 21:40:24,INFO,api_gateway,PUT /api/v1/profile responded 200 in 1673ms
LOG0004470,2026-03-03 21:42:40,INFO,database,Index hit on table=products query (3538ms)
LOG0001313,2026-03-03 21:49:28,INFO,payment,Payment gateway responded OK in 722ms
LOG0007307,2026-03-03 21:49:58,INFO,payment,Webhook received from payment provider: status=SUCCESS
LOG0007995,2026-03-03 21:51:56,INFO,payment,Subscription renewed: user_id=USR6746
LOG0002535,2026-03-03 21:57:23,INFO,payment,Subscription renewed: user_id=USR8851
LOG0003997,2026-03-03 22:08:03,INFO,auth,Session created: session_id=SESS53079
LOG0000161,2026-03-03 22:10:41,ERROR,auth,Account locked after 5 failed attempts: user_id=USR8978
LOG0007237,2026-03-03 22:11:34,INFO,database,Transaction committed: txn_id=TXN92754
LOG0009140,2026-03-03 22:11:38,ERROR,database,Query failed: syntax error near 'SELCT'
LOG0002827,2026-03-03 22:16:47,INFO,database,Connection pool: 85/20 active connections
LOG0008223,2026-03-03 22:25:52,WARNING,api_gateway,Retry attempt 50 for downstream service user-service
LOG0007431,2026-03-03 22:33:32,WARNING,payment,Card expiry warning for user_id=USR7280
LOG0007085,2026-03-03 22:33:55,ERROR,payment,Payment failed: order_id=ORD68376 reason=insufficient_funds
LOG0009218,2026-03-03 22:35:41,ERROR,payment,Currency conversion error for order_id=ORD39489
LOG0002996,2026-03-03 22:41:58,INFO,database,INSERT INTO orders completed (3333ms)
LOG0005904,2026-03-03 22:43:11,WARNING,auth,Password reset requested for user_id=USR1641
LOG0009360,2026-03-03 22:45:32,INFO,database,INSERT INTO orders completed (402ms)
LOG0006402,2026-03-03 22:46:00,INFO,database,INSERT INTO orders completed (2635ms)
LOG0007126,2026-03-03 22:48:43,INFO,api_gateway,DELETE /api/v1/item/INV38115 responded 204 in 1494ms
LOG0001022,2026-03-03 22:51:58,INFO,database,Connection pool: 54/20 active connections
LOG0008238,2026-03-03 22:53:39,INFO,database,Cache hit ratio: 34% for last 5 minutes
LOG0006201,2026-03-03 22:58:02,WARNING,payment,Payment provider response slow: 1092ms
LOG0006811,2026-03-03 23:02:58,INFO,database,Transaction committed: txn_id=TXN78354
LOG0001784,2026-03-03 23:03:03,WARNING,api_gateway,High latency detected on route /api/v1/search: 1098ms
LOG0003189,2026-03-03 23:07:43,WARNING,payment,Payment provider response slow: 435ms
LOG0007983,2026-03-03 23:07:55,INFO,api_gateway,PUT /api/v1/profile responded 200 in 1204ms
LOG0004085,2026-03-03 23:11:15,WARNING,api_gateway,Slow response: GET /api/v1/reports took 3146ms
LOG0006780,2026-03-03 23:12:31,WARNING,database,Long-running transaction detected: txn_id=TXN59142 (1513ms)
LOG0009228,2026-03-03 23:14:54,INFO,database,Backup snapshot completed successfully
LOG0007207,2026-03-03 23:17:00,ERROR,payment,Payment failed: order_id=ORD25173 reason=insufficient_funds
LOG0003134,2026-03-03 23:20:06,INFO,payment,"Payment processed: order_id=ORD24426 amount=Rp8,990,000"
LOG0003413,2026-03-03 23:21:37,WARNING,auth,Token expiring soon for user_id=USR7627
LOG0007068,2026-03-03 23:25:35,INFO,database,Transaction committed: txn_id=TXN64915
LOG0009409,2026-03-03 23:27:26,INFO,payment,Payment gateway responded OK in 453ms
LOG0006684,2026-03-03 23:31:02,INFO,database,Connection pool: 9/20 active connections
LOG0009176,2026-03-03 23:34:53,INFO,auth,User logout: user_id=USR4845
LOG0005944,2026-03-03 23:35:35,INFO,auth,2FA verification passed: user_id=USR8180
LOG0003028,2026-03-03 23:42:52,INFO,auth,User login successful: user_id=USR7671
LOG0008415,2026-03-03 23:46:29,INFO,payment,Invoice generated: invoice_id=INV23860
LOG0008434,2026-03-03 23:47:57,INFO,api_gateway,Rate limit check passed for client_id=CLI176
LOG0007612,2026-03-03 23:49:47,INFO,database,Query executed: SELECT users WHERE id=USR2424 (4471ms)
LOG0002610,2026-03-03 23:59:07,INFO,auth,User registered successfully: user_id=USR2742
LOG0001319,2026-03-04 00:02:41,WARNING,api_gateway,Rate limit approaching for client_id=CLI893: 87/100 req/min
LOG0007324,2026-03-04 00:12:19,INFO,database,Cache hit ratio: 50% for last 5 minutes
LOG0000071,2026-03-04 00:12:50,INFO,api_gateway,Request routed to service: user-service in 3037ms
LOG0007175,2026-03-04 00:12:56,INFO,api_gateway,Request routed to service: user-service in 4256ms
LOG0009336,2026-03-04 00:13:35,INFO,api_gateway,PUT /api/v1/profile responded 200 in 94ms
LOG0005650,2026-03-04 00:13:55,INFO,api_gateway,POST /api/v1/orders responded 201 in 1930ms
LOG0009338,2026-03-04 00:19:38,INFO,auth,Password changed for user_id=USR3360
LOG0001437,2026-03-04 00:21:18,WARNING,api_gateway,Rate limit approaching for client_id=CLI781: 34/100 req/min
LOG0007744,2026-03-04 00:22:29,INFO,auth,User registered successfully: user_id=USR5497
LOG0008973,2026-03-04 00:26:33,INFO,payment,Invoice generated: invoice_id=INV96508
LOG0001514,2026-03-04 00:27:16,INFO,api_gateway,GET /api/v1/products responded 200 in 93ms
LOG0003354,2026-03-04 00:28:52,INFO,database,Query executed: SELECT users WHERE id=USR9242 (2135ms)
LOG0003109,2026-03-04 00:37:00,INFO,payment,Invoice generated: invoice_id=INV29982
LOG0007118,2026-03-04 00:39:06,INFO,database,Query executed: SELECT users WHERE id=USR4307 (3614ms)
LOG0004597,2026-03-04 00:42:38,WARNING,payment,Card expiry warning for user_id=USR1340
LOG0000554,2026-03-04 00:42:54,INFO,auth,Token generated for user_id=USR6077
LOG0005992,2026-03-04 00:43:01,ERROR,payment,Payment gateway timeout after 2196ms: order_id=ORD13416
LOG0009906,2026-03-04 00:43:18,INFO,payment,Subscription renewed: user_id=USR2965
LOG0001740,2026-03-04 00:45:04,INFO,api_gateway,GET /api/v1/users responded 200 in 3046ms
LOG0001413,2026-03-04 00:47:35,INFO,database,Cache hit ratio: 9% for last 5 minutes
LOG0004500,2026-03-04 00:48:34,INFO,payment,"Refund issued: order_id=ORD98708 amount=Rp9,092,000"
LOG0008458,2026-03-04 00:52:03,INFO,payment,"Payment processed: order_id=ORD37327 amount=Rp5,555,000"
LOG0003601,2026-03-04 00:54:49,INFO,payment,Invoice generated: invoice_id=INV43341
LOG0002932,2026-03-04 00:55:19,INFO,auth,Password changed for user_id=USR8118
LOG0000167,2026-03-04 00:55:39,ERROR,payment,Payment failed: order_id=ORD28559 reason=insufficient_funds
LOG0009734,2026-03-04 00:59:09,INFO,payment,Payment gateway responded OK in 2111ms
LOG0002460,2026-03-04 01:05:31,INFO,auth,Password changed for user_id=USR7271
LOG0004497,2026-03-04 01:11:30,INFO,auth,User registered successfully: user_id=USR6788
LOG0008062,2026-03-04 01:11:37,INFO,database,Transaction committed: txn_id=TXN67226
LOG0002865,2026-03-04 01:14:59,INFO,api_gateway,GET /api/v1/users responded 200 in 2597ms
LOG0006834,2026-03-04 01:17:51,INFO,database,INSERT INTO orders completed (1666ms)
LOG0005679,2026-03-04 01:18:29,INFO,database,INSERT INTO orders completed (473ms)
LOG0008448,2026-03-04 01:21:09,INFO,api_gateway,Rate limit check passed for client_id=CLI542
LOG0005727,2026-03-04 01:26:14,INFO,api_gateway,GET /api/v1/products responded 200 in 2851ms
LOG0004830,2026-03-04 01:29:14,WARNING,auth,Failed login attempt for user_id=USR1038 (attempt 1/5)
LOG0007915,2026-03-04 01:30:58,ERROR,payment,Fraud detection triggered: order_id=ORD11143
LOG0003140,2026-03-04 01:43:33,INFO,auth,User registered successfully: user_id=USR4331
LOG0005825,2026-03-04 01:48:12,INFO,auth,Session created: session_id=SESS97748
LOG0007589,2026-03-04 01:49:26,INFO,auth,Token generated for user_id=USR9807
LOG0000814,2026-03-04 01:51:51,WARNING,database,Table=orders approaching max size: 21% capacity
LOG0009729,2026-03-04 01:53:24,INFO,payment,"Refund issued: order_id=ORD59441 amount=Rp9,665,000"
LOG0003111,2026-03-04 01:55:57,INFO,auth,User login successful: user_id=USR5469
LOG0009002,2026-03-04 02:02:39,INFO,api_gateway,GET /api/v1/products responded 200 in 2971ms
LOG0007955,2026-03-04 02:10:25,WARNING,payment,Suspicious transaction flagged: order_id=ORD14971
LOG0006001,2026-03-04 02:14:26,INFO,database,INSERT INTO orders completed (4400ms)
LOG0009679,2026-03-04 02:20:52,WARNING,auth,Multiple sessions detected for user_id=USR3454
LOG0001056,2026-03-04 02:21:42,INFO,auth,Token generated for user_id=USR2781
LOG0001106,2026-03-04 02:22:23,INFO,database,Index hit on table=products query (1827ms)
LOG0003141,2026-03-04 02:25:22,ERROR,payment,Payment gateway timeout after 2063ms: order_id=ORD94117
LOG0001726,2026-03-04 02:26:09,INFO,auth,Token generated for user_id=USR8793
LOG0007950,2026-03-04 02:27:43,INFO,database,Index hit on table=products query (3664ms)
LOG0009053,2026-03-04 02:28:29,INFO,api_gateway,DELETE /api/v1/item/INV70476 responded 204 in 2306ms
LOG0006778,2026-03-04 02:28:31,INFO,payment,Subscription renewed: user_id=USR4792
LOG0004844,2026-03-04 02:28:59,INFO,auth,2FA verification passed: user_id=USR6102
LOG0004320,2026-03-04 02:29:37,ERROR,database,Deadlock detected on table=orders: txn_id=TXN22437
LOG0007209,2026-03-04 02:36:48,INFO,database,Query executed: SELECT users WHERE id=USR7885 (3655ms)
LOG0000003,2026-03-04 02:38:45,INFO,api_gateway,Rate limit check passed for client_id=CLI860
LOG0000784,2026-03-04 02:40:36,INFO,payment,Invoice generated: invoice_id=INV48726
LOG0005764,2026-03-04 02:43:41,INFO,api_gateway,POST /api/v1/orders responded 201 in 1442ms
LOG0000690,2026-03-04 02:43:42,WARNING,auth,Unusual login location detected: user_id=USR7006
LOG0001158,2026-03-04 02:50:59,INFO,api_gateway,PUT /api/v1/profile responded 200 in 4173ms
LOG0006346,2026-03-04 02:54:36,INFO,auth,User login successful: user_id=USR6128
LOG0002666,2026-03-04 03:00:03,INFO,api_gateway,DELETE /api/v1/item/INV60370 responded 204 in 1327ms
LOG0002709,2026-03-04 03:01:22,INFO,auth,User login successful: user_id=USR2026
LOG0007787,2026-03-04 03:06:01,WARNING,database,Long-running transaction detected: txn_id=TXN58378 (3268ms)
LOG0005745,2026-03-04 03:06:39,ERROR,api_gateway,Rate limit exceeded for client_id=CLI454
LOG0005453,2026-03-04 03:08:00,INFO,payment,Currency conversion: USD→IDR for order_id=ORD39483
LOG0003204,2026-03-04 03:10:27,WARNING,database,Slow query detected: 950ms on table=logs
LOG0008817,2026-03-04 03:10:47,INFO,api_gateway,Rate limit check passed for client_id=CLI840
LOG0008039,2026-03-04 03:13:15,INFO,auth,User registered successfully: user_id=USR2207
LOG0002142,2026-03-04 03:15:31,INFO,database,Connection pool: 25/20 active connections
LOG0006374,2026-03-04 03:23:15,WARNING,database,Slow query detected: 3382ms on table=logs
LOG0006477,2026-03-04 03:25:12,ERROR,auth,JWT signature mismatch for user_id=USR1432
LOG0003245,2026-03-04 03:25:33,INFO,auth,Password changed for user_id=USR6708
LOG0007877,2026-03-04 03:27:02,WARNING,database,Connection pool usage high: 27/20 connections
LOG0000001,2026-03-04 03:29:11,WARNING,database,Table=orders approaching max size: 54% capacity
LOG0005484,2026-03-04 03:34:01,INFO,auth,Session created: session_id=SESS33872
LOG0008983,2026-03-04 03:36:41,INFO,api_gateway,GET /api/v1/users responded 200 in 4403ms
LOG0003993,2026-03-04 03:38:11,INFO,database,Index hit on table=products query (671ms)
LOG0009563,2026-03-04 03:41:42,INFO,auth,User logout: user_id=USR7456
LOG0007694,2026-03-04 03:44:28,ERROR,payment,Webhook delivery failed after 3 retries
LOG0007962,2026-03-04 03:44:52,WARNING,auth,Password reset requested for user_id=USR7923
LOG0004762,2026-03-04 03:46:33,INFO,database,Cache hit ratio: 16% for last 5 minutes
LOG0001812,2026-03-04 03:51:06,INFO,auth,Password changed for user_id=USR5321
LOG0008248,2026-03-04 03:55:28,INFO,payment,Webhook received from payment provider: status=SUCCESS
LOG0009638,2026-03-04 03:57:02,INFO,database,Index hit on table=products query (451ms)
LOG0005801,2026-03-04 04:01:49,ERROR,payment,Payment failed: order_id=ORD53725 reason=insufficient_funds
LOG0004365,2026-03-04 04:07:15,INFO,api_gateway,Request routed to service: order-service in 3739ms
LOG0009846,2026-03-04 04:11:00,WARNING,api_gateway,Deprecated endpoint called: /api/v0/users by client_id=CLI398
LOG0003417,2026-03-04 04:31:14,INFO,payment,"Payment processed: order_id=ORD62912 amount=Rp5,519,000"
LOG0002660,2026-03-04 04:33:02,INFO,auth,Session created: session_id=SESS26539
LOG0006539,2026-03-04 04:33:15,INFO,api_gateway,Rate limit check passed for client_id=CLI121
LOG0005643,2026-03-04 04:34:02,INFO,auth,User registered successfully: user_id=USR9425
LOG0004656,2026-03-04 04:34:54,INFO,database,Cache hit ratio: 4% for last 5 minutes
LOG0006117,2026-03-04 04:39:16,WARNING,payment,High transaction volume: 15 TPS (threshold: 50 TPS)
LOG0008443,2026-03-04 04:40:48,INFO,api_gateway,GET /api/v1/products responded 200 in 2514ms
LOG0000750,2026-03-04 04:42:04,INFO,database,Index hit on table=products query (2234ms)
LOG0004069,2026-03-04 04:42:52,ERROR,database,Deadlock detected on table=orders: txn_id=TXN55290
LOG0000625,2026-03-04 04:42:54,INFO,auth,User login successful: user_id=USR2269
LOG0000788,2026-03-04 04:45:20,INFO,auth,Token generated for user_id=USR5102
LOG0006724,2026-03-04 04:47:23,INFO,api_gateway,POST /api/v1/orders responded 201 in 3463ms
LOG0006901,2026-03-04 04:49:50,INFO,payment,"Payment processed: order_id=ORD11221 amount=Rp3,322,000"
LOG0001624,2026-03-04 04:55:11,INFO,payment,"Refund issued: order_id=ORD52955 amount=Rp5,703,000"
LOG0009736,2026-03-04 04:55:34,INFO,api_gateway,Rate limit check passed for client_id=CLI182
LOG0005307,2026-03-04 05:01:20,INFO,database,INSERT INTO orders completed (3179ms)
LOG0006331,2026-03-04 05:05:00,INFO,database,Transaction committed: txn_id=TXN69151
LOG0002856,2026-03-04 05:05:50,INFO,payment,Invoice generated: invoice_id=INV10175
LOG0004092,2026-03-04 05:08:22,WARNING,payment,Card expiry warning for user_id=USR1302
LOG0008226,2026-03-04 05:20:29,WARNING,payment,Payment retry attempt 91/3 for order_id=ORD49182
LOG0005897,2026-03-04 05:32:31,WARNING,database,Long-running transaction detected: txn_id=TXN94458 (2132ms)
LOG0002775,2026-03-04 05:36:22,INFO,database,Cache hit ratio: 90% for last 5 minutes
LOG0006397,2026-03-04 05:43:22,INFO,database,Transaction committed: txn_id=TXN22608
LOG0009051,2026-03-04 05:46:35,WARNING,api_gateway,Deprecated endpoint called: /api/v0/users by client_id=CLI262
LOG0008892,2026-03-04 05:58:30,ERROR,auth,Token validation failed: user_id=USR4155
LOG0008136,2026-03-04 06:03:07,WARNING,auth,Failed login attempt for user_id=USR8001 (attempt 28/5)
LOG0009692,2026-03-04 06:07:21,ERROR,auth,Invalid credentials for user_id=USR3435
LOG0007906,2026-03-04 06:22:56,INFO,payment,Currency conversion: USD→IDR for order_id=ORD42715
LOG0009315,2026-03-04 06:24:13,INFO,api_gateway,GET /api/v1/products responded 200 in 2522ms
LOG0003150,2026-03-04 06:24:43,INFO,payment,Invoice generated: invoice_id=INV24824
LOG0003107,2026-03-04 06:26:45,INFO,api_gateway,Rate limit check passed for client_id=CLI616
LOG0004315,2026-03-04 06:30:34,ERROR,api_gateway,POST /api/v1/payment returned 500 after 658ms
LOG0007364,2026-03-04 06:32:51,INFO,auth,Token refreshed for user_id=USR4477
LOG0004502,2026-03-04 06:35:32,INFO,database,Backup snapshot completed successfully
LOG0008965,2026-03-04 06:39:14,INFO,payment,Invoice generated: invoice_id=INV73230
LOG0007287,2026-03-04 06:41:08,INFO,database,INSERT INTO orders completed (3182ms)
LOG0005748,2026-03-04 06:44:04,INFO,api_gateway,GET /api/v1/users responded 200 in 3928ms
LOG0006853,2026-03-04 06:46:06,WARNING,api_gateway,High latency detected on route /api/v1/search: 1901ms
LOG0005028,2026-03-04 06:48:46,INFO,api_gateway,POST /api/v1/orders responded 201 in 1107ms
LOG0006237,2026-03-04 06:55:04,ERROR,payment,Webhook delivery failed after 3 retries
LOG0002213,2026-03-04 06:56:29,INFO,database,Transaction committed: txn_id=TXN75239
LOG0002928,2026-03-04 07:05:54,INFO,database,INSERT INTO orders completed (3165ms)
LOG0007186,2026-03-04 07:11:38,WARNING,payment,Suspicious transaction flagged: order_id=ORD21474
LOG0005449,2026-03-04 07:13:36,INFO,database,Connection pool: 60/20 active connections
LOG0009552,2026-03-04 07:13:45,INFO,auth,User registered successfully: user_id=USR1970
LOG0003784,2026-03-04 07:19:02,INFO,payment,Webhook received from payment provider: status=SUCCESS
LOG0005175,2026-03-04 07:19:38,INFO,api_gateway,Request routed to service: inventory-service in 296ms
LOG0000772,2026-03-04 07:20:34,ERROR,auth,Token validation failed: user_id=USR5452
LOG0009497,2026-03-04 07:23:20,INFO,auth,User login successful: user_id=USR7800
LOG0003352,2026-03-04 07:23:39,INFO,api_gateway,Request routed to service: inventory-service in 1667ms
LOG0004563,2026-03-04 07:25:51,INFO,database,Backup snapshot completed successfully
LOG0009583,2026-03-04 07:29:05,WARNING,api_gateway,Slow response: GET /api/v1/reports took 198ms
LOG0009772,2026-03-04 07:29:47,INFO,auth,User registered successfully: user_id=USR8810
LOG0009726,2026-03-04 07:35:02,INFO,api_gateway,GET /api/v1/products responded 200 in 3726ms
LOG0001775,2026-03-04 07:37:51,INFO,database,Transaction committed: txn_id=TXN74978
LOG0003647,2026-03-04 07:39:47,WARNING,auth,Password reset requested for user_id=USR4733
LOG0004645,2026-03-04 07:39:58,WARNING,api_gateway,High latency detected on route /api/v1/search: 2938ms
LOG0003792,2026-03-04 07:42:04,INFO,auth,User login successful: user_id=USR1186
LOG0000068,2026-03-04 07:42:51,INFO,database,Connection pool: 26/20 active connections
LOG0006692,2026-03-04 07:45:56,INFO,api_gateway,POST /api/v1/orders responded 201 in 537ms
LOG0007548,2026-03-04 07:52:01,INFO,payment,"Refund issued: order_id=ORD27641 amount=Rp3,299,000"
LOG0001699,2026-03-04 07:57:01,WARNING,database,Long-running transaction detected: txn_id=TXN15733 (582ms)
LOG0000480,2026-03-04 08:00:05,ERROR,payment,Currency conversion error for order_id=ORD79967
LOG0007869,2026-03-04 08:03:21,ERROR,auth,Token validation failed: user_id=USR7172
LOG0002791,2026-03-04 08:04:30,WARNING,auth,Multiple sessions detected for user_id=USR5279
LOG0004608,2026-03-04 08:05:52,INFO,api_gateway,PUT /api/v1/profile responded 200 in 3955ms
LOG0009913,2026-03-04 08:08:08,WARNING,api_gateway,Retry attempt 85 for downstream service user-service
LOG0003760,2026-03-04 08:13:16,ERROR,database,Replication lag exceeded threshold: 793ms behind primary
LOG0003971,2026-03-04 08:14:06,INFO,api_gateway,GET /api/v1/products responded 200 in 4186ms
LOG0005637,2026-03-04 08:23:17,WARNING,api_gateway,Retry attempt 87 for downstream service order-service
LOG0002241,2026-03-04 08:23:38,ERROR,auth,JWT signature mismatch for user_id=USR4363
LOG0007104,2026-03-04 08:23:44,INFO,auth,User login successful: user_id=USR8267
LOG0003200,2026-03-04 08:34:24,ERROR,auth,JWT signature mismatch for user_id=USR5765
LOG0007709,2026-03-04 08:34:45,INFO,auth,Token refreshed for user_id=USR4889
LOG0005098,2026-03-04 08:39:21,INFO,payment,"Refund issued: order_id=ORD15277 amount=Rp84,000"
LOG0000412,2026-03-04 08:48:22,INFO,api_gateway,PUT /api/v1/profile responded 200 in 375ms
LOG0006924,2026-03-04 08:50:08,INFO,api_gateway,Rate limit check passed for client_id=CLI719
LOG0006156,2026-03-04 08:55:26,ERROR,auth,Account locked after 5 failed attempts: user_id=USR6209
LOG0003106,2026-03-04 08:55:42,WARNING,auth,Failed login attempt for user_id=USR3918 (attempt 46/5)
LOG0004554,2026-03-04 08:55:45,INFO,auth,Session created: session_id=SESS64799
LOG0004770,2026-03-04 08:58:12,INFO,database,Transaction committed: txn_id=TXN44232
LOG0007110,2026-03-04 09:02:33,INFO,payment,"Refund issued: order_id=ORD19211 amount=Rp6,201,000"
LOG0003724,2026-03-04 09:04:41,WARNING,database,Slow query detected: 995ms on table=logs
LOG0001457,2026-03-04 09:11:49,ERROR,database,Connection timeout to primary DB host
LOG0005463,2026-03-04 09:13:16,INFO,auth,2FA verification passed: user_id=USR8071
LOG0006917,2026-03-04 09:15:41,INFO,database,Transaction committed: txn_id=TXN33976
LOG0006084,2026-03-04 09:22:53,INFO,database,INSERT INTO orders completed (2915ms)
LOG0001705,2026-03-04 09:22:57,INFO,auth,User login successful: user_id=USR6906
LOG0004167,2026-03-04 09:25:01,INFO,payment,Currency conversion: USD→IDR for order_id=ORD30164
LOG0008953,2026-03-04 09:26:40,INFO,database,Backup snapshot completed successfully
LOG0003203,2026-03-04 09:26:59,INFO,database,Query executed: SELECT users WHERE id=USR1728 (3976ms)
LOG0003027,2026-03-04 09:29:04,INFO,payment,Payment gateway responded OK in 3527ms
LOG0000334,2026-03-04 09:29:48,INFO,api_gateway,GET /api/v1/users responded 200 in 280ms
LOG0005068,2026-03-04 09:31:01,INFO,auth,2FA verification passed: user_id=USR1611
LOG0007217,2026-03-04 09:35:58,INFO,payment,Payment gateway responded OK in 3574ms
LOG0008459,2026-03-04 09:39:16,INFO,payment,Subscription renewed: user_id=USR2319
LOG0000353,2026-03-04 09:43:02,INFO,database,Cache hit ratio: 57% for last 5 minutes
LOG0000150,2026-03-04 09:43:03,WARNING,database,Index miss on table=events: consider reindexing
LOG0004524,2026-03-04 09:48:06,INFO,api_gateway,GET /api/v1/users responded 200 in 50ms
LOG0009280,2026-03-04 09:48:57,INFO,auth,2FA verification passed: user_id=USR8063
LOG0003631,2026-03-04 09:57:16,INFO,auth,Password changed for user_id=USR4961
LOG0000643,2026-03-04 09:57:25,WARNING,database,Slow query detected: 1847ms on table=logs
LOG0009301,2026-03-04 09:57:49,INFO,payment,Currency conversion: USD→IDR for order_id=ORD36635
LOG0007341,2026-03-04 10:02:35,ERROR,payment,Payment gateway timeout after 974ms: order_id=ORD38984
LOG0009654,2026-03-04 10:02:35,INFO,payment,Subscription renewed: user_id=USR8834
LOG0006850,2026-03-04 10:02:51,INFO,api_gateway,DELETE /api/v1/item/INV16081 responded 204 in 140ms
LOG0005392,2026-03-04 10:06:05,ERROR,payment,Payment failed: order_id=ORD45412 reason=insufficient_funds
LOG0009763,2026-03-04 10:06:45,INFO,api_gateway,DELETE /api/v1/item/INV64068 responded 204 in 512ms
LOG0001380,2026-03-04 10:09:19,WARNING,payment,Payment retry attempt 39/3 for order_id=ORD71086
LOG0001186,2026-03-04 10:10:12,ERROR,payment,Webhook delivery failed after 3 retries
LOG0001639,2026-03-04 10:13:51,WARNING,payment,Payment retry attempt 96/3 for order_id=ORD58341
LOG0004955,2026-03-04 10:19:23,INFO,api_gateway,Request routed to service: user-service in 3345ms
LOG0006803,2026-03-04 10:37:39,WARNING,payment,Suspicious transaction flagged: order_id=ORD91357
LOG0007347,2026-03-04 10:40:17,WARNING,payment,Payment provider response slow: 2822ms
LOG0003429,2026-03-04 10:42:59,WARNING,database,Long-running transaction detected: txn_id=TXN81596 (3760ms)
LOG0008385,2026-03-04 10:44:00,WARNING,payment,Card expiry warning for user_id=USR1017
LOG0005491,2026-03-04 10:53:42,INFO,payment,"Refund issued: order_id=ORD64312 amount=Rp6,271,000"
LOG0002063,2026-03-04 10:55:13,WARNING,auth,Password reset requested for user_id=USR1002
LOG0003969,2026-03-04 10:56:17,WARNING,payment,Payment provider response slow: 357ms
LOG0000758,2026-03-04 10:58:06,INFO,payment,Currency conversion: USD→IDR for order_id=ORD96732
LOG0008704,2026-03-04 10:58:18,INFO,database,Transaction committed: txn_id=TXN50832
LOG0006564,2026-03-04 11:11:36,INFO,database,Query executed: SELECT users WHERE id=USR2970 (687ms)
LOG0009297,2026-03-04 11:15:15,INFO,api_gateway,GET /api/v1/products responded 200 in 3248ms
LOG0001087,2026-03-04 11:17:31,WARNING,payment,High transaction volume: 88 TPS (threshold: 50 TPS)
LOG0002379,2026-03-04 11:25:10,INFO,auth,Session created: session_id=SESS95706
LOG0005337,2026-03-04 11:26:56,INFO,auth,Session created: session_id=SESS13186
LOG0004491,2026-03-04 11:28:07,INFO,auth,User registered successfully: user_id=USR6757
LOG0003271,2026-03-04 11:29:30,INFO,auth,User login successful: user_id=USR1054
LOG0006783,2026-03-04 11:31:19,INFO,database,Query executed: SELECT users WHERE id=USR7380 (2442ms)
LOG0006586,2026-03-04 11:39:34,WARNING,auth,Unusual login location detected: user_id=USR3352
LOG0006010,2026-03-04 11:44:28,INFO,api_gateway,GET /api/v1/products responded 200 in 3190ms
LOG0000392,2026-03-04 11:45:00,INFO,api_gateway,DELETE /api/v1/item/INV91364 responded 204 in 1456ms
LOG0009999,2026-03-04 11:48:42,ERROR,auth,Session expired: user_id=USR9800
LOG0001123,2026-03-04 11:54:16,INFO,auth,User registered successfully: user_id=USR5810
LOG0000596,2026-03-04 11:54:31,INFO,database,Index hit on table=products query (754ms)
LOG0000041,2026-03-04 11:57:00,ERROR,api_gateway,POST /api/v1/payment returned 500 after 3822ms
LOG0001748,2026-03-04 12:08:24,ERROR,auth,Account locked after 5 failed attempts: user_id=USR9546
LOG0002925,2026-03-04 12:09:23,INFO,auth,Token generated for user_id=USR7562
LOG0003808,2026-03-04 12:11:05,WARNING,auth,Failed login attempt for user_id=USR1095 (attempt 14/5)
LOG0003633,2026-03-04 12:11:22,WARNING,database,Slow query detected: 1843ms on table=logs
LOG0004426,2026-03-04 12:11:43,INFO,payment,Invoice generated: invoice_id=INV87965
LOG0001382,2026-03-04 12:12:05,ERROR,database,Query failed: syntax error near 'SELCT'
LOG0005587,2026-03-04 12:12:27,INFO,api_gateway,Request routed to service: order-service in 2909ms
LOG0001129,2026-03-04 12:13:40,ERROR,payment,Currency conversion error for order_id=ORD84276
LOG0005800,2026-03-04 12:15:47,INFO,auth,Token refreshed for user_id=USR7362
LOG0008341,2026-03-04 12:16:10,INFO,api_gateway,Rate limit check passed for client_id=CLI699
LOG0004412,2026-03-04 12:16:55,INFO,database,Index hit on table=products query (3564ms)
LOG0000765,2026-03-04 12:24:49,INFO,database,INSERT INTO orders completed (1235ms)
LOG0001565,2026-03-04 12:25:28,INFO,database,Cache hit ratio: 39% for last 5 minutes
LOG0001861,2026-03-04 12:27:45,INFO,database,Backup snapshot completed successfully
LOG0005573,2026-03-04 12:29:38,INFO,auth,User login successful: user_id=USR2414
LOG0001521,2026-03-04 12:31:21,INFO,payment,Webhook received from payment provider: status=SUCCESS
LOG0000735,2026-03-04 12:45:17,INFO,auth,Password changed for user_id=USR9810
LOG0003626,2026-03-04 12:45:30,INFO,database,Transaction committed: txn_id=TXN19993
LOG0007314,2026-03-04 12:51:45,ERROR,api_gateway,Upstream service user-service unreachable: connection timeout
LOG0001385,2026-03-04 13:02:41,INFO,database,INSERT INTO orders completed (3595ms)
LOG0008659,2026-03-04 13:03:47,INFO,database,Connection pool: 46/20 active connections
LOG0006414,2026-03-04 13:04:55,INFO,payment,Payment gateway responded OK in 1357ms
LOG0008898,2026-03-04 13:06:38,INFO,payment,Invoice generated: invoice_id=INV42554
LOG0004305,2026-03-04 13:11:47,INFO,payment,"Refund issued: order_id=ORD47522 amount=Rp904,000"
LOG0006042,2026-03-04 13:12:28,INFO,auth,2FA verification passed: user_id=USR8668
LOG0001904,2026-03-04 13:15:36,WARNING,auth,Failed login attempt for user_id=USR4475 (attempt 22/5)
LOG0002210,2026-03-04 13:17:15,INFO,auth,Password changed for user_id=USR7348
LOG0006943,2026-03-04 13:22:40,INFO,payment,Invoice generated: invoice_id=INV51434
LOG0003656,2026-03-04 13:24:29,INFO,auth,Token refreshed for user_id=USR8412
LOG0005300,2026-03-04 13:33:02,INFO,payment,Invoice generated: invoice_id=INV93854
LOG0009462,2026-03-04 13:35:59,INFO,database,Cache hit ratio: 13% for last 5 minutes
LOG0008943,2026-03-04 13:37:21,WARNING,database,Index miss on table=events: consider reindexing
LOG0007448,2026-03-04 13:46:22,INFO,auth,Password changed for user_id=USR7082
LOG0001744,2026-03-04 13:47:38,WARNING,api_gateway,Deprecated endpoint called: /api/v0/users by client_id=CLI337
LOG0000449,2026-03-04 13:50:07,WARNING,database,Slow query detected: 4324ms on table=logs
LOG0009282,2026-03-04 13:50:11,INFO,auth,Token generated for user_id=USR2731
LOG0007991,2026-03-04 13:52:17,INFO,auth,Session created: session_id=SESS35831
LOG0009015,2026-03-04 13:57:10,INFO,auth,2FA verification passed: user_id=USR6964
LOG0003611,2026-03-04 13:58:45,INFO,auth,Session created: session_id=SESS87320
LOG0006409,2026-03-04 14:00:22,ERROR,database,Replication lag exceeded threshold: 2442ms behind primary
LOG0004835,2026-03-04 14:02:26,INFO,auth,User logout: user_id=USR3673
LOG0000337,2026-03-04 14:02:38,INFO,payment,"Refund issued: order_id=ORD26886 amount=Rp8,808,000"
LOG0003170,2026-03-04 14:06:02,INFO,payment,Webhook received from payment provider: status=SUCCESS
LOG0000018,2026-03-04 14:07:06,WARNING,api_gateway,Retry attempt 92 for downstream service order-service
LOG0000655,2026-03-04 14:07:11,INFO,api_gateway,Request routed to service: order-service in 552ms
LOG0004286,2026-03-04 14:15:02,INFO,auth,Password changed for user_id=USR5280
LOG0002774,2026-03-04 14:16:39,ERROR,payment,Currency conversion error for order_id=ORD71871
LOG0005861,2026-03-04 14:17:06,INFO,database,Connection pool: 63/20 active connections
LOG0002151,2026-03-04 14:18:06,INFO,auth,User registered successfully: user_id=USR2265
LOG0006796,2026-03-04 14:19:57,INFO,payment,"Payment processed: order_id=ORD58987 amount=Rp6,107,000"
LOG0006401,2026-03-04 14:23:46,INFO,api_gateway,PUT /api/v1/profile responded 200 in 973ms
LOG0008334,2026-03-04 14:27:10,INFO,api_gateway,POST /api/v1/orders responded 201 in 2264ms
LOG0004026,2026-03-04 14:28:49,INFO,payment,Payment gateway responded OK in 3376ms
LOG0007985,2026-03-04 14:31:38,INFO,api_gateway,GET /api/v1/users responded 200 in 1397ms
LOG0008785,2026-03-04 14:32:24,WARNING,database,Connection pool usage high: 76/20 connections
LOG0001339,2026-03-04 14:49:47,INFO,database,Connection pool: 44/20 active connections
LOG0006051,2026-03-04 14:55:32,ERROR,api_gateway,Invalid request schema on POST /api/v1/orders
LOG0007747,2026-03-04 15:00:12,WARNING,auth,Unusual login location detected: user_id=USR8122
LOG0004749,2026-03-04 15:01:00,ERROR,api_gateway,POST /api/v1/payment returned 500 after 1885ms
LOG0001253,2026-03-04 15:18:47,INFO,api_gateway,Rate limit check passed for client_id=CLI128
LOG0005283,2026-03-04 15:18:56,INFO,database,Backup snapshot completed successfully
LOG0005421,2026-03-04 15:22:23,WARNING,payment,Suspicious transaction flagged: order_id=ORD88061
LOG0006806,2026-03-04 15:23:11,INFO,payment,Payment gateway responded OK in 3788ms
LOG0006066,2026-03-04 15:23:20,INFO,payment,Invoice generated: invoice_id=INV40995
LOG0002977,2026-03-04 15:24:06,INFO,auth,Token refreshed for user_id=USR1588
LOG0005346,2026-03-04 15:25:23,INFO,auth,Token generated for user_id=USR4637
LOG0009442,2026-03-04 15:27:40,INFO,database,Cache hit ratio: 36% for last 5 minutes
LOG0009998,2026-03-04 15:30:42,WARNING,api_gateway,Deprecated endpoint called: /api/v0/users by client_id=CLI858
LOG0000087,2026-03-04 15:31:19,INFO,database,INSERT INTO orders completed (1351ms)
LOG0000081,2026-03-04 15:33:43,INFO,database,Query executed: SELECT users WHERE id=USR3993 (2133ms)
LOG0000224,2026-03-04 15:35:30,INFO,payment,"Refund issued: order_id=ORD99383 amount=Rp2,667,000"
LOG0005441,2026-03-04 15:38:24,INFO,auth,Session created: session_id=SESS65786
LOG0006382,2026-03-04 15:39:59,INFO,api_gateway,POST /api/v1/orders responded 201 in 1524ms
LOG0005195,2026-03-04 15:41:40,INFO,database,Transaction committed: txn_id=TXN88585
LOG0003136,2026-03-04 15:42:24,INFO,payment,Webhook received from payment provider: status=SUCCESS
LOG0000550,2026-03-04 15:43:07,INFO,database,Cache hit ratio: 74% for last 5 minutes
LOG0006951,2026-03-04 15:43:30,INFO,database,Index hit on table=products query (1859ms)
LOG0008086,2026-03-04 15:46:11,INFO,auth,User registered successfully: user_id=USR3931
LOG0004347,2026-03-04 15:48:35,INFO,api_gateway,PUT /api/v1/profile responded 200 in 1550ms
LOG0008633,2026-03-04 15:51:56,INFO,database,Transaction committed: txn_id=TXN95973
LOG0005353,2026-03-04 15:54:03,INFO,database,Query executed: SELECT users WHERE id=USR4458 (1077ms)
LOG0002320,2026-03-04 16:02:32,INFO,auth,Session created: session_id=SESS68840
LOG0002195,2026-03-04 16:10:29,INFO,payment,"Refund issued: order_id=ORD25136 amount=Rp8,229,000"
LOG0001540,2026-03-04 16:12:17,INFO,auth,Password changed for user_id=USR1268
LOG0006671,2026-03-04 16:13:28,INFO,api_gateway,DELETE /api/v1/item/INV27151 responded 204 in 2745ms
LOG0007951,2026-03-04 16:13:41,INFO,auth,Token generated for user_id=USR9121
LOG0009649,2026-03-04 16:17:39,INFO,payment,Subscription renewed: user_id=USR3455
LOG0009165,2026-03-04 16:17:54,ERROR,auth,Session expired: user_id=USR2406
LOG0006949,2026-03-04 16:19:28,INFO,payment,Webhook received from payment provider: status=SUCCESS
LOG0004638,2026-03-04 16:23:14,INFO,database,Query executed: SELECT users WHERE id=USR1744 (567ms)
LOG0006018,2026-03-04 16:23:28,INFO,database,Query executed: SELECT users WHERE id=USR3173 (2515ms)
LOG0000158,2026-03-04 16:25:46,WARNING,payment,High transaction volume: 62 TPS (threshold: 50 TPS)
LOG0001193,2026-03-04 16:37:04,WARNING,database,Table=orders approaching max size: 7% capacity
LOG0001739,2026-03-04 16:39:51,INFO,auth,User login successful: user_id=USR4002
LOG0002995,2026-03-04 16:44:39,INFO,api_gateway,Request routed to service: user-service in 2691ms
LOG0004847,2026-03-04 16:45:16,WARNING,payment,Payment provider response slow: 4121ms
LOG0001213,2026-03-04 16:45:29,INFO,payment,"Payment processed: order_id=ORD94550 amount=Rp8,248,000"
LOG0004819,2026-03-04 16:47:31,INFO,auth,User logout: user_id=USR7891
LOG0005655,2026-03-04 16:53:03,ERROR,api_gateway,Invalid request schema on POST /api/v1/orders
LOG0007172,2026-03-04 16:55:06,INFO,api_gateway,PUT /api/v1/profile responded 200 in 2441ms
LOG0004540,2026-03-04 16:56:07,INFO,auth,Token refreshed for user_id=USR7871
LOG0002542,2026-03-04 17:01:30,ERROR,database,Disk usage critical: 49% on /var/lib/postgres
LOG0000773,2026-03-04 17:08:48,INFO,auth,Password changed for user_id=USR6853
LOG0009348,2026-03-04 17:13:26,INFO,auth,Token refreshed for user_id=USR3409
LOG0000277,2026-03-04 17:14:14,INFO,api_gateway,Request routed to service: inventory-service in 522ms
LOG0007799,2026-03-04 17:16:22,WARNING,auth,Failed login attempt for user_id=USR1549 (attempt 99/5)
LOG0001391,2026-03-04 17:17:15,INFO,api_gateway,Request routed to service: inventory-service in 3317ms
LOG0008866,2026-03-04 17:28:23,INFO,payment,"Refund issued: order_id=ORD61927 amount=Rp6,835,000"
LOG0005761,2026-03-04 17:29:28,INFO,api_gateway,PUT /api/v1/profile responded 200 in 2872ms
LOG0008254,2026-03-04 17:29:45,WARNING,auth,Failed login attempt for user_id=USR5911 (attempt 41/5)
LOG0004799,2026-03-04 17:30:29,INFO,auth,Token generated for user_id=USR1814
LOG0003430,2026-03-04 17:31:12,ERROR,payment,Webhook delivery failed after 3 retries
LOG0001559,2026-03-04 17:31:33,WARNING,database,Slow query detected: 215ms on table=logs
LOG0006555,2026-03-04 17:31:34,INFO,auth,User login successful: user_id=USR8920
LOG0007640,2026-03-04 17:31:47,WARNING,api_gateway,Deprecated endpoint called: /api/v0/users by client_id=CLI694
LOG0003599,2026-03-04 17:39:18,INFO,database,Query executed: SELECT users WHERE id=USR5124 (997ms)
LOG0004133,2026-03-04 17:45:47,INFO,auth,User registered successfully: user_id=USR1742
LOG0005602,2026-03-04 17:46:07,INFO,auth,Password changed for user_id=USR4497
LOG0006945,2026-03-04 17:47:30,INFO,auth,Password changed for user_id=USR3476
LOG0006317,2026-03-04 17:51:46,INFO,payment,Payment gateway responded OK in 2534ms
LOG0000903,2026-03-04 17:53:01,INFO,api_gateway,GET /api/v1/products responded 200 in 3059ms
LOG0005406,2026-03-04 17:53:02,INFO,auth,User login successful: user_id=USR4112
LOG0002382,2026-03-04 17:56:31,INFO,auth,Token refreshed for user_id=USR5710
LOG0007446,2026-03-04 17:57:34,INFO,payment,Payment gateway responded OK in 628ms
LOG0001023,2026-03-04 17:59:24,INFO,payment,Invoice generated: invoice_id=INV31069
LOG0003446,2026-03-04 18:00:04,INFO,api_gateway,DELETE /api/v1/item/INV97835 responded 204 in 3650ms
LOG0000434,2026-03-04 18:03:52,INFO,auth,Password changed for user_id=USR5431
LOG0000889,2026-03-04 18:06:00,WARNING,database,Long-running transaction detected: txn_id=TXN81690 (1235ms)
LOG0004614,2026-03-04 18:08:26,INFO,payment,"Payment processed: order_id=ORD16841 amount=Rp661,000"
LOG0000921,2026-03-04 18:08:54,WARNING,payment,Payment provider response slow: 101ms
LOG0004919,2026-03-04 18:09:14,INFO,payment,Currency conversion: USD→IDR for order_id=ORD20576
LOG0001587,2026-03-04 18:11:04,INFO,auth,User registered successfully: user_id=USR3120
LOG0000387,2026-03-04 18:14:36,INFO,payment,"Refund issued: order_id=ORD17151 amount=Rp8,448,000"
LOG0005069,2026-03-04 18:20:56,INFO,api_gateway,GET /api/v1/products responded 200 in 3045ms
LOG0001342,2026-03-04 18:21:31,INFO,auth,User registered successfully: user_id=USR6391
LOG0000638,2026-03-04 18:26:59,INFO,auth,User login successful: user_id=USR1262
LOG0009071,2026-03-04 18:32:39,WARNING,database,Table=orders approaching max size: 68% capacity
LOG0006673,2026-03-04 18:41:12,WARNING,api_gateway,Retry attempt 20 for downstream service inventory-service
LOG0009573,2026-03-04 18:48:00,INFO,auth,User login successful: user_id=USR7631
LOG0005366,2026-03-04 18:50:14,ERROR,database,Deadlock detected on table=orders: txn_id=TXN70994
LOG0001936,2026-03-04 18:51:07,WARNING,payment,High transaction volume: 55 TPS (threshold: 50 TPS)
LOG0005459,2026-03-04 19:03:20,INFO,auth,Token generated for user_id=USR5018
LOG0000425,2026-03-04 19:03:40,INFO,api_gateway,GET /api/v1/users responded 200 in 2923ms
LOG0004558,2026-03-04 19:05:23,WARNING,payment,Payment retry attempt 28/3 for order_id=ORD91774
LOG0009816,2026-03-04 19:06:09,INFO,database,Connection pool: 2/20 active connections
LOG0007231,2026-03-04 19:09:37,INFO,api_gateway,DELETE /api/v1/item/INV35305 responded 204 in 3666ms
LOG0006743,2026-03-04 19:10:47,WARNING,payment,High transaction volume: 71 TPS (threshold: 50 TPS)
LOG0009378,2026-03-04 19:19:54,INFO,api_gateway,DELETE /api/v1/item/INV43428 responded 204 in 1339ms
LOG0009284,2026-03-04 19:20:42,ERROR,api_gateway,Circuit breaker OPEN for service: user-service
LOG0007380,2026-03-04 19:25:24,INFO,auth,Session created: session_id=SESS54620
LOG0003054,2026-03-04 19:41:02,WARNING,api_gateway,Rate limit approaching for client_id=CLI278: 24/100 req/min
LOG0009126,2026-03-04 19:41:10,INFO,payment,Currency conversion: USD→IDR for order_id=ORD34057
LOG0000572,2026-03-04 19:42:02,ERROR,api_gateway,Invalid request schema on POST /api/v1/orders
LOG0003532,2026-03-04 19:43:05,ERROR,database,Query failed: syntax error near 'SELCT'
LOG0007834,2026-03-04 19:52:28,INFO,database,Transaction committed: txn_id=TXN45223
LOG0006782,2026-03-04 19:54:25,WARNING,api_gateway,Rate limit approaching for client_id=CLI176: 18/100 req/min
LOG0003466,2026-03-04 19:55:55,ERROR,auth,Session expired: user_id=USR1552
LOG0007064,2026-03-04 20:04:36,WARNING,api_gateway,Retry attempt 13 for downstream service inventory-service
LOG0008914,2026-03-04 20:08:52,INFO,auth,2FA verification passed: user_id=USR3905
LOG0001545,2026-03-04 20:09:43,INFO,api_gateway,GET /api/v1/products responded 200 in 124ms
LOG0000361,2026-03-04 20:10:09,INFO,payment,Currency conversion: USD→IDR for order_id=ORD44754
LOG0009166,2026-03-04 20:10:41,WARNING,payment,High transaction volume: 6 TPS (threshold: 50 TPS)
LOG0006513,2026-03-04 20:13:04,INFO,database,Cache hit ratio: 68% for last 5 minutes
LOG0006818,2026-03-04 20:18:40,ERROR,auth,Invalid credentials for user_id=USR3802
LOG0007849,2026-03-04 20:27:23,INFO,api_gateway,POST /api/v1/orders responded 201 in 2161ms
LOG0008539,2026-03-04 20:33:58,WARNING,payment,Suspicious transaction flagged: order_id=ORD33397
LOG0002025,2026-03-04 20:35:51,INFO,database,Backup snapshot completed successfully
LOG0004720,2026-03-04 20:40:27,INFO,api_gateway,DELETE /api/v1/item/INV50100 responded 204 in 3340ms
LOG0001082,2026-03-04 20:40:37,INFO,database,Index hit on table=products query (874ms)
LOG0003541,2026-03-04 20:41:21,INFO,api_gateway,POST /api/v1/orders responded 201 in 3692ms
LOG0004136,2026-03-04 20:44:11,INFO,database,Index hit on table=products query (4477ms)
LOG0007591,2026-03-04 20:48:24,ERROR,database,Disk usage critical: 44% on /var/lib/postgres
LOG0005946,2026-03-04 20:52:09,INFO,auth,Session created: session_id=SESS80198
LOG0001676,2026-03-04 20:53:43,WARNING,auth,Token expiring soon for user_id=USR9415
LOG0000646,2026-03-04 20:55:12,WARNING,payment,High transaction volume: 73 TPS (threshold: 50 TPS)
LOG0007297,2026-03-04 20:57:10,INFO,api_gateway,GET /api/v1/products responded 200 in 875ms
LOG0009988,2026-03-04 21:00:31,ERROR,api_gateway,Upstream service inventory-service unreachable: connection timeout
LOG0002555,2026-03-04 21:01:47,INFO,auth,Token generated for user_id=USR2930
LOG0008125,2026-03-04 21:01:51,ERROR,database,Deadlock detected on table=orders: txn_id=TXN70966
LOG0002675,2026-03-04 21:02:59,INFO,payment,"Refund issued: order_id=ORD86225 amount=Rp9,559,000"
LOG0008882,2026-03-04 21:06:14,INFO,database,Cache hit ratio: 78% for last 5 minutes
LOG0002019,2026-03-04 21:10:36,INFO,api_gateway,POST /api/v1/orders responded 201 in 2860ms
LOG0002465,2026-03-04 21:10:52,INFO,api_gateway,DELETE /api/v1/item/INV90719 responded 204 in 2929ms
LOG0009834,2026-03-04 21:11:19,INFO,api_gateway,GET /api/v1/products responded 200 in 1133ms
LOG0001523,2026-03-04 21:11:37,INFO,auth,Session created: session_id=SESS64314
LOG0001407,2026-03-04 21:11:50,INFO,api_gateway,POST /api/v1/orders responded 201 in 1914ms
LOG0004523,2026-03-04 21:14:27,INFO,auth,Token refreshed for user_id=USR2422
LOG0003264,2026-03-04 21:16:49,INFO,payment,Subscription renewed: user_id=USR8176
LOG0007867,2026-03-04 21:21:00,INFO,api_gateway,GET /api/v1/products responded 200 in 3938ms
LOG0000986,2026-03-04 21:23:36,INFO,api_gateway,PUT /api/v1/profile responded 200 in 1659ms
LOG0003340,2026-03-04 21:23:40,INFO,database,INSERT INTO orders completed (2624ms)
LOG0000144,2026-03-04 21:28:57,INFO,database,Transaction committed: txn_id=TXN22637
LOG0009780,2026-03-04 21:30:39,INFO,payment,Webhook received from payment provider: status=SUCCESS
LOG0007788,2026-03-04 21:31:31,INFO,auth,User login successful: user_id=USR2909
LOG0003187,2026-03-04 21:36:56,ERROR,payment,Payment gateway timeout after 3730ms: order_id=ORD51488
LOG0009311,2026-03-04 21:38:47,INFO,payment,Invoice generated: invoice_id=INV16019
LOG0001026,2026-03-04 21:47:14,INFO,auth,User login successful: user_id=USR5113
LOG0000746,2026-03-04 21:52:54,WARNING,database,Index miss on table=events: consider reindexing
LOG0002336,2026-03-04 21:53:36,WARNING,auth,Unusual login location detected: user_id=USR8696
LOG0006591,2026-03-04 21:59:30,INFO,api_gateway,POST /api/v1/orders responded 201 in 4396ms
LOG0003465,2026-03-04 21:59:48,INFO,database,Cache hit ratio: 83% for last 5 minutes
LOG0006869,2026-03-04 22:12:59,INFO,payment,Invoice generated: invoice_id=INV80534
LOG0004245,2026-03-04 22:14:48,WARNING,payment,Payment retry attempt 50/3 for order_id=ORD55795
LOG0007675,2026-03-04 22:15:07,WARNING,database,Long-running transaction detected: txn_id=TXN90816 (3966ms)
LOG0006406,2026-03-04 22:18:52,INFO,database,Index hit on table=products query (2675ms)
LOG0005168,2026-03-04 22:19:22,INFO,auth,Session created: session_id=SESS35514
LOG0001433,2026-03-04 22:24:16,WARNING,auth,Failed login attempt for user_id=USR9894 (attempt 17/5)
LOG0008015,2026-03-04 22:34:11,INFO,payment,Webhook received from payment provider: status=SUCCESS
LOG0008245,2026-03-04 22:59:34,INFO,payment,Currency conversion: USD→IDR for order_id=ORD24498
LOG0004996,2026-03-04 23:04:59,ERROR,auth,Token validation failed: user_id=USR1215
LOG0006091,2026-03-04 23:09:38,INFO,database,Query executed: SELECT users WHERE id=USR7047 (1004ms)
LOG0007215,2026-03-04 23:15:06,INFO,api_gateway,GET /api/v1/products responded 200 in 2413ms
LOG0008573,2026-03-04 23:15:22,ERROR,auth,Session expired: user_id=USR7445
LOG0009432,2026-03-04 23:29:08,INFO,auth,User logout: user_id=USR1778
LOG0001636,2026-03-04 23:32:53,WARNING,api_gateway,High latency detected on route /api/v1/search: 4129ms
LOG0005924,2026-03-04 23:33:44,INFO,database,INSERT INTO orders completed (2788ms)
LOG0007350,2026-03-04 23:35:26,INFO,database,Index hit on table=products query (3741ms)
LOG0005673,2026-03-04 23:42:47,INFO,payment,Payment gateway responded OK in 2570ms
LOG0008485,2026-03-04 23:43:38,INFO,auth,Session created: session_id=SESS50018
LOG0008624,2026-03-04 23:49:58,INFO,api_gateway,GET /api/v1/users responded 200 in 3177ms
LOG0005169,2026-03-04 23:51:59,WARNING,database,Slow query detected: 4399ms on table=logs
LOG0009447,2026-03-04 23:52:07,INFO,database,Backup snapshot completed successfully
LOG0005517,2026-03-04 23:53:39,INFO,api_gateway,GET /api/v1/products responded 200 in 846ms
LOG0008314,2026-03-04 23:53:56,WARNING,database,Index miss on table=events: consider reindexing
LOG0006701,2026-03-04 23:54:35,INFO,auth,User registered successfully: user_id=USR1823
LOG0004724,2026-03-04 23:55:42,INFO,database,INSERT INTO orders completed (3313ms)
LOG0007238,2026-03-04 23:56:37,ERROR,auth,Token validation failed: user_id=USR6078
LOG0004254,2026-03-05 00:02:44,INFO,api_gateway,Request routed to service: user-service in 1372ms
LOG0003002,2026-03-05 00:03:02,INFO,database,Index hit on table=products query (2061ms)
LOG0006941,2026-03-05 00:12:18,WARNING,api_gateway,Deprecated endpoint called: /api/v0/users by client_id=CLI742
LOG0002577,2026-03-05 00:13:20,INFO,database,Connection pool: 2/20 active connections
LOG0008958,2026-03-05 00:14:52,INFO,auth,User registered successfully: user_id=USR7834
LOG0003166,2026-03-05 00:17:20,WARNING,payment,Payment provider response slow: 1478ms
LOG0002355,2026-03-05 00:24:22,INFO,api_gateway,GET /api/v1/users responded 200 in 1016ms
LOG0008468,2026-03-05 00:31:17,INFO,database,Index hit on table=products query (581ms)
LOG0001487,2026-03-05 00:34:58,WARNING,api_gateway,Deprecated endpoint called: /api/v0/users by client_id=CLI640
LOG0007841,2026-03-05 00:36:55,INFO,api_gateway,GET /api/v1/products responded 200 in 481ms
LOG0007472,2026-03-05 00:39:30,WARNING,auth,Token expiring soon for user_id=USR6929
LOG0004783,2026-03-05 00:45:01,INFO,database,Query executed: SELECT users WHERE id=USR1937 (464ms)
LOG0008772,2026-03-05 00:50:01,ERROR,database,Query failed: syntax error near 'SELCT'
LOG0009720,2026-03-05 00:51:04,INFO,auth,User login successful: user_id=USR7993
LOG0000698,2026-03-05 00:53:26,INFO,database,INSERT INTO orders completed (3054ms)
LOG0001752,2026-03-05 00:55:28,INFO,payment,"Refund issued: order_id=ORD57399 amount=Rp8,465,000"
LOG0002913,2026-03-05 00:57:28,INFO,database,Query executed: SELECT users WHERE id=USR7346 (726ms)
LOG0002622,2026-03-05 00:58:45,INFO,database,Backup snapshot completed successfully
LOG0005446,2026-03-05 00:58:47,WARNING,api_gateway,Retry attempt 77 for downstream service inventory-service
LOG0007740,2026-03-05 01:01:01,WARNING,database,Connection pool usage high: 17/20 connections
LOG0004326,2026-03-05 01:06:22,ERROR,api_gateway,Rate limit exceeded for client_id=CLI988
LOG0003673,2026-03-05 01:07:44,INFO,database,INSERT INTO orders completed (3000ms)
LOG0002556,2026-03-05 01:08:53,INFO,payment,Invoice generated: invoice_id=INV36353
LOG0006054,2026-03-05 01:10:56,INFO,api_gateway,Request routed to service: user-service in 314ms
LOG0004511,2026-03-05 01:16:15,INFO,auth,Token generated for user_id=USR2931
LOG0006315,2026-03-05 01:17:25,INFO,payment,Payment gateway responded OK in 217ms
LOG0009567,2026-03-05 01:17:44,INFO,api_gateway,DELETE /api/v1/item/INV71511 responded 204 in 3213ms
LOG0002396,2026-03-05 01:20:02,INFO,payment,"Payment processed: order_id=ORD36085 amount=Rp4,460,000"
LOG0007852,2026-03-05 01:21:45,INFO,database,Cache hit ratio: 17% for last 5 minutes
LOG0003635,2026-03-05 01:24:08,ERROR,database,Query failed: syntax error near 'SELCT'
LOG0001966,2026-03-05 01:24:30,INFO,payment,"Payment processed: order_id=ORD32332 amount=Rp179,000"
LOG0001571,2026-03-05 01:30:13,ERROR,database,Deadlock detected on table=orders: txn_id=TXN73244
LOG0000135,2026-03-05 01:35:06,INFO,api_gateway,PUT /api/v1/profile responded 200 in 3265ms
LOG0007528,2026-03-05 01:35:34,INFO,database,Connection pool: 76/20 active connections
LOG0003011,2026-03-05 01:47:29,INFO,payment,Payment gateway responded OK in 4417ms
LOG0002820,2026-03-05 01:47:35,INFO,api_gateway,Request routed to service: inventory-service in 4054ms
LOG0000196,2026-03-05 01:50:43,INFO,payment,Subscription renewed: user_id=USR5363
LOG0001290,2026-03-05 01:56:06,WARNING,database,Long-running transaction detected: txn_id=TXN93666 (792ms)
LOG0002642,2026-03-05 01:59:22,WARNING,payment,Suspicious transaction flagged: order_id=ORD65367
LOG0002461,2026-03-05 02:07:31,INFO,database,Index hit on table=products query (640ms)
LOG0005359,2026-03-05 02:11:08,INFO,api_gateway,GET /api/v1/products responded 200 in 2872ms
LOG0007918,2026-03-05 02:11:09,INFO,database,Cache hit ratio: 99% for last 5 minutes
LOG0004190,2026-03-05 02:12:27,INFO,api_gateway,DELETE /api/v1/item/INV53833 responded 204 in 284ms
LOG0000445,2026-03-05 02:13:58,INFO,api_gateway,GET /api/v1/users responded 200 in 477ms
LOG0009286,2026-03-05 02:17:12,INFO,database,Transaction committed: txn_id=TXN49515
LOG0000436,2026-03-05 02:17:35,INFO,payment,Webhook received from payment provider: status=SUCCESS
LOG0001291,2026-03-05 02:18:11,INFO,api_gateway,GET /api/v1/products responded 200 in 2257ms
LOG0008731,2026-03-05 02:22:47,INFO,payment,"Refund issued: order_id=ORD32556 amount=Rp7,457,000"
LOG0007998,2026-03-05 02:23:12,WARNING,auth,Failed login attempt for user_id=USR1739 (attempt 19/5)
LOG0008287,2026-03-05 02:25:46,INFO,payment,Invoice generated: invoice_id=INV63303
LOG0008221,2026-03-05 02:28:22,INFO,payment,Webhook received from payment provider: status=SUCCESS
LOG0000872,2026-03-05 02:40:38,WARNING,api_gateway,Deprecated endpoint called: /api/v0/users by client_id=CLI182
LOG0008829,2026-03-05 02:42:56,WARNING,auth,Password reset requested for user_id=USR1257
LOG0006795,2026-03-05 02:43:18,INFO,payment,Invoice generated: invoice_id=INV48400
LOG0002095,2026-03-05 02:53:48,INFO,payment,"Refund issued: order_id=ORD37594 amount=Rp8,238,000"
LOG0007188,2026-03-05 02:54:07,INFO,api_gateway,GET /api/v1/products responded 200 in 4025ms
LOG0005951,2026-03-05 02:54:28,WARNING,auth,Token expiring soon for user_id=USR5774
LOG0001494,2026-03-05 02:55:02,INFO,payment,Invoice generated: invoice_id=INV91257
LOG0000548,2026-03-05 03:04:56,INFO,auth,Token generated for user_id=USR9486
LOG0003766,2026-03-05 03:05:59,ERROR,api_gateway,Upstream service order-service unreachable: connection timeout
LOG0006615,2026-03-05 03:08:24,WARNING,database,Slow query detected: 2505ms on table=logs
LOG0002740,2026-03-05 03:12:24,WARNING,auth,Unusual login location detected: user_id=USR5013
LOG0003516,2026-03-05 03:14:56,INFO,database,Connection pool: 15/20 active connections
LOG0005976,2026-03-05 03:15:00,INFO,auth,Token refreshed for user_id=USR3337
LOG0008783,2026-03-05 03:20:11,INFO,api_gateway,PUT /api/v1/profile responded 200 in 2950ms
LOG0007713,2026-03-05 03:20:18,INFO,api_gateway,GET /api/v1/products responded 200 in 563ms
LOG0004675,2026-03-05 03:22:23,ERROR,api_gateway,Upstream service order-service unreachable: connection timeout
LOG0000340,2026-03-05 03:23:21,INFO,api_gateway,DELETE /api/v1/item/INV49143 responded 204 in 536ms
LOG0000359,2026-03-05 03:24:49,INFO,payment,Subscription renewed: user_id=USR5443
LOG0005434,2026-03-05 03:27:18,INFO,auth,User registered successfully: user_id=USR8127
LOG0006194,2026-03-05 03:27:22,INFO,api_gateway,DELETE /api/v1/item/INV46926 responded 204 in 2138ms
LOG0008482,2026-03-05 03:30:45,INFO,auth,Session created: session_id=SESS18444
LOG0001607,2026-03-05 03:33:27,INFO,api_gateway,Rate limit check passed for client_id=CLI369
LOG0001332,2026-03-05 03:38:05,INFO,api_gateway,Rate limit check passed for client_id=CLI103
LOG0002968,2026-03-05 03:41:15,INFO,api_gateway,POST /api/v1/orders responded 201 in 543ms
LOG0006686,2026-03-05 03:43:46,INFO,payment,Invoice generated: invoice_id=INV37730
LOG0003018,2026-03-05 03:44:29,INFO,api_gateway,GET /api/v1/users responded 200 in 1925ms
LOG0008090,2026-03-05 03:45:41,INFO,api_gateway,GET /api/v1/products responded 200 in 4174ms
LOG0004875,2026-03-05 03:46:19,INFO,auth,Session created: session_id=SESS12823
LOG0005965,2026-03-05 03:48:36,INFO,auth,User logout: user_id=USR2696
LOG0006218,2026-03-05 03:49:58,ERROR,auth,Account locked after 5 failed attempts: user_id=USR4554
LOG0008198,2026-03-05 03:56:29,ERROR,auth,Session expired: user_id=USR2310
LOG0006874,2026-03-05 03:56:32,INFO,auth,Session created: session_id=SESS33278
LOG0005750,2026-03-05 03:58:30,INFO,auth,User registered successfully: user_id=USR3221
LOG0008025,2026-03-05 04:04:26,INFO,auth,User registered successfully: user_id=USR4511
LOG0003804,2026-03-05 04:07:14,INFO,auth,User logout: user_id=USR7871
LOG0006556,2026-03-05 04:13:22,INFO,payment,"Refund issued: order_id=ORD40496 amount=Rp6,963,000"
LOG0002646,2026-03-05 04:20:55,INFO,database,Connection pool: 29/20 active connections
LOG0007746,2026-03-05 04:23:11,INFO,api_gateway,GET /api/v1/products responded 200 in 1900ms
LOG0009130,2026-03-05 04:30:33,INFO,database,Query executed: SELECT users WHERE id=USR7555 (3645ms)
LOG0002964,2026-03-05 04:31:05,INFO,database,Connection pool: 12/20 active connections
LOG0003003,2026-03-05 04:33:22,INFO,payment,Invoice generated: invoice_id=INV89367
LOG0009121,2026-03-05 04:34:30,INFO,api_gateway,PUT /api/v1/profile responded 200 in 540ms
LOG0002327,2026-03-05 04:35:11,INFO,api_gateway,PUT /api/v1/profile responded 200 in 2531ms
LOG0007893,2026-03-05 04:43:01,WARNING,api_gateway,Deprecated endpoint called: /api/v0/users by client_id=CLI609
LOG0006368,2026-03-05 04:52:11,INFO,api_gateway,POST /api/v1/orders responded 201 in 3352ms
LOG0001079,2026-03-05 04:52:13,INFO,api_gateway,GET /api/v1/users responded 200 in 4212ms
LOG0005268,2026-03-05 04:54:12,WARNING,database,Long-running transaction detected: txn_id=TXN76142 (1392ms)
LOG0008333,2026-03-05 04:57:41,INFO,payment,Currency conversion: USD→IDR for order_id=ORD22118
LOG0006910,2026-03-05 04:58:44,INFO,payment,Subscription renewed: user_id=USR5274
LOG0009052,2026-03-05 05:02:17,INFO,database,Transaction committed: txn_id=TXN71827
LOG0001099,2026-03-05 05:05:43,INFO,database,Cache hit ratio: 80% for last 5 minutes
LOG0003142,2026-03-05 05:06:30,INFO,payment,Invoice generated: invoice_id=INV43479
LOG0006810,2026-03-05 05:11:18,INFO,api_gateway,PUT /api/v1/profile responded 200 in 3951ms
LOG0009711,2026-03-05 05:19:42,WARNING,auth,Token expiring soon for user_id=USR2530
LOG0005891,2026-03-05 05:22:25,INFO,auth,2FA verification passed: user_id=USR7918
LOG0001363,2026-03-05 05:22:31,ERROR,api_gateway,Upstream service inventory-service unreachable: connection timeout
LOG0007937,2026-03-05 05:27:26,INFO,auth,User logout: user_id=USR6334
LOG0004187,2026-03-05 05:37:49,INFO,payment,Subscription renewed: user_id=USR3411
LOG0002147,2026-03-05 05:41:49,INFO,database,INSERT INTO orders completed (201ms)
LOG0007015,2026-03-05 05:45:02,WARNING,api_gateway,High latency detected on route /api/v1/search: 1740ms
LOG0004585,2026-03-05 05:46:10,ERROR,auth,Account locked after 5 failed attempts: user_id=USR1616
LOG0001085,2026-03-05 05:47:26,WARNING,api_gateway,High latency detected on route /api/v1/search: 1237ms
LOG0003586,2026-03-05 05:47:28,INFO,api_gateway,PUT /api/v1/profile responded 200 in 1091ms
LOG0009250,2026-03-05 05:52:35,WARNING,auth,Password reset requested for user_id=USR3289
LOG0005172,2026-03-05 05:55:58,INFO,database,INSERT INTO orders completed (3496ms)
LOG0005849,2026-03-05 05:57:37,INFO,api_gateway,GET /api/v1/products responded 200 in 4394ms
LOG0006864,2026-03-05 05:59:37,INFO,api_gateway,POST /api/v1/orders responded 201 in 2839ms
LOG0000439,2026-03-05 06:00:17,INFO,payment,Invoice generated: invoice_id=INV70167
LOG0000084,2026-03-05 06:11:30,INFO,database,Index hit on table=products query (3712ms)
LOG0008190,2026-03-05 06:15:33,INFO,api_gateway,POST /api/v1/orders responded 201 in 3166ms
LOG0007069,2026-03-05 06:17:13,WARNING,database,Table=orders approaching max size: 50% capacity
LOG0009029,2026-03-05 06:18:07,ERROR,payment,Fraud detection triggered: order_id=ORD49833
LOG0009216,2026-03-05 06:19:13,INFO,database,Query executed: SELECT users WHERE id=USR7015 (73ms)
LOG0000849,2026-03-05 06:21:21,INFO,auth,Token refreshed for user_id=USR1291
LOG0004886,2026-03-05 06:23:03,INFO,database,Query executed: SELECT users WHERE id=USR4772 (2675ms)
LOG0000873,2026-03-05 06:24:00,INFO,auth,User login successful: user_id=USR8285
LOG0005514,2026-03-05 06:26:55,INFO,payment,"Refund issued: order_id=ORD39631 amount=Rp9,581,000"
LOG0005760,2026-03-05 06:27:46,WARNING,database,Long-running transaction detected: txn_id=TXN94463 (1550ms)
LOG0006432,2026-03-05 06:28:10,INFO,api_gateway,Request routed to service: order-service in 2368ms
LOG0008022,2026-03-05 06:33:12,WARNING,payment,Suspicious transaction flagged: order_id=ORD57072
LOG0009965,2026-03-05 06:34:06,INFO,auth,User login successful: user_id=USR1997
LOG0006287,2026-03-05 06:35:55,INFO,api_gateway,Request routed to service: inventory-service in 2053ms
LOG0003720,2026-03-05 06:36:01,WARNING,auth,Unusual login location detected: user_id=USR9340
LOG0000026,2026-03-05 06:36:53,WARNING,database,Slow query detected: 4438ms on table=logs
LOG0002413,2026-03-05 06:40:04,ERROR,database,Connection timeout to primary DB host
LOG0006114,2026-03-05 06:43:38,INFO,api_gateway,Rate limit check passed for client_id=CLI120
LOG0001724,2026-03-05 06:44:15,WARNING,payment,Suspicious transaction flagged: order_id=ORD96259
LOG0005701,2026-03-05 06:44:15,INFO,database,Cache hit ratio: 92% for last 5 minutes
LOG0003092,2026-03-05 06:45:20,INFO,auth,Token generated for user_id=USR4963
LOG0009565,2026-03-05 06:46:14,INFO,database,Cache hit ratio: 70% for last 5 minutes
LOG0006526,2026-03-05 06:47:28,INFO,api_gateway,Rate limit check passed for client_id=CLI240
LOG0003756,2026-03-05 06:48:22,INFO,database,Backup snapshot completed successfully
LOG0009022,2026-03-05 06:52:01,WARNING,payment,High transaction volume: 58 TPS (threshold: 50 TPS)
LOG0003314,2026-03-05 06:54:06,WARNING,api_gateway,Retry attempt 26 for downstream service user-service
LOG0004940,2026-03-05 06:57:33,INFO,payment,Subscription renewed: user_id=USR8715
LOG0004910,2026-03-05 07:04:16,ERROR,payment,Currency conversion error for order_id=ORD21854
LOG0004035,2026-03-05 07:09:32,INFO,database,Connection pool: 82/20 active connections
LOG0001622,2026-03-05 07:16:41,INFO,auth,Password changed for user_id=USR6701
LOG0007981,2026-03-05 07:18:25,INFO,database,Cache hit ratio: 16% for last 5 minutes
LOG0003160,2026-03-05 07:25:00,WARNING,payment,Payment provider response slow: 4008ms
LOG0002172,2026-03-05 07:33:37,WARNING,database,Table=orders approaching max size: 21% capacity
LOG0009236,2026-03-05 07:38:34,INFO,payment,Currency conversion: USD→IDR for order_id=ORD39418
LOG0009193,2026-03-05 07:42:16,INFO,payment,Currency conversion: USD→IDR for order_id=ORD22338
LOG0006441,2026-03-05 07:48:13,INFO,payment,Invoice generated: invoice_id=INV17138
LOG0008031,2026-03-05 07:52:55,INFO,database,Index hit on table=products query (1129ms)
LOG0009651,2026-03-05 08:00:52,ERROR,payment,Payment failed: order_id=ORD69284 reason=insufficient_funds
LOG0001256,2026-03-05 08:02:54,INFO,database,INSERT INTO orders completed (2805ms)
LOG0008664,2026-03-05 08:19:57,INFO,auth,Session created: session_id=SESS85310
LOG0005389,2026-03-05 08:20:12,WARNING,payment,Card expiry warning for user_id=USR3588
LOG0000558,2026-03-05 08:21:03,INFO,auth,2FA verification passed: user_id=USR1040
LOG0001441,2026-03-05 08:22:29,WARNING,auth,Token expiring soon for user_id=USR9191
LOG0006658,2026-03-05 08:26:41,ERROR,database,Replication lag exceeded threshold: 1824ms behind primary
LOG0009716,2026-03-05 08:27:47,ERROR,payment,Webhook delivery failed after 3 retries
LOG0007494,2026-03-05 08:28:12,INFO,api_gateway,PUT /api/v1/profile responded 200 in 2381ms
LOG0008580,2026-03-05 08:32:00,WARNING,database,Connection pool usage high: 70/20 connections
LOG0006593,2026-03-05 08:34:04,INFO,payment,Webhook received from payment provider: status=SUCCESS
LOG0004230,2026-03-05 08:35:21,INFO,api_gateway,PUT /api/v1/profile responded 200 in 2910ms
LOG0008645,2026-03-05 08:39:40,INFO,database,Transaction committed: txn_id=TXN89404
LOG0005447,2026-03-05 08:44:56,INFO,api_gateway,GET /api/v1/products responded 200 in 3410ms
LOG0005554,2026-03-05 08:49:39,ERROR,auth,Session expired: user_id=USR2268
LOG0004050,2026-03-05 08:51:18,WARNING,api_gateway,Slow response: GET /api/v1/reports took 80ms
LOG0006064,2026-03-05 08:52:22,INFO,payment,Invoice generated: invoice_id=INV28550
LOG0007545,2026-03-05 08:53:34,INFO,api_gateway,GET /api/v1/products responded 200 in 1227ms
LOG0002086,2026-03-05 08:55:50,INFO,api_gateway,POST /api/v1/orders responded 201 in 1824ms
LOG0001146,2026-03-05 09:00:32,INFO,api_gateway,GET /api/v1/users responded 200 in 2966ms
LOG0003042,2026-03-05 09:01:23,INFO,payment,Webhook received from payment provider: status=SUCCESS
LOG0007989,2026-03-05 09:03:20,INFO,api_gateway,POST /api/v1/orders responded 201 in 4343ms
LOG0005255,2026-03-05 09:07:34,INFO,payment,Payment gateway responded OK in 1936ms
LOG0008260,2026-03-05 09:09:05,INFO,api_gateway,POST /api/v1/orders responded 201 in 1226ms
LOG0008288,2026-03-05 09:11:38,WARNING,auth,Multiple sessions detected for user_id=USR1711
LOG0003040,2026-03-05 09:12:03,ERROR,auth,Account locked after 5 failed attempts: user_id=USR1406
LOG0006839,2026-03-05 09:16:01,INFO,api_gateway,PUT /api/v1/profile responded 200 in 1853ms
LOG0008525,2026-03-05 09:16:50,INFO,api_gateway,GET /api/v1/products responded 200 in 1540ms
LOG0006008,2026-03-05 09:24:25,INFO,payment,"Payment processed: order_id=ORD66113 amount=Rp8,858,000"
LOG0002714,2026-03-05 09:31:41,ERROR,auth,JWT signature mismatch for user_id=USR5652
LOG0002645,2026-03-05 09:36:36,INFO,api_gateway,Rate limit check passed for client_id=CLI360
LOG0004810,2026-03-05 09:43:35,INFO,api_gateway,DELETE /api/v1/item/INV43888 responded 204 in 4333ms
LOG0000121,2026-03-05 09:49:03,INFO,api_gateway,POST /api/v1/orders responded 201 in 124ms
LOG0000718,2026-03-05 09:50:41,ERROR,auth,JWT signature mismatch for user_id=USR8897
LOG0008405,2026-03-05 09:53:10,ERROR,database,Disk usage critical: 99% on /var/lib/postgres
LOG0002300,2026-03-05 10:00:06,INFO,api_gateway,Rate limit check passed for client_id=CLI229
LOG0001586,2026-03-05 10:01:19,INFO,api_gateway,Rate limit check passed for client_id=CLI111
LOG0003331,2026-03-05 10:03:15,INFO,api_gateway,GET /api/v1/products responded 200 in 1017ms
LOG0009132,2026-03-05 10:03:55,WARNING,auth,Multiple sessions detected for user_id=USR5336
LOG0005869,2026-03-05 10:04:04,INFO,auth,User login successful: user_id=USR1082
LOG0003288,2026-03-05 10:06:56,INFO,database,Backup snapshot completed successfully
LOG0005239,2026-03-05 10:10:56,WARNING,api_gateway,Retry attempt 17 for downstream service inventory-service
LOG0006888,2026-03-05 10:14:15,WARNING,payment,Payment retry attempt 42/3 for order_id=ORD80612
LOG0008463,2026-03-05 10:15:15,WARNING,database,Table=orders approaching max size: 95% capacity
LOG0004420,2026-03-05 10:29:33,INFO,auth,Password changed for user_id=USR3073
LOG0003372,2026-03-05 10:29:37,INFO,api_gateway,POST /api/v1/orders responded 201 in 4338ms
LOG0009465,2026-03-05 10:36:46,INFO,auth,Password changed for user_id=USR4955
LOG0001066,2026-03-05 10:37:59,ERROR,api_gateway,Invalid request schema on POST /api/v1/orders
LOG0008292,2026-03-05 10:46:13,INFO,database,Index hit on table=products query (596ms)
LOG0008303,2026-03-05 10:46:24,WARNING,payment,Suspicious transaction flagged: order_id=ORD12545
LOG0004238,2026-03-05 10:53:27,INFO,database,Cache hit ratio: 96% for last 5 minutes
LOG0004881,2026-03-05 10:57:16,WARNING,payment,High transaction volume: 27 TPS (threshold: 50 TPS)
LOG0001255,2026-03-05 11:07:58,INFO,auth,Token generated for user_id=USR4698
LOG0009377,2026-03-05 11:10:49,INFO,api_gateway,DELETE /api/v1/item/INV46539 responded 204 in 1563ms
LOG0001390,2026-03-05 11:20:10,INFO,database,INSERT INTO orders completed (99ms)
LOG0009421,2026-03-05 11:23:24,INFO,auth,2FA verification passed: user_id=USR2601
LOG0005731,2026-03-05 11:23:41,WARNING,database,Connection pool usage high: 21/20 connections
LOG0004008,2026-03-05 11:26:46,INFO,auth,2FA verification passed: user_id=USR3178
LOG0000148,2026-03-05 11:30:12,INFO,auth,Password changed for user_id=USR2915
LOG0000442,2026-03-05 11:37:36,INFO,auth,Password changed for user_id=USR7625
LOG0003543,2026-03-05 11:41:14,INFO,auth,2FA verification passed: user_id=USR6751
LOG0001015,2026-03-05 11:42:15,INFO,api_gateway,DELETE /api/v1/item/INV52094 responded 204 in 828ms
LOG0003447,2026-03-05 11:43:02,INFO,database,Backup snapshot completed successfully
LOG0004699,2026-03-05 11:44:39,INFO,auth,User login successful: user_id=USR8741
LOG0008278,2026-03-05 11:50:56,INFO,database,Connection pool: 75/20 active connections
LOG0006962,2026-03-05 11:54:52,ERROR,payment,Currency conversion error for order_id=ORD26125
LOG0004132,2026-03-05 11:55:50,WARNING,database,Index miss on table=events: consider reindexing
LOG0005848,2026-03-05 12:01:24,INFO,api_gateway,GET /api/v1/products responded 200 in 3458ms
LOG0000394,2026-03-05 12:10:30,WARNING,payment,Suspicious transaction flagged: order_id=ORD38873
LOG0008020,2026-03-05 12:12:13,INFO,payment,Invoice generated: invoice_id=INV52763
LOG0008713,2026-03-05 12:16:36,WARNING,database,Table=orders approaching max size: 74% capacity
LOG0007328,2026-03-05 12:16:52,INFO,database,Backup snapshot completed successfully
LOG0008202,2026-03-05 12:17:56,INFO,auth,Token refreshed for user_id=USR6008
LOG0007639,2026-03-05 12:25:35,WARNING,payment,High transaction volume: 26 TPS (threshold: 50 TPS)
LOG0002726,2026-03-05 12:27:41,WARNING,auth,Failed login attempt for user_id=USR6287 (attempt 72/5)
LOG0008516,2026-03-05 12:33:16,INFO,auth,Session created: session_id=SESS54797
LOG0009501,2026-03-05 12:37:01,INFO,auth,User login successful: user_id=USR8719
LOG0005553,2026-03-05 12:41:19,ERROR,payment,Webhook delivery failed after 3 retries
LOG0009449,2026-03-05 12:45:42,INFO,payment,"Payment processed: order_id=ORD40896 amount=Rp2,147,000"
LOG0007257,2026-03-05 12:47:11,WARNING,api_gateway,Slow response: GET /api/v1/reports took 2922ms
LOG0005916,2026-03-05 12:52:08,INFO,payment,"Refund issued: order_id=ORD78087 amount=Rp4,047,000"
LOG0001127,2026-03-05 13:14:25,ERROR,api_gateway,Invalid request schema on POST /api/v1/orders
LOG0002387,2026-03-05 13:17:16,INFO,auth,2FA verification passed: user_id=USR9430
LOG0007306,2026-03-05 13:22:31,ERROR,auth,JWT signature mismatch for user_id=USR6750
LOG0003858,2026-03-05 13:28:17,INFO,database,Backup snapshot completed successfully
LOG0003668,2026-03-05 13:29:09,INFO,api_gateway,Request routed to service: order-service in 4386ms
LOG0003129,2026-03-05 13:35:18,INFO,payment,"Refund issued: order_id=ORD83167 amount=Rp2,898,000"
LOG0000140,2026-03-05 13:36:21,INFO,auth,Session created: session_id=SESS53642
LOG0005555,2026-03-05 13:39:07,INFO,api_gateway,GET /api/v1/users responded 200 in 2803ms
LOG0006573,2026-03-05 13:40:17,WARNING,payment,High transaction volume: 65 TPS (threshold: 50 TPS)
LOG0000840,2026-03-05 13:40:58,INFO,payment,Subscription renewed: user_id=USR1686
LOG0007765,2026-03-05 13:41:05,INFO,database,Backup snapshot completed successfully
LOG0006052,2026-03-05 13:44:30,INFO,database,Cache hit ratio: 20% for last 5 minutes
LOG0006303,2026-03-05 13:48:01,INFO,api_gateway,GET /api/v1/users responded 200 in 3830ms
LOG0001289,2026-03-05 13:57:26,INFO,api_gateway,Request routed to service: order-service in 867ms
LOG0004204,2026-03-05 14:00:28,ERROR,api_gateway,Rate limit exceeded for client_id=CLI882
LOG0004172,2026-03-05 14:05:58,INFO,database,Connection pool: 26/20 active connections
LOG0008658,2026-03-05 14:07:15,INFO,auth,User login successful: user_id=USR7445
LOG0008132,2026-03-05 14:08:19,INFO,payment,Subscription renewed: user_id=USR4890
LOG0005608,2026-03-05 14:22:09,INFO,api_gateway,GET /api/v1/users responded 200 in 452ms
LOG0001736,2026-03-05 14:25:45,WARNING,payment,High transaction volume: 98 TPS (threshold: 50 TPS)
LOG0003715,2026-03-05 14:27:35,INFO,database,Backup snapshot completed successfully
LOG0009361,2026-03-05 14:27:43,INFO,auth,Session created: session_id=SESS87165
LOG0001086,2026-03-05 14:34:22,INFO,auth,Token generated for user_id=USR3107
LOG0001267,2026-03-05 14:37:32,ERROR,payment,Fraud detection triggered: order_id=ORD40257
LOG0006530,2026-03-05 14:38:23,INFO,api_gateway,POST /api/v1/orders responded 201 in 4028ms
LOG0004117,2026-03-05 14:39:39,WARNING,database,Connection pool usage high: 61/20 connections
LOG0005382,2026-03-05 14:40:04,INFO,database,INSERT INTO orders completed (4249ms)
LOG0005973,2026-03-05 14:42:11,WARNING,api_gateway,Deprecated endpoint called: /api/v0/users by client_id=CLI117
LOG0003696,2026-03-05 14:42:23,WARNING,auth,Multiple sessions detected for user_id=USR1492
LOG0008283,2026-03-05 14:43:41,INFO,auth,User registered successfully: user_id=USR9251
LOG0003034,2026-03-05 14:45:06,ERROR,database,Disk usage critical: 14% on /var/lib/postgres
LOG0005072,2026-03-05 14:45:39,INFO,auth,User login successful: user_id=USR9725
LOG0002235,2026-03-05 14:49:55,INFO,auth,User logout: user_id=USR7438
LOG0001110,2026-03-05 14:51:31,WARNING,database,Slow query detected: 2564ms on table=logs
LOG0009481,2026-03-05 14:52:27,INFO,database,Query executed: SELECT users WHERE id=USR8381 (302ms)
LOG0005438,2026-03-05 14:56:49,INFO,database,INSERT INTO orders completed (3686ms)
LOG0006523,2026-03-05 14:58:18,INFO,auth,Token refreshed for user_id=USR4143
LOG0003196,2026-03-05 14:58:42,WARNING,payment,Payment provider response slow: 3892ms
LOG0001590,2026-03-05 15:03:35,WARNING,payment,Suspicious transaction flagged: order_id=ORD82929
LOG0008669,2026-03-05 15:08:50,WARNING,auth,Token expiring soon for user_id=USR2329
LOG0006892,2026-03-05 15:10:52,INFO,auth,Password changed for user_id=USR1392
LOG0009997,2026-03-05 15:12:33,INFO,auth,User registered successfully: user_id=USR6899
LOG0005795,2026-03-05 15:26:07,INFO,api_gateway,Request routed to service: order-service in 3047ms
LOG0008355,2026-03-05 15:27:41,WARNING,database,Slow query detected: 2266ms on table=logs
LOG0008604,2026-03-05 15:31:14,INFO,payment,"Refund issued: order_id=ORD23944 amount=Rp9,555,000"
LOG0003274,2026-03-05 15:31:23,INFO,auth,User login successful: user_id=USR3457
LOG0008680,2026-03-05 15:31:47,WARNING,database,Long-running transaction detected: txn_id=TXN47259 (2613ms)
LOG0005291,2026-03-05 15:34:45,INFO,database,Backup snapshot completed successfully
LOG0006327,2026-03-05 15:42:56,INFO,auth,2FA verification passed: user_id=USR1779
LOG0001111,2026-03-05 15:43:25,INFO,api_gateway,GET /api/v1/products responded 200 in 721ms
LOG0006802,2026-03-05 15:50:47,INFO,api_gateway,DELETE /api/v1/item/INV43233 responded 204 in 692ms
LOG0007440,2026-03-05 15:54:12,WARNING,database,Long-running transaction detected: txn_id=TXN75644 (312ms)
LOG0007411,2026-03-05 15:59:18,INFO,database,Cache hit ratio: 99% for last 5 minutes
LOG0007265,2026-03-05 16:00:15,INFO,auth,User logout: user_id=USR2858
LOG0006915,2026-03-05 16:01:24,INFO,payment,Invoice generated: invoice_id=INV62030
LOG0005786,2026-03-05 16:04:00,INFO,database,Index hit on table=products query (1148ms)
LOG0001064,2026-03-05 16:04:43,INFO,database,INSERT INTO orders completed (3406ms)
LOG0001421,2026-03-05 16:06:08,INFO,database,Backup snapshot completed successfully
LOG0000507,2026-03-05 16:06:35,ERROR,payment,Webhook delivery failed after 3 retries
LOG0009249,2026-03-05 16:09:11,INFO,payment,"Payment processed: order_id=ORD13150 amount=Rp1,242,000"
LOG0007317,2026-03-05 16:10:13,INFO,database,Index hit on table=products query (867ms)
LOG0003508,2026-03-05 16:10:23,INFO,api_gateway,GET /api/v1/users responded 200 in 1839ms
LOG0003029,2026-03-05 16:11:27,ERROR,auth,JWT signature mismatch for user_id=USR9546
LOG0006637,2026-03-05 16:11:55,INFO,payment,Subscription renewed: user_id=USR3255
LOG0004791,2026-03-05 16:12:17,INFO,payment,"Payment processed: order_id=ORD75394 amount=Rp9,336,000"
LOG0002078,2026-03-05 16:14:14,INFO,database,Query executed: SELECT users WHERE id=USR4886 (4201ms)
LOG0008592,2026-03-05 16:14:20,INFO,api_gateway,GET /api/v1/users responded 200 in 131ms
LOG0005844,2026-03-05 16:19:24,INFO,payment,Invoice generated: invoice_id=INV73474
LOG0000999,2026-03-05 16:24:52,INFO,payment,Invoice generated: invoice_id=INV31575
LOG0001786,2026-03-05 16:28:56,INFO,auth,Token refreshed for user_id=USR8619
LOG0004661,2026-03-05 16:30:48,INFO,database,Backup snapshot completed successfully
LOG0003145,2026-03-05 16:37:36,WARNING,api_gateway,Deprecated endpoint called: /api/v0/users by client_id=CLI274
LOG0001658,2026-03-05 16:39:44,INFO,auth,Password changed for user_id=USR3917
LOG0008013,2026-03-05 16:44:43,WARNING,database,Index miss on table=events: consider reindexing
LOG0009114,2026-03-05 16:46:30,INFO,api_gateway,Rate limit check passed for client_id=CLI586
LOG0002594,2026-03-05 16:47:04,INFO,payment,"Payment processed: order_id=ORD97858 amount=Rp5,062,000"
LOG0001814,2026-03-05 16:48:07,INFO,auth,Password changed for user_id=USR1549
LOG0006086,2026-03-05 16:48:11,INFO,database,Cache hit ratio: 32% for last 5 minutes
LOG0003514,2026-03-05 16:49:13,INFO,auth,2FA verification passed: user_id=USR7235
LOG0006961,2026-03-05 16:51:32,INFO,payment,Subscription renewed: user_id=USR6343
LOG0003897,2026-03-05 16:51:38,INFO,auth,User registered successfully: user_id=USR5197
LOG0002870,2026-03-05 16:53:59,INFO,api_gateway,Rate limit check passed for client_id=CLI518
LOG0002728,2026-03-05 16:54:51,WARNING,auth,Multiple sessions detected for user_id=USR4236
LOG0004273,2026-03-05 16:56:16,WARNING,database,Index miss on table=events: consider reindexing
LOG0004040,2026-03-05 16:57:18,INFO,api_gateway,PUT /api/v1/profile responded 200 in 3528ms
LOG0004063,2026-03-05 17:00:07,INFO,api_gateway,Rate limit check passed for client_id=CLI353
LOG0007092,2026-03-05 17:02:48,ERROR,auth,JWT signature mismatch for user_id=USR5172
LOG0002199,2026-03-05 17:03:38,INFO,payment,Currency conversion: USD→IDR for order_id=ORD68996
LOG0007544,2026-03-05 17:03:58,INFO,payment,"Payment processed: order_id=ORD62552 amount=Rp3,672,000"
LOG0005105,2026-03-05 17:04:57,INFO,payment,"Refund issued: order_id=ORD32248 amount=Rp2,156,000"
LOG0004142,2026-03-05 17:09:31,WARNING,api_gateway,Retry attempt 82 for downstream service inventory-service
LOG0003484,2026-03-05 17:11:22,INFO,database,Cache hit ratio: 30% for last 5 minutes
LOG0006103,2026-03-05 17:18:54,INFO,database,Cache hit ratio: 9% for last 5 minutes
LOG0006821,2026-03-05 17:22:57,INFO,database,Index hit on table=products query (1359ms)
LOG0001169,2026-03-05 17:24:19,INFO,auth,Password changed for user_id=USR1039
LOG0002407,2026-03-05 17:27:52,WARNING,auth,Password reset requested for user_id=USR3070
LOG0008868,2026-03-05 17:28:36,WARNING,payment,Payment retry attempt 9/3 for order_id=ORD81711
LOG0007037,2026-03-05 17:29:37,INFO,payment,Subscription renewed: user_id=USR9741
LOG0002727,2026-03-05 17:34:56,INFO,payment,Subscription renewed: user_id=USR9672
LOG0004219,2026-03-05 17:35:57,INFO,auth,Password changed for user_id=USR3571
LOG0008315,2026-03-05 17:37:05,INFO,payment,Webhook received from payment provider: status=SUCCESS
LOG0001181,2026-03-05 17:39:50,WARNING,database,Connection pool usage high: 96/20 connections
LOG0005803,2026-03-05 17:42:31,WARNING,database,Slow query detected: 1982ms on table=logs
LOG0002496,2026-03-05 17:44:43,WARNING,payment,Payment provider response slow: 3844ms
LOG0006760,2026-03-05 17:48:20,INFO,payment,"Payment processed: order_id=ORD82935 amount=Rp8,047,000"
LOG0006206,2026-03-05 17:48:31,INFO,database,Index hit on table=products query (3512ms)
LOG0001892,2026-03-05 17:53:37,ERROR,auth,Token validation failed: user_id=USR2768
LOG0008844,2026-03-05 17:56:15,INFO,payment,Invoice generated: invoice_id=INV18771
LOG0004375,2026-03-05 18:01:39,ERROR,auth,Account locked after 5 failed attempts: user_id=USR6255
LOG0005935,2026-03-05 18:06:12,WARNING,api_gateway,Rate limit approaching for client_id=CLI378: 24/100 req/min
LOG0008080,2026-03-05 18:09:32,ERROR,database,Connection timeout to primary DB host
LOG0005719,2026-03-05 18:12:48,INFO,api_gateway,DELETE /api/v1/item/INV59649 responded 204 in 2626ms
LOG0005332,2026-03-05 18:17:49,INFO,auth,Token generated for user_id=USR1259
LOG0005636,2026-03-05 18:17:55,WARNING,database,Table=orders approaching max size: 33% capacity
LOG0003998,2026-03-05 18:19:57,INFO,database,Query executed: SELECT users WHERE id=USR4841 (3386ms)
LOG0007621,2026-03-05 18:20:17,INFO,auth,User login successful: user_id=USR8616
LOG0007258,2026-03-05 18:29:15,INFO,payment,Invoice generated: invoice_id=INV89124
LOG0000932,2026-03-05 18:31:02,INFO,payment,Invoice generated: invoice_id=INV32154
LOG0000887,2026-03-05 18:31:16,INFO,database,Cache hit ratio: 63% for last 5 minutes
LOG0004574,2026-03-05 18:32:31,INFO,auth,Token generated for user_id=USR6363
LOG0007909,2026-03-05 18:35:59,INFO,auth,Session created: session_id=SESS58257
LOG0004431,2026-03-05 18:37:51,INFO,payment,Payment gateway responded OK in 3549ms
LOG0006789,2026-03-05 18:45:21,WARNING,auth,Unusual login location detected: user_id=USR9486
LOG0003072,2026-03-05 18:45:22,WARNING,auth,Password reset requested for user_id=USR9884
LOG0004852,2026-03-05 18:48:24,WARNING,payment,Card expiry warning for user_id=USR4334
LOG0003888,2026-03-05 18:49:14,INFO,auth,Session created: session_id=SESS37686
LOG0009951,2026-03-05 18:56:09,ERROR,payment,Currency conversion error for order_id=ORD90853
LOG0009145,2026-03-05 18:58:37,WARNING,payment,Suspicious transaction flagged: order_id=ORD27475
LOG0009968,2026-03-05 18:58:40,INFO,api_gateway,PUT /api/v1/profile responded 200 in 1091ms
LOG0001952,2026-03-05 19:03:42,ERROR,auth,Session expired: user_id=USR9645
LOG0009797,2026-03-05 19:07:24,WARNING,payment,Card expiry warning for user_id=USR2538
LOG0004234,2026-03-05 19:12:54,INFO,database,Connection pool: 94/20 active connections
LOG0000929,2026-03-05 19:15:57,INFO,auth,Token generated for user_id=USR2976
LOG0004354,2026-03-05 19:24:34,INFO,auth,User registered successfully: user_id=USR1200
LOG0004411,2026-03-05 19:29:00,WARNING,auth,Password reset requested for user_id=USR9495
LOG0005424,2026-03-05 19:35:26,WARNING,database,Slow query detected: 81ms on table=logs
LOG0009032,2026-03-05 19:38:59,ERROR,auth,JWT signature mismatch for user_id=USR6307
LOG0009801,2026-03-05 19:39:28,INFO,api_gateway,POST /api/v1/orders responded 201 in 1862ms
LOG0000933,2026-03-05 19:41:28,INFO,auth,Token refreshed for user_id=USR4684
LOG0008131,2026-03-05 19:43:48,INFO,api_gateway,Rate limit check passed for client_id=CLI928
LOG0005194,2026-03-05 19:45:53,INFO,api_gateway,POST /api/v1/orders responded 201 in 743ms
LOG0001734,2026-03-05 19:50:52,INFO,database,INSERT INTO orders completed (2977ms)
LOG0008429,2026-03-05 19:57:50,INFO,auth,User login successful: user_id=USR5353
LOG0004888,2026-03-05 19:59:22,INFO,api_gateway,DELETE /api/v1/item/INV21069 responded 204 in 3681ms
LOG0008229,2026-03-05 20:01:51,INFO,database,Connection pool: 88/20 active connections
LOG0004487,2026-03-05 20:02:23,INFO,api_gateway,POST /api/v1/orders responded 201 in 3281ms
LOG0000537,2026-03-05 20:02:40,INFO,database,INSERT INTO orders completed (1173ms)
LOG0004973,2026-03-05 20:03:56,INFO,api_gateway,GET /api/v1/users responded 200 in 2700ms
LOG0008249,2026-03-05 20:05:47,WARNING,database,Index miss on table=events: consider reindexing
LOG0008176,2026-03-05 20:08:08,WARNING,database,Connection pool usage high: 53/20 connections
LOG0003962,2026-03-05 20:14:47,WARNING,payment,Payment retry attempt 95/3 for order_id=ORD18394
LOG0001634,2026-03-05 20:17:45,INFO,api_gateway,POST /api/v1/orders responded 201 in 3865ms
LOG0001097,2026-03-05 20:21:26,WARNING,api_gateway,High latency detected on route /api/v1/search: 1727ms
LOG0004086,2026-03-05 20:23:03,INFO,database,Backup snapshot completed successfully
LOG0002204,2026-03-05 20:32:39,INFO,auth,Token refreshed for user_id=USR2939
LOG0003664,2026-03-05 20:33:16,INFO,database,Query executed: SELECT users WHERE id=USR8499 (4247ms)
LOG0000151,2026-03-05 20:39:05,INFO,payment,Subscription renewed: user_id=USR3238
LOG0008078,2026-03-05 20:40:27,INFO,payment,"Payment processed: order_id=ORD82943 amount=Rp9,163,000"
LOG0000502,2026-03-05 20:43:44,WARNING,api_gateway,Slow response: GET /api/v1/reports took 1050ms
LOG0004150,2026-03-05 20:49:45,INFO,database,INSERT INTO orders completed (4156ms)
LOG0002099,2026-03-05 21:00:30,INFO,payment,Payment gateway responded OK in 2036ms
LOG0003330,2026-03-05 21:04:59,WARNING,auth,Password reset requested for user_id=USR7076
LOG0008503,2026-03-05 21:09:55,INFO,database,Cache hit ratio: 94% for last 5 minutes
LOG0008140,2026-03-05 21:13:38,INFO,api_gateway,Rate limit check passed for client_id=CLI106
LOG0001573,2026-03-05 21:14:51,INFO,database,Connection pool: 42/20 active connections
LOG0004635,2026-03-05 21:18:04,WARNING,auth,Unusual login location detected: user_id=USR6883
LOG0001751,2026-03-05 21:21:18,INFO,payment,"Refund issued: order_id=ORD17466 amount=Rp6,701,000"
LOG0003843,2026-03-05 21:23:05,INFO,api_gateway,GET /api/v1/users responded 200 in 755ms
LOG0004367,2026-03-05 21:26:04,WARNING,payment,High transaction volume: 63 TPS (threshold: 50 TPS)
LOG0004301,2026-03-05 21:26:10,WARNING,payment,Card expiry warning for user_id=USR1978
LOG0009750,2026-03-05 21:35:12,INFO,payment,Payment gateway responded OK in 3393ms
LOG0008644,2026-03-05 21:37:32,ERROR,payment,Currency conversion error for order_id=ORD21858
LOG0005136,2026-03-05 21:41:37,INFO,database,Backup snapshot completed successfully
LOG0001865,2026-03-05 21:43:43,INFO,api_gateway,DELETE /api/v1/item/INV20668 responded 204 in 3705ms
LOG0000937,2026-03-05 21:44:27,INFO,database,Backup snapshot completed successfully
LOG0007474,2026-03-05 21:44:59,INFO,api_gateway,DELETE /api/v1/item/INV35005 responded 204 in 3352ms
LOG0006788,2026-03-05 21:46:36,INFO,payment,Invoice generated: invoice_id=INV24366
LOG0007529,2026-03-05 21:49:59,WARNING,payment,High transaction volume: 50 TPS (threshold: 50 TPS)
LOG0009369,2026-03-05 21:54:00,INFO,database,Index hit on table=products query (1381ms)
LOG0003769,2026-03-05 21:57:58,INFO,api_gateway,PUT /api/v1/profile responded 200 in 43ms
LOG0008321,2026-03-05 21:59:57,WARNING,api_gateway,Deprecated endpoint called: /api/v0/users by client_id=CLI463
LOG0001757,2026-03-05 22:00:22,WARNING,auth,Token expiring soon for user_id=USR1672
LOG0004985,2026-03-05 22:00:49,INFO,database,Index hit on table=products query (3743ms)
LOG0009537,2026-03-05 22:09:59,ERROR,payment,Webhook delivery failed after 3 retries
LOG0007603,2026-03-05 22:20:35,INFO,payment,Invoice generated: invoice_id=INV52450
LOG0004309,2026-03-05 22:20:51,INFO,auth,2FA verification passed: user_id=USR9485
LOG0004312,2026-03-05 22:21:04,INFO,auth,2FA verification passed: user_id=USR9976
LOG0005393,2026-03-05 22:21:13,INFO,payment,"Payment processed: order_id=ORD89243 amount=Rp6,677,000"
LOG0002891,2026-03-05 22:25:34,INFO,payment,"Refund issued: order_id=ORD87380 amount=Rp599,000"
LOG0009082,2026-03-05 22:31:38,INFO,api_gateway,Rate limit check passed for client_id=CLI340
LOG0005971,2026-03-05 22:36:02,INFO,database,INSERT INTO orders completed (730ms)
LOG0007664,2026-03-05 22:36:11,ERROR,database,Deadlock detected on table=orders: txn_id=TXN73165
LOG0006491,2026-03-05 22:36:21,WARNING,payment,Suspicious transaction flagged: order_id=ORD42333
LOG0005819,2026-03-05 22:38:50,WARNING,auth,Password reset requested for user_id=USR3965
LOG0009661,2026-03-05 22:39:48,INFO,api_gateway,PUT /api/v1/profile responded 200 in 4010ms
LOG0004917,2026-03-05 22:44:36,INFO,payment,Webhook received from payment provider: status=SUCCESS
LOG0005933,2026-03-05 22:49:19,INFO,api_gateway,Request routed to service: order-service in 1796ms
LOG0007731,2026-03-05 22:53:44,INFO,auth,Token generated for user_id=USR9600
LOG0008467,2026-03-05 22:59:02,INFO,api_gateway,DELETE /api/v1/item/INV45493 responded 204 in 4229ms
LOG0003921,2026-03-05 23:01:44,WARNING,api_gateway,Rate limit approaching for client_id=CLI843: 46/100 req/min
LOG0006896,2026-03-05 23:04:45,WARNING,api_gateway,Rate limit approaching for client_id=CLI753: 61/100 req/min
LOG0007484,2026-03-05 23:15:39,INFO,api_gateway,GET /api/v1/users responded 200 in 4319ms
LOG0001653,2026-03-05 23:20:29,INFO,api_gateway,GET /api/v1/products responded 200 in 4090ms
LOG0009980,2026-03-05 23:21:07,INFO,auth,User registered successfully: user_id=USR5185
LOG0007895,2026-03-05 23:22:09,INFO,database,INSERT INTO orders completed (2588ms)
LOG0003661,2026-03-05 23:24:26,WARNING,database,Slow query detected: 2717ms on table=logs
LOG0008887,2026-03-05 23:26:20,WARNING,auth,Failed login attempt for user_id=USR7859 (attempt 49/5)
LOG0007770,2026-03-05 23:27:38,INFO,payment,Invoice generated: invoice_id=INV13684
LOG0007587,2026-03-05 23:36:14,INFO,api_gateway,Request routed to service: user-service in 2670ms
LOG0005188,2026-03-05 23:39:24,WARNING,database,Index miss on table=events: consider reindexing
LOG0006971,2026-03-05 23:40:14,INFO,payment,Subscription renewed: user_id=USR5331
LOG0003771,2026-03-05 23:45:35,INFO,payment,Payment gateway responded OK in 248ms
LOG0008890,2026-03-05 23:51:14,INFO,payment,Webhook received from payment provider: status=SUCCESS
LOG0001359,2026-03-05 23:51:17,WARNING,api_gateway,Rate limit approaching for client_id=CLI651: 23/100 req/min
LOG0004576,2026-03-05 23:51:37,INFO,payment,Payment gateway responded OK in 1210ms
LOG0009198,2026-03-05 23:56:18,INFO,api_gateway,GET /api/v1/users responded 200 in 3291ms
LOG0003410,2026-03-06 00:01:40,WARNING,database,Connection pool usage high: 5/20 connections
LOG0002179,2026-03-06 00:04:37,INFO,database,Query executed: SELECT users WHERE id=USR2663 (2814ms)
LOG0000309,2026-03-06 00:12:20,INFO,database,Transaction committed: txn_id=TXN84598
LOG0006294,2026-03-06 00:14:40,INFO,auth,Password changed for user_id=USR5798
LOG0009551,2026-03-06 00:19:34,WARNING,payment,Card expiry warning for user_id=USR5826
LOG0003347,2026-03-06 00:19:39,INFO,payment,Subscription renewed: user_id=USR6451
LOG0003033,2026-03-06 00:19:58,INFO,api_gateway,PUT /api/v1/profile responded 200 in 159ms
LOG0001776,2026-03-06 00:23:39,INFO,api_gateway,PUT /api/v1/profile responded 200 in 2239ms
LOG0002043,2026-03-06 00:25:45,INFO,auth,Token refreshed for user_id=USR3657
LOG0008758,2026-03-06 00:26:33,INFO,payment,Currency conversion: USD→IDR for order_id=ORD31011
LOG0001119,2026-03-06 00:34:38,INFO,auth,Token refreshed for user_id=USR9714
LOG0007311,2026-03-06 00:37:48,INFO,payment,"Payment processed: order_id=ORD77713 amount=Rp6,749,000"
LOG0007518,2026-03-06 00:42:55,ERROR,payment,Currency conversion error for order_id=ORD45571
LOG0008800,2026-03-06 00:50:00,INFO,api_gateway,DELETE /api/v1/item/INV39786 responded 204 in 1454ms
LOG0006329,2026-03-06 00:52:25,INFO,auth,Password changed for user_id=USR2230
LOG0007703,2026-03-06 00:52:33,INFO,auth,Token generated for user_id=USR9274
LOG0004804,2026-03-06 01:00:22,INFO,payment,Currency conversion: USD→IDR for order_id=ORD20868
LOG0001947,2026-03-06 01:03:03,WARNING,api_gateway,Deprecated endpoint called: /api/v0/users by client_id=CLI967
LOG0000320,2026-03-06 01:03:47,ERROR,database,Deadlock detected on table=orders: txn_id=TXN34420
LOG0006681,2026-03-06 01:07:12,INFO,api_gateway,Request routed to service: order-service in 1949ms
LOG0006875,2026-03-06 01:09:53,INFO,auth,User login successful: user_id=USR2635
LOG0002047,2026-03-06 01:16:04,INFO,payment,Currency conversion: USD→IDR for order_id=ORD42083
LOG0008379,2026-03-06 01:16:13,WARNING,database,Connection pool usage high: 50/20 connections
LOG0004345,2026-03-06 01:19:38,INFO,auth,Token generated for user_id=USR1471
LOG0002356,2026-03-06 01:24:06,INFO,api_gateway,Request routed to service: order-service in 1140ms
LOG0001589,2026-03-06 01:25:09,INFO,auth,Session created: session_id=SESS57995
LOG0004096,2026-03-06 01:27:32,INFO,payment,Currency conversion: USD→IDR for order_id=ORD12641
LOG0008708,2026-03-06 01:33:00,WARNING,api_gateway,Slow response: GET /api/v1/reports took 2287ms
LOG0009925,2026-03-06 01:33:03,WARNING,auth,Password reset requested for user_id=USR7618
LOG0004748,2026-03-06 01:36:46,WARNING,database,Index miss on table=events: consider reindexing
LOG0009747,2026-03-06 01:36:48,INFO,payment,"Refund issued: order_id=ORD54054 amount=Rp8,863,000"
LOG0005986,2026-03-06 01:38:28,WARNING,api_gateway,Slow response: GET /api/v1/reports took 2078ms
LOG0003066,2026-03-06 01:40:23,INFO,auth,2FA verification passed: user_id=USR4070
LOG0001730,2026-03-06 01:42:56,WARNING,database,Slow query detected: 1948ms on table=logs
LOG0004200,2026-03-06 01:44:19,INFO,auth,Password changed for user_id=USR4967
LOG0005688,2026-03-06 01:44:32,INFO,database,Query executed: SELECT users WHERE id=USR2825 (1623ms)
LOG0004599,2026-03-06 01:47:09,INFO,database,Connection pool: 35/20 active connections
LOG0007234,2026-03-06 01:57:07,ERROR,api_gateway,Upstream service user-service unreachable: connection timeout
LOG0007336,2026-03-06 01:59:22,INFO,auth,User login successful: user_id=USR8390
LOG0008552,2026-03-06 02:02:19,WARNING,auth,Password reset requested for user_id=USR7655
LOG0008168,2026-03-06 02:03:07,WARNING,auth,Password reset requested for user_id=USR4646
LOG0007316,2026-03-06 02:05:10,INFO,payment,Currency conversion: USD→IDR for order_id=ORD52721
LOG0003089,2026-03-06 02:06:58,WARNING,auth,Password reset requested for user_id=USR5767
LOG0006460,2026-03-06 02:07:28,INFO,payment,Webhook received from payment provider: status=SUCCESS
LOG0008668,2026-03-06 02:10:11,ERROR,database,Connection timeout to primary DB host
LOG0005975,2026-03-06 02:15:11,INFO,database,Backup snapshot completed successfully
LOG0009133,2026-03-06 02:16:04,WARNING,auth,Multiple sessions detected for user_id=USR7809
LOG0004259,2026-03-06 02:27:10,INFO,database,Index hit on table=products query (4377ms)
LOG0005915,2026-03-06 02:27:18,ERROR,auth,Account locked after 5 failed attempts: user_id=USR3459
LOG0006636,2026-03-06 02:31:54,INFO,auth,2FA verification passed: user_id=USR1459
LOG0000696,2026-03-06 02:36:10,INFO,database,Cache hit ratio: 24% for last 5 minutes
LOG0006498,2026-03-06 02:40:16,INFO,payment,Payment gateway responded OK in 323ms
LOG0004816,2026-03-06 02:44:26,INFO,payment,Subscription renewed: user_id=USR9475
LOG0003379,2026-03-06 02:46:13,INFO,database,Backup snapshot completed successfully
LOG0009753,2026-03-06 02:46:28,INFO,api_gateway,Request routed to service: order-service in 1862ms
LOG0001790,2026-03-06 02:49:35,INFO,database,Index hit on table=products query (103ms)
LOG0005690,2026-03-06 02:51:54,INFO,auth,User login successful: user_id=USR9478
LOG0001152,2026-03-06 03:01:21,WARNING,api_gateway,Slow response: GET /api/v1/reports took 1347ms
LOG0007320,2026-03-06 03:06:20,INFO,auth,User logout: user_id=USR3976
LOG0002767,2026-03-06 03:07:50,WARNING,auth,Password reset requested for user_id=USR3980
LOG0005051,2026-03-06 03:08:58,INFO,payment,"Refund issued: order_id=ORD16289 amount=Rp7,051,000"
LOG0004293,2026-03-06 03:14:31,INFO,api_gateway,POST /api/v1/orders responded 201 in 2871ms
LOG0001244,2026-03-06 03:16:33,INFO,auth,Session created: session_id=SESS91421
LOG0007727,2026-03-06 03:17:05,INFO,payment,Webhook received from payment provider: status=SUCCESS
LOG0008549,2026-03-06 03:18:25,INFO,auth,Session created: session_id=SESS61596
LOG0003612,2026-03-06 03:19:20,WARNING,api_gateway,Rate limit approaching for client_id=CLI606: 24/100 req/min
LOG0001991,2026-03-06 03:21:15,INFO,payment,"Payment processed: order_id=ORD35563 amount=Rp6,970,000"
LOG0006173,2026-03-06 03:27:30,ERROR,api_gateway,Circuit breaker OPEN for service: order-service
LOG0007781,2026-03-06 03:28:27,INFO,api_gateway,POST /api/v1/orders responded 201 in 101ms
LOG0008172,2026-03-06 03:30:13,INFO,payment,Currency conversion: USD→IDR for order_id=ORD19633
LOG0008406,2026-03-06 03:38:54,WARNING,api_gateway,Retry attempt 27 for downstream service user-service
LOG0002848,2026-03-06 03:43:55,INFO,database,Backup snapshot completed successfully
LOG0001197,2026-03-06 03:46:09,INFO,api_gateway,Request routed to service: order-service in 1065ms
LOG0009990,2026-03-06 03:50:36,INFO,payment,Subscription renewed: user_id=USR1959
LOG0000967,2026-03-06 03:58:45,ERROR,database,Replication lag exceeded threshold: 3360ms behind primary
LOG0005486,2026-03-06 04:00:57,WARNING,database,Long-running transaction detected: txn_id=TXN79433 (1255ms)
LOG0006092,2026-03-06 04:01:44,WARNING,api_gateway,Retry attempt 40 for downstream service inventory-service
LOG0008571,2026-03-06 04:03:39,WARNING,auth,Unusual login location detected: user_id=USR1338
LOG0005109,2026-03-06 04:03:50,WARNING,api_gateway,Rate limit approaching for client_id=CLI972: 47/100 req/min
LOG0004790,2026-03-06 04:03:52,INFO,auth,Token refreshed for user_id=USR7679
LOG0008730,2026-03-06 04:05:26,WARNING,database,Connection pool usage high: 95/20 connections
LOG0006786,2026-03-06 04:13:04,INFO,payment,Payment gateway responded OK in 728ms
LOG0009922,2026-03-06 04:17:14,INFO,auth,2FA verification passed: user_id=USR7055
LOG0000498,2026-03-06 04:19:15,ERROR,payment,Currency conversion error for order_id=ORD20768
LOG0008150,2026-03-06 04:19:24,INFO,payment,Payment gateway responded OK in 3083ms
LOG0001572,2026-03-06 04:21:05,WARNING,auth,Password reset requested for user_id=USR9805
LOG0004152,2026-03-06 04:22:59,INFO,payment,"Refund issued: order_id=ORD80245 amount=Rp9,150,000"
LOG0009100,2026-03-06 04:23:33,INFO,auth,User registered successfully: user_id=USR9641
LOG0002684,2026-03-06 04:24:23,INFO,database,Transaction committed: txn_id=TXN16843
LOG0004626,2026-03-06 04:26:01,INFO,auth,Token generated for user_id=USR3116
LOG0007968,2026-03-06 04:26:14,INFO,api_gateway,Request routed to service: user-service in 4442ms
LOG0007850,2026-03-06 04:27:40,INFO,database,Query executed: SELECT users WHERE id=USR8447 (127ms)
LOG0004768,2026-03-06 04:29:28,INFO,payment,Webhook received from payment provider: status=SUCCESS
LOG0009486,2026-03-06 04:29:45,WARNING,api_gateway,Slow response: GET /api/v1/reports took 3082ms
LOG0007922,2026-03-06 04:40:10,INFO,api_gateway,PUT /api/v1/profile responded 200 in 421ms
LOG0004057,2026-03-06 04:47:14,INFO,api_gateway,GET /api/v1/products responded 200 in 3091ms
LOG0004710,2026-03-06 04:48:29,ERROR,payment,Webhook delivery failed after 3 retries
LOG0009350,2026-03-06 04:51:55,INFO,payment,Currency conversion: USD→IDR for order_id=ORD27648
LOG0007648,2026-03-06 04:52:03,INFO,payment,Payment gateway responded OK in 3095ms
LOG0002344,2026-03-06 05:00:53,INFO,auth,User logout: user_id=USR8560
LOG0003700,2026-03-06 05:01:05,WARNING,api_gateway,High latency detected on route /api/v1/search: 4344ms
LOG0009542,2026-03-06 05:07:18,INFO,auth,Token generated for user_id=USR3058
LOG0009191,2026-03-06 05:07:48,ERROR,auth,JWT signature mismatch for user_id=USR7892
LOG0007701,2026-03-06 05:10:32,INFO,payment,Subscription renewed: user_id=USR1245
LOG0008663,2026-03-06 05:10:40,INFO,auth,2FA verification passed: user_id=USR3091
LOG0003376,2026-03-06 05:15:51,INFO,payment,Invoice generated: invoice_id=INV15355
LOG0001597,2026-03-06 05:22:39,INFO,database,Query executed: SELECT users WHERE id=USR6715 (1552ms)
LOG0005260,2026-03-06 05:23:03,INFO,payment,Payment gateway responded OK in 859ms
LOG0005134,2026-03-06 05:24:08,ERROR,payment,Fraud detection triggered: order_id=ORD93741
LOG0001245,2026-03-06 05:32:58,INFO,database,Cache hit ratio: 85% for last 5 minutes
LOG0001507,2026-03-06 05:38:06,INFO,payment,Webhook received from payment provider: status=SUCCESS
LOG0006978,2026-03-06 05:38:26,WARNING,payment,Card expiry warning for user_id=USR2820
LOG0004570,2026-03-06 05:43:44,INFO,auth,Token generated for user_id=USR3769
LOG0007049,2026-03-06 05:47:40,INFO,auth,User logout: user_id=USR6440
LOG0001257,2026-03-06 05:47:54,INFO,database,Connection pool: 21/20 active connections
LOG0004140,2026-03-06 05:52:17,INFO,api_gateway,DELETE /api/v1/item/INV55536 responded 204 in 358ms
LOG0008050,2026-03-06 06:05:56,INFO,api_gateway,Request routed to service: user-service in 2961ms
LOG0004249,2026-03-06 06:09:01,WARNING,database,Index miss on table=events: consider reindexing
LOG0007776,2026-03-06 06:09:42,ERROR,api_gateway,Circuit breaker OPEN for service: order-service
LOG0004405,2026-03-06 06:12:05,INFO,auth,User logout: user_id=USR2804
LOG0004992,2026-03-06 06:19:39,INFO,payment,Subscription renewed: user_id=USR1710
LOG0005889,2026-03-06 06:21:24,WARNING,payment,Suspicious transaction flagged: order_id=ORD27596
LOG0007177,2026-03-06 06:27:56,INFO,database,Cache hit ratio: 5% for last 5 minutes
LOG0002697,2026-03-06 06:36:28,INFO,auth,User logout: user_id=USR8688
LOG0008698,2026-03-06 06:37:56,INFO,payment,Webhook received from payment provider: status=SUCCESS
LOG0000575,2026-03-06 06:40:46,ERROR,api_gateway,POST /api/v1/payment returned 500 after 3107ms
LOG0005937,2026-03-06 06:43:12,INFO,api_gateway,GET /api/v1/products responded 200 in 4458ms
LOG0001287,2026-03-06 06:48:23,WARNING,auth,Token expiring soon for user_id=USR4238
LOG0008440,2026-03-06 06:50:23,INFO,payment,"Refund issued: order_id=ORD32545 amount=Rp9,397,000"
LOG0003772,2026-03-06 06:53:45,INFO,payment,"Payment processed: order_id=ORD97358 amount=Rp1,368,000"
LOG0006053,2026-03-06 06:56:08,INFO,api_gateway,Request routed to service: order-service in 2152ms
LOG0008207,2026-03-06 06:58:05,INFO,database,Transaction committed: txn_id=TXN38807
LOG0000096,2026-03-06 06:59:11,INFO,payment,Webhook received from payment provider: status=SUCCESS
LOG0000936,2026-03-06 07:00:15,WARNING,api_gateway,High latency detected on route /api/v1/search: 260ms
LOG0000797,2026-03-06 07:02:44,ERROR,database,Replication lag exceeded threshold: 705ms behind primary
LOG0002455,2026-03-06 07:03:09,ERROR,auth,Account locked after 5 failed attempts: user_id=USR6518
LOG0008403,2026-03-06 07:06:24,WARNING,database,Table=orders approaching max size: 72% capacity
LOG0003075,2026-03-06 07:07:03,INFO,api_gateway,DELETE /api/v1/item/INV10912 responded 204 in 3165ms
LOG0001754,2026-03-06 07:07:17,INFO,auth,2FA verification passed: user_id=USR7062
LOG0005170,2026-03-06 07:16:37,ERROR,database,Deadlock detected on table=orders: txn_id=TXN69653
LOG0000623,2026-03-06 07:20:35,INFO,payment,Webhook received from payment provider: status=SUCCESS
LOG0009102,2026-03-06 07:21:19,INFO,database,INSERT INTO orders completed (2248ms)
LOG0003711,2026-03-06 07:23:01,INFO,database,Transaction committed: txn_id=TXN70302
LOG0005456,2026-03-06 07:24:49,INFO,database,Connection pool: 43/20 active connections
LOG0007204,2026-03-06 07:27:31,INFO,auth,User login successful: user_id=USR8538
LOG0002681,2026-03-06 07:33:57,INFO,payment,Invoice generated: invoice_id=INV73193
LOG0007059,2026-03-06 07:35:17,INFO,api_gateway,PUT /api/v1/profile responded 200 in 82ms
LOG0007253,2026-03-06 07:37:31,INFO,auth,User login successful: user_id=USR5159
LOG0000842,2026-03-06 07:43:42,INFO,database,Cache hit ratio: 57% for last 5 minutes
LOG0004059,2026-03-06 07:46:03,INFO,api_gateway,PUT /api/v1/profile responded 200 in 956ms
LOG0000069,2026-03-06 07:48:52,INFO,payment,Webhook received from payment provider: status=SUCCESS
LOG0001712,2026-03-06 07:49:45,INFO,database,Index hit on table=products query (2149ms)
LOG0002635,2026-03-06 07:51:27,ERROR,database,Replication lag exceeded threshold: 3848ms behind primary
LOG0001154,2026-03-06 07:53:56,INFO,api_gateway,GET /api/v1/products responded 200 in 1446ms
LOG0000261,2026-03-06 07:55:29,INFO,api_gateway,GET /api/v1/products responded 200 in 4441ms
LOG0003118,2026-03-06 07:59:42,ERROR,payment,Payment gateway timeout after 1784ms: order_id=ORD71431
LOG0007375,2026-03-06 08:02:56,WARNING,auth,Failed login attempt for user_id=USR4329 (attempt 62/5)
LOG0005082,2026-03-06 08:05:13,INFO,auth,Password changed for user_id=USR1891
LOG0007159,2026-03-06 08:06:46,INFO,auth,2FA verification passed: user_id=USR3293
LOG0007679,2026-03-06 08:07:24,WARNING,database,Connection pool usage high: 13/20 connections
LOG0007779,2026-03-06 08:09:04,INFO,payment,Webhook received from payment provider: status=SUCCESS
LOG0008627,2026-03-06 08:12:33,WARNING,api_gateway,Rate limit approaching for client_id=CLI789: 17/100 req/min
LOG0007154,2026-03-06 08:14:48,INFO,api_gateway,PUT /api/v1/profile responded 200 in 2426ms
LOG0007107,2026-03-06 08:19:32,INFO,api_gateway,Rate limit check passed for client_id=CLI939
LOG0009098,2026-03-06 08:19:34,INFO,auth,User registered successfully: user_id=USR7566
LOG0006935,2026-03-06 08:22:03,INFO,api_gateway,DELETE /api/v1/item/INV80335 responded 204 in 3206ms
LOG0004473,2026-03-06 08:22:47,INFO,auth,Session created: session_id=SESS38917
LOG0001877,2026-03-06 08:26:54,INFO,auth,Token refreshed for user_id=USR4948
LOG0003774,2026-03-06 08:27:18,INFO,api_gateway,DELETE /api/v1/item/INV75443 responded 204 in 2076ms
LOG0003127,2026-03-06 08:27:55,INFO,payment,Webhook received from payment provider: status=SUCCESS
LOG0004078,2026-03-06 08:28:51,INFO,payment,Invoice generated: invoice_id=INV33564
LOG0002931,2026-03-06 08:37:30,ERROR,api_gateway,Upstream service user-service unreachable: connection timeout
LOG0005663,2026-03-06 08:40:58,INFO,auth,User logout: user_id=USR6932
LOG0002058,2026-03-06 08:43:16,INFO,payment,"Refund issued: order_id=ORD70803 amount=Rp1,900,000"
LOG0005574,2026-03-06 08:43:45,WARNING,database,Slow query detected: 2854ms on table=logs
LOG0004692,2026-03-06 08:44:59,INFO,api_gateway,GET /api/v1/products responded 200 in 4337ms
LOG0002838,2026-03-06 08:49:12,INFO,payment,Currency conversion: USD→IDR for order_id=ORD14663
LOG0004876,2026-03-06 08:52:06,INFO,api_gateway,Request routed to service: user-service in 1469ms
LOG0007771,2026-03-06 08:58:41,INFO,payment,Currency conversion: USD→IDR for order_id=ORD35954
LOG0006993,2026-03-06 09:01:59,INFO,api_gateway,GET /api/v1/users responded 200 in 695ms
LOG0005039,2026-03-06 09:05:32,INFO,auth,2FA verification passed: user_id=USR2562
LOG0005829,2026-03-06 09:09:50,INFO,database,Connection pool: 97/20 active connections
LOG0008648,2026-03-06 09:13:58,WARNING,database,Long-running transaction detected: txn_id=TXN69006 (642ms)
LOG0009645,2026-03-06 09:19:00,WARNING,payment,Suspicious transaction flagged: order_id=ORD87350
LOG0002692,2026-03-06 09:20:11,ERROR,payment,Fraud detection triggered: order_id=ORD71091
LOG0000674,2026-03-06 09:21:59,INFO,auth,Password changed for user_id=USR9874
LOG0007839,2026-03-06 09:24:17,INFO,api_gateway,GET /api/v1/users responded 200 in 55ms
LOG0000193,2026-03-06 09:28:38,INFO,api_gateway,DELETE /api/v1/item/INV10114 responded 204 in 2928ms
LOG0001862,2026-03-06 09:31:11,WARNING,api_gateway,High latency detected on route /api/v1/search: 3207ms
LOG0004274,2026-03-06 09:31:11,INFO,database,Transaction committed: txn_id=TXN53899
LOG0000350,2026-03-06 09:38:38,WARNING,auth,Password reset requested for user_id=USR5497
LOG0003877,2026-03-06 09:38:47,INFO,auth,User logout: user_id=USR2735
LOG0005787,2026-03-06 09:41:13,INFO,database,Backup snapshot completed successfully
LOG0004721,2026-03-06 09:51:06,WARNING,auth,Unusual login location detected: user_id=USR6176
LOG0000468,2026-03-06 09:52:19,WARNING,payment,Card expiry warning for user_id=USR6488
LOG0003121,2026-03-06 09:55:41,INFO,api_gateway,DELETE /api/v1/item/INV17748 responded 204 in 3255ms
LOG0004814,2026-03-06 09:56:18,INFO,database,Backup snapshot completed successfully
LOG0008834,2026-03-06 09:56:59,ERROR,api_gateway,Circuit breaker OPEN for service: inventory-service
LOG0001274,2026-03-06 10:00:27,WARNING,database,Slow query detected: 4335ms on table=logs
LOG0005910,2026-03-06 10:04:51,INFO,auth,Token generated for user_id=USR2603
LOG0008318,2026-03-06 10:05:46,INFO,payment,Invoice generated: invoice_id=INV27471
LOG0005707,2026-03-06 10:06:43,INFO,api_gateway,DELETE /api/v1/item/INV36519 responded 204 in 383ms
LOG0004025,2026-03-06 10:09:01,INFO,payment,Payment gateway responded OK in 2141ms
LOG0007392,2026-03-06 10:10:56,INFO,database,Index hit on table=products query (4364ms)
LOG0004764,2026-03-06 10:11:22,INFO,api_gateway,GET /api/v1/users responded 200 in 4006ms
LOG0000878,2026-03-06 10:11:36,INFO,database,Connection pool: 58/20 active connections
LOG0003236,2026-03-06 10:14:13,WARNING,auth,Token expiring soon for user_id=USR5197
LOG0008583,2026-03-06 10:14:33,INFO,api_gateway,PUT /api/v1/profile responded 200 in 2508ms
LOG0009632,2026-03-06 10:17:31,INFO,payment,Webhook received from payment provider: status=SUCCESS
LOG0001400,2026-03-06 10:23:24,WARNING,database,Slow query detected: 3882ms on table=logs
LOG0009484,2026-03-06 10:23:51,INFO,payment,Webhook received from payment provider: status=SUCCESS
LOG0004939,2026-03-06 10:40:34,INFO,api_gateway,Request routed to service: inventory-service in 164ms
LOG0003817,2026-03-06 10:41:54,INFO,database,Index hit on table=products query (1283ms)
LOG0000331,2026-03-06 10:49:33,INFO,api_gateway,GET /api/v1/users responded 200 in 4220ms
LOG0005723,2026-03-06 10:50:37,INFO,api_gateway,Rate limit check passed for client_id=CLI966
LOG0009143,2026-03-06 10:52:57,INFO,auth,Password changed for user_id=USR6563
LOG0008382,2026-03-06 10:57:08,INFO,auth,Password changed for user_id=USR7001
LOG0008951,2026-03-06 10:59:11,INFO,auth,2FA verification passed: user_id=USR9261
LOG0008121,2026-03-06 10:59:55,INFO,api_gateway,Rate limit check passed for client_id=CLI516
LOG0004464,2026-03-06 11:07:41,INFO,auth,User logout: user_id=USR2483
LOG0007428,2026-03-06 11:10:12,INFO,auth,User registered successfully: user_id=USR8623
LOG0003067,2026-03-06 11:10:45,INFO,database,Connection pool: 57/20 active connections
LOG0009588,2026-03-06 11:12:42,INFO,auth,User login successful: user_id=USR6768
LOG0000205,2026-03-06 11:18:36,INFO,database,Connection pool: 92/20 active connections
LOG0006830,2026-03-06 11:18:55,INFO,auth,Session created: session_id=SESS75737
LOG0003795,2026-03-06 11:20:04,INFO,api_gateway,PUT /api/v1/profile responded 200 in 975ms
LOG0005635,2026-03-06 11:41:14,INFO,api_gateway,POST /api/v1/orders responded 201 in 2697ms
LOG0004258,2026-03-06 11:43:07,WARNING,database,Index miss on table=events: consider reindexing
LOG0004520,2026-03-06 11:43:52,INFO,database,Backup snapshot completed successfully
LOG0002661,2026-03-06 11:46:10,WARNING,auth,Token expiring soon for user_id=USR7329
LOG0000253,2026-03-06 11:46:30,INFO,database,Index hit on table=products query (712ms)
LOG0000282,2026-03-06 11:48:48,INFO,database,INSERT INTO orders completed (1235ms)
LOG0006144,2026-03-06 11:50:33,INFO,api_gateway,GET /api/v1/products responded 200 in 2914ms
LOG0000098,2026-03-06 11:52:10,INFO,auth,User logout: user_id=USR3848
LOG0009245,2026-03-06 11:53:13,INFO,api_gateway,GET /api/v1/users responded 200 in 3578ms
LOG0009179,2026-03-06 11:55:18,INFO,database,Backup snapshot completed successfully
LOG0004862,2026-03-06 11:55:50,WARNING,api_gateway,High latency detected on route /api/v1/search: 347ms
LOG0006737,2026-03-06 11:56:03,INFO,api_gateway,GET /api/v1/products responded 200 in 3781ms
LOG0007198,2026-03-06 11:57:02,INFO,database,Query executed: SELECT users WHERE id=USR5116 (3409ms)
LOG0008903,2026-03-06 11:59:51,INFO,payment,Invoice generated: invoice_id=INV14347
LOG0000519,2026-03-06 12:07:18,INFO,auth,User logout: user_id=USR8336
LOG0006104,2026-03-06 12:11:35,WARNING,api_gateway,Rate limit approaching for client_id=CLI740: 63/100 req/min
LOG0000793,2026-03-06 12:11:58,INFO,database,Query executed: SELECT users WHERE id=USR5725 (1840ms)
LOG0007424,2026-03-06 12:16:53,INFO,api_gateway,POST /api/v1/orders responded 201 in 3483ms
LOG0003990,2026-03-06 12:19:32,INFO,payment,Payment gateway responded OK in 3896ms
LOG0005278,2026-03-06 12:27:07,INFO,database,INSERT INTO orders completed (1830ms)
LOG0002799,2026-03-06 12:30:33,INFO,payment,Subscription renewed: user_id=USR3717
LOG0000861,2026-03-06 12:30:43,INFO,api_gateway,PUT /api/v1/profile responded 200 in 1102ms
LOG0002846,2026-03-06 12:38:02,INFO,database,Cache hit ratio: 49% for last 5 minutes
LOG0003008,2026-03-06 12:45:35,WARNING,auth,Unusual login location detected: user_id=USR1671
LOG0007954,2026-03-06 12:45:44,INFO,database,Transaction committed: txn_id=TXN92144
LOG0004485,2026-03-06 12:46:42,INFO,database,Transaction committed: txn_id=TXN50752
LOG0006119,2026-03-06 12:46:53,INFO,payment,Currency conversion: USD→IDR for order_id=ORD41668
LOG0009598,2026-03-06 12:47:31,WARNING,database,Connection pool usage high: 98/20 connections
LOG0003440,2026-03-06 12:54:41,WARNING,database,Table=orders approaching max size: 91% capacity
LOG0001478,2026-03-06 13:07:35,INFO,payment,Payment gateway responded OK in 1750ms
LOG0002638,2026-03-06 13:11:44,WARNING,auth,Password reset requested for user_id=USR1459
LOG0005220,2026-03-06 13:13:59,ERROR,database,Replication lag exceeded threshold: 3808ms behind primary
LOG0008724,2026-03-06 13:14:48,INFO,database,Connection pool: 35/20 active connections
LOG0006515,2026-03-06 13:18:03,INFO,api_gateway,Rate limit check passed for client_id=CLI100
LOG0007239,2026-03-06 13:25:58,ERROR,payment,Webhook delivery failed after 3 retries
LOG0000531,2026-03-06 13:26:50,INFO,payment,Currency conversion: USD→IDR for order_id=ORD76146
LOG0004188,2026-03-06 13:27:04,INFO,database,INSERT INTO orders completed (504ms)
LOG0006085,2026-03-06 13:28:33,INFO,api_gateway,Request routed to service: order-service in 2234ms
LOG0002618,2026-03-06 13:32:24,WARNING,api_gateway,Slow response: GET /api/v1/reports took 3240ms
LOG0008029,2026-03-06 13:32:43,INFO,database,INSERT INTO orders completed (530ms)
LOG0009691,2026-03-06 13:34:37,INFO,api_gateway,GET /api/v1/products responded 200 in 282ms
LOG0000327,2026-03-06 13:43:11,WARNING,auth,Failed login attempt for user_id=USR6526 (attempt 44/5)
LOG0006151,2026-03-06 13:44:19,WARNING,payment,High transaction volume: 69 TPS (threshold: 50 TPS)
LOG0008737,2026-03-06 13:53:57,INFO,auth,Token refreshed for user_id=USR1044
LOG0004507,2026-03-06 13:55:16,WARNING,database,Index miss on table=events: consider reindexing
LOG0002223,2026-03-06 13:56:30,INFO,payment,Payment gateway responded OK in 1334ms
LOG0005629,2026-03-06 13:56:59,ERROR,database,Disk usage critical: 38% on /var/lib/postgres
LOG0005207,2026-03-06 13:58:09,INFO,database,Query executed: SELECT users WHERE id=USR3794 (3713ms)
LOG0008373,2026-03-06 13:58:48,INFO,payment,Invoice generated: invoice_id=INV89408
LOG0000528,2026-03-06 13:59:55,INFO,payment,Currency conversion: USD→IDR for order_id=ORD28393
LOG0002005,2026-03-06 14:03:57,INFO,payment,Subscription renewed: user_id=USR8137
LOG0003961,2026-03-06 14:05:11,INFO,payment,"Refund issued: order_id=ORD20682 amount=Rp7,068,000"
LOG0005287,2026-03-06 14:05:41,INFO,auth,Token generated for user_id=USR7000
LOG0000352,2026-03-06 14:08:28,INFO,payment,Invoice generated: invoice_id=INV22491
LOG0009005,2026-03-06 14:09:15,INFO,auth,User registered successfully: user_id=USR4618
LOG0007393,2026-03-06 14:12:37,INFO,database,Index hit on table=products query (2052ms)
LOG0009982,2026-03-06 14:13:03,INFO,payment,Invoice generated: invoice_id=INV41603
LOG0001600,2026-03-06 14:13:17,WARNING,database,Table=orders approaching max size: 42% capacity
LOG0004443,2026-03-06 14:13:50,INFO,auth,Password changed for user_id=USR9188
LOG0000790,2026-03-06 14:15:52,INFO,payment,Currency conversion: USD→IDR for order_id=ORD54012
LOG0003468,2026-03-06 14:16:29,INFO,database,Query executed: SELECT users WHERE id=USR3867 (3683ms)
LOG0000116,2026-03-06 14:18:14,INFO,api_gateway,PUT /api/v1/profile responded 200 in 1415ms
LOG0007847,2026-03-06 14:19:24,INFO,api_gateway,GET /api/v1/products responded 200 in 3289ms
LOG0006618,2026-03-06 14:23:08,WARNING,auth,Token expiring soon for user_id=USR9968
LOG0006416,2026-03-06 14:26:25,WARNING,api_gateway,Rate limit approaching for client_id=CLI965: 63/100 req/min
LOG0000423,2026-03-06 14:28:13,WARNING,api_gateway,Deprecated endpoint called: /api/v0/users by client_id=CLI894
LOG0003415,2026-03-06 14:28:52,ERROR,payment,Payment gateway timeout after 3255ms: order_id=ORD18538
LOG0001546,2026-03-06 14:30:44,INFO,database,Backup snapshot completed successfully
LOG0000332,2026-03-06 14:34:26,INFO,api_gateway,POST /api/v1/orders responded 201 in 883ms
LOG0008557,2026-03-06 14:36:25,INFO,api_gateway,Rate limit check passed for client_id=CLI382
LOG0006225,2026-03-06 14:37:15,INFO,database,Query executed: SELECT users WHERE id=USR9005 (3092ms)
LOG0006205,2026-03-06 14:37:29,WARNING,database,Table=orders approaching max size: 39% capacity
LOG0002023,2026-03-06 14:39:46,INFO,auth,Token refreshed for user_id=USR7316
LOG0000444,2026-03-06 14:41:20,WARNING,database,Long-running transaction detected: txn_id=TXN48407 (3754ms)
LOG0001098,2026-03-06 14:41:50,INFO,database,INSERT INTO orders completed (2142ms)
LOG0009504,2026-03-06 14:48:00,INFO,api_gateway,Rate limit check passed for client_id=CLI480
LOG0007252,2026-03-06 14:49:44,INFO,auth,Token refreshed for user_id=USR4673
LOG0009368,2026-03-06 14:51:03,INFO,api_gateway,POST /api/v1/orders responded 201 in 1075ms
LOG0001183,2026-03-06 14:54:58,WARNING,auth,Unusual login location detected: user_id=USR2237
LOG0001687,2026-03-06 14:58:26,INFO,payment,Currency conversion: USD→IDR for order_id=ORD48754
LOG0000286,2026-03-06 15:04:37,INFO,auth,Token refreshed for user_id=USR6139
LOG0006611,2026-03-06 15:10:45,INFO,payment,Webhook received from payment provider: status=SUCCESS
LOG0006467,2026-03-06 15:14:45,INFO,payment,"Payment processed: order_id=ORD58507 amount=Rp7,597,000"
LOG0001882,2026-03-06 15:17:22,INFO,auth,Token refreshed for user_id=USR4158
LOG0006015,2026-03-06 15:17:40,INFO,auth,User login successful: user_id=USR8363
LOG0005708,2026-03-06 15:21:16,INFO,api_gateway,DELETE /api/v1/item/INV66957 responded 204 in 2645ms
LOG0003302,2026-03-06 15:24:55,ERROR,payment,Payment failed: order_id=ORD92207 reason=insufficient_funds
LOG0004651,2026-03-06 15:26:13,INFO,auth,Session created: session_id=SESS45794
LOG0007267,2026-03-06 15:26:45,INFO,database,Transaction committed: txn_id=TXN92080
LOG0008846,2026-03-06 15:29:06,WARNING,api_gateway,Slow response: GET /api/v1/reports took 4066ms
LOG0005241,2026-03-06 15:31:53,INFO,database,Cache hit ratio: 21% for last 5 minutes
LOG0008665,2026-03-06 15:32:20,INFO,database,Index hit on table=products query (1543ms)
LOG0005203,2026-03-06 15:37:46,WARNING,payment,Payment retry attempt 66/3 for order_id=ORD60199
LOG0008075,2026-03-06 15:38:02,INFO,database,INSERT INTO orders completed (2219ms)
LOG0003454,2026-03-06 15:39:44,INFO,payment,Currency conversion: USD→IDR for order_id=ORD83465
LOG0008984,2026-03-06 15:40:58,INFO,auth,User logout: user_id=USR6425
LOG0005174,2026-03-06 15:41:23,INFO,api_gateway,Rate limit check passed for client_id=CLI302
LOG0004207,2026-03-06 15:43:05,ERROR,database,Disk usage critical: 88% on /var/lib/postgres
LOG0006840,2026-03-06 15:44:11,INFO,payment,Webhook received from payment provider: status=SUCCESS
LOG0000176,2026-03-06 15:47:56,INFO,auth,User logout: user_id=USR3671
LOG0001541,2026-03-06 15:49:37,INFO,api_gateway,PUT /api/v1/profile responded 200 in 2962ms
LOG0002271,2026-03-06 15:50:46,ERROR,auth,Session expired: user_id=USR9277
LOG0004913,2026-03-06 15:51:08,WARNING,auth,Token expiring soon for user_id=USR4188
LOG0002126,2026-03-06 15:51:22,INFO,auth,2FA verification passed: user_id=USR2727
LOG0005696,2026-03-06 15:57:35,WARNING,auth,Failed login attempt for user_id=USR5555 (attempt 99/5)
LOG0007796,2026-03-06 16:09:30,INFO,auth,User login successful: user_id=USR9250
LOG0009019,2026-03-06 16:09:38,INFO,auth,Session created: session_id=SESS13199
LOG0000053,2026-03-06 16:09:58,INFO,database,Connection pool: 96/20 active connections
LOG0004425,2026-03-06 16:10:48,INFO,api_gateway,PUT /api/v1/profile responded 200 in 3429ms
LOG0007525,2026-03-06 16:16:35,INFO,auth,User registered successfully: user_id=USR6233
LOG0000727,2026-03-06 16:16:40,INFO,payment,Payment gateway responded OK in 2118ms
LOG0005669,2026-03-06 16:21:42,INFO,auth,User login successful: user_id=USR4401
LOG0000656,2026-03-06 16:22:39,WARNING,database,Table=orders approaching max size: 47% capacity
LOG0000381,2026-03-06 16:23:39,WARNING,auth,Token expiring soon for user_id=USR4756
LOG0005479,2026-03-06 16:25:47,INFO,payment,Webhook received from payment provider: status=SUCCESS
LOG0000711,2026-03-06 16:36:21,WARNING,api_gateway,Slow response: GET /api/v1/reports took 2546ms
LOG0002416,2026-03-06 16:40:58,INFO,api_gateway,POST /api/v1/orders responded 201 in 4030ms
LOG0007846,2026-03-06 16:44:29,INFO,database,Cache hit ratio: 60% for last 5 minutes
LOG0000503,2026-03-06 16:47:03,ERROR,database,Replication lag exceeded threshold: 3460ms behind primary
LOG0006102,2026-03-06 16:47:52,INFO,database,Query executed: SELECT users WHERE id=USR6157 (3717ms)
LOG0004498,2026-03-06 16:48:05,INFO,auth,Password changed for user_id=USR4989
LOG0001993,2026-03-06 16:48:06,ERROR,api_gateway,Invalid request schema on POST /api/v1/orders
LOG0007116,2026-03-06 16:48:40,INFO,api_gateway,POST /api/v1/orders responded 201 in 3847ms
LOG0002994,2026-03-06 16:50:29,INFO,auth,User registered successfully: user_id=USR1961
LOG0003860,2026-03-06 16:51:23,INFO,auth,Session created: session_id=SESS20224
LOG0003947,2026-03-06 16:56:14,INFO,database,Backup snapshot completed successfully
LOG0002417,2026-03-06 16:56:23,INFO,database,Query executed: SELECT users WHERE id=USR5134 (2048ms)
LOG0002313,2026-03-06 16:56:48,INFO,auth,User login successful: user_id=USR3144
LOG0007807,2026-03-06 17:02:08,INFO,payment,Subscription renewed: user_id=USR5705
LOG0006013,2026-03-06 17:04:20,INFO,payment,Currency conversion: USD→IDR for order_id=ORD75893
LOG0000744,2026-03-06 17:05:52,ERROR,payment,Payment gateway timeout after 1348ms: order_id=ORD78980
LOG0006314,2026-03-06 17:08:41,WARNING,database,Long-running transaction detected: txn_id=TXN71551 (4347ms)
LOG0004212,2026-03-06 17:13:37,ERROR,auth,Account locked after 5 failed attempts: user_id=USR3741
LOG0005695,2026-03-06 17:25:14,INFO,auth,Token generated for user_id=USR3061
LOG0002116,2026-03-06 17:25:47,INFO,auth,User login successful: user_id=USR5472
LOG0001155,2026-03-06 17:31:22,INFO,api_gateway,POST /api/v1/orders responded 201 in 94ms
LOG0001579,2026-03-06 17:32:46,WARNING,api_gateway,Retry attempt 75 for downstream service user-service
LOG0000086,2026-03-06 17:35:40,ERROR,database,Query failed: syntax error near 'SELCT'
LOG0001651,2026-03-06 17:37:47,INFO,auth,Token refreshed for user_id=USR3928
LOG0002770,2026-03-06 17:39:40,ERROR,auth,Session expired: user_id=USR1813
LOG0009160,2026-03-06 17:41:41,INFO,api_gateway,Request routed to service: order-service in 4380ms
LOG0000127,2026-03-06 17:42:47,ERROR,payment,Currency conversion error for order_id=ORD24906
LOG0000627,2026-03-06 17:46:04,WARNING,database,Slow query detected: 3713ms on table=logs
LOG0002748,2026-03-06 17:47:24,INFO,database,Backup snapshot completed successfully
LOG0000476,2026-03-06 17:50:30,ERROR,auth,JWT signature mismatch for user_id=USR2287
LOG0001425,2026-03-06 17:51:11,INFO,api_gateway,GET /api/v1/users responded 200 in 1112ms
LOG0007505,2026-03-06 17:53:18,INFO,payment,Invoice generated: invoice_id=INV60159
LOG0002716,2026-03-06 17:54:21,INFO,database,Query executed: SELECT users WHERE id=USR3964 (853ms)
LOG0008431,2026-03-06 18:00:32,INFO,api_gateway,GET /api/v1/products responded 200 in 4283ms
LOG0007820,2026-03-06 18:01:13,INFO,api_gateway,POST /api/v1/orders responded 201 in 3491ms
LOG0003316,2026-03-06 18:05:21,INFO,database,Backup snapshot completed successfully
LOG0004559,2026-03-06 18:06:00,INFO,payment,Payment gateway responded OK in 4227ms
LOG0000800,2026-03-06 18:06:33,INFO,database,Transaction committed: txn_id=TXN45098
LOG0007898,2026-03-06 18:07:49,ERROR,database,Disk usage critical: 44% on /var/lib/postgres
LOG0006000,2026-03-06 18:10:07,ERROR,api_gateway,Upstream service inventory-service unreachable: connection timeout
LOG0001918,2026-03-06 18:13:37,INFO,database,Index hit on table=products query (2490ms)
LOG0001876,2026-03-06 18:14:34,WARNING,database,Slow query detected: 1095ms on table=logs
LOG0003363,2026-03-06 18:16:34,ERROR,payment,Webhook delivery failed after 3 retries
LOG0004754,2026-03-06 18:17:29,WARNING,auth,Token expiring soon for user_id=USR4118
LOG0009848,2026-03-06 18:23:47,INFO,database,Cache hit ratio: 59% for last 5 minutes
LOG0000251,2026-03-06 18:23:48,INFO,payment,"Refund issued: order_id=ORD54007 amount=Rp5,720,000"
LOG0004807,2026-03-06 18:24:30,INFO,database,Transaction committed: txn_id=TXN96929
LOG0009422,2026-03-06 18:28:41,INFO,payment,"Payment processed: order_id=ORD30632 amount=Rp9,426,000"
LOG0007203,2026-03-06 18:29:27,INFO,api_gateway,GET /api/v1/products responded 200 in 1675ms
LOG0007949,2026-03-06 18:33:25,INFO,payment,"Refund issued: order_id=ORD37177 amount=Rp9,873,000"
LOG0005586,2026-03-06 18:33:30,INFO,database,Connection pool: 22/20 active connections
LOG0004151,2026-03-06 18:35:31,INFO,payment,Payment gateway responded OK in 1990ms
LOG0006131,2026-03-06 18:35:53,INFO,database,INSERT INTO orders completed (2543ms)
LOG0009125,2026-03-06 18:37:46,INFO,auth,2FA verification passed: user_id=USR3768
LOG0004826,2026-03-06 18:43:55,INFO,database,Query executed: SELECT users WHERE id=USR2229 (1777ms)
LOG0005364,2026-03-06 18:48:11,INFO,auth,User logout: user_id=USR5533
LOG0000854,2026-03-06 18:49:46,INFO,auth,2FA verification passed: user_id=USR3198
LOG0007511,2026-03-06 18:50:53,ERROR,payment,Fraud detection triggered: order_id=ORD58681
LOG0006585,2026-03-06 18:52:02,WARNING,auth,Password reset requested for user_id=USR2951
LOG0000308,2026-03-06 18:59:18,INFO,auth,Token refreshed for user_id=USR8462
LOG0006855,2026-03-06 18:59:19,INFO,api_gateway,Request routed to service: order-service in 1805ms
LOG0005047,2026-03-06 19:01:03,INFO,payment,Invoice generated: invoice_id=INV95272
LOG0009106,2026-03-06 19:03:07,INFO,database,Connection pool: 95/20 active connections
LOG0003944,2026-03-06 19:03:37,INFO,database,INSERT INTO orders completed (2186ms)
LOG0003890,2026-03-06 19:08:21,INFO,api_gateway,GET /api/v1/users responded 200 in 1456ms
LOG0007313,2026-03-06 19:12:41,INFO,auth,User logout: user_id=USR5154
LOG0006439,2026-03-06 19:14:02,INFO,auth,User registered successfully: user_id=USR4208
LOG0003257,2026-03-06 19:17:01,ERROR,auth,Account locked after 5 failed attempts: user_id=USR4937
LOG0008703,2026-03-06 19:19:20,WARNING,database,Index miss on table=events: consider reindexing
LOG0007292,2026-03-06 19:19:39,INFO,api_gateway,PUT /api/v1/profile responded 200 in 331ms
LOG0004690,2026-03-06 19:23:51,WARNING,auth,Token expiring soon for user_id=USR7131
LOG0004121,2026-03-06 19:24:03,INFO,payment,Currency conversion: USD→IDR for order_id=ORD38025
LOG0003041,2026-03-06 19:26:52,ERROR,api_gateway,Rate limit exceeded for client_id=CLI714
LOG0000192,2026-03-06 19:30:00,ERROR,api_gateway,Circuit breaker OPEN for service: order-service
LOG0001633,2026-03-06 19:30:32,WARNING,api_gateway,Rate limit approaching for client_id=CLI924: 3/100 req/min
LOG0000893,2026-03-06 19:30:44,INFO,api_gateway,DELETE /api/v1/item/INV17721 responded 204 in 990ms
LOG0004698,2026-03-06 19:32:38,ERROR,database,Replication lag exceeded threshold: 4092ms behind primary
LOG0002738,2026-03-06 19:33:03,INFO,auth,User logout: user_id=USR2430
LOG0005691,2026-03-06 19:33:23,INFO,auth,Token generated for user_id=USR3291
LOG0006900,2026-03-06 19:35:00,INFO,api_gateway,PUT /api/v1/profile responded 200 in 4277ms
LOG0004043,2026-03-06 19:39:28,INFO,payment,"Refund issued: order_id=ORD19943 amount=Rp7,182,000"
LOG0008360,2026-03-06 19:40:12,INFO,api_gateway,POST /api/v1/orders responded 201 in 1689ms
LOG0001819,2026-03-06 19:42:54,INFO,database,Connection pool: 93/20 active connections
LOG0005805,2026-03-06 19:43:00,INFO,api_gateway,GET /api/v1/products responded 200 in 1819ms
LOG0005435,2026-03-06 19:43:31,WARNING,api_gateway,Rate limit approaching for client_id=CLI517: 96/100 req/min
LOG0009347,2026-03-06 19:46:00,INFO,api_gateway,POST /api/v1/orders responded 201 in 2077ms
LOG0008636,2026-03-06 19:51:27,INFO,database,Cache hit ratio: 45% for last 5 minutes
LOG0007063,2026-03-06 19:56:11,INFO,payment,Invoice generated: invoice_id=INV93088
LOG0001632,2026-03-06 19:59:08,INFO,database,Transaction committed: txn_id=TXN15279
LOG0004313,2026-03-06 20:01:17,WARNING,database,Index miss on table=events: consider reindexing
LOG0007845,2026-03-06 20:01:34,WARNING,database,Long-running transaction detected: txn_id=TXN64887 (350ms)
LOG0004433,2026-03-06 20:02:11,ERROR,auth,JWT signature mismatch for user_id=USR8334
LOG0000453,2026-03-06 20:02:14,INFO,api_gateway,PUT /api/v1/profile responded 200 in 1366ms
LOG0004976,2026-03-06 20:02:34,INFO,payment,Webhook received from payment provider: status=SUCCESS
LOG0000266,2026-03-06 20:03:36,WARNING,api_gateway,Rate limit approaching for client_id=CLI838: 96/100 req/min
LOG0005830,2026-03-06 20:03:40,INFO,auth,Token generated for user_id=USR6652
LOG0003693,2026-03-06 20:14:57,INFO,api_gateway,Request routed to service: order-service in 1904ms
LOG0008036,2026-03-06 20:15:50,INFO,database,Transaction committed: txn_id=TXN15017
LOG0001076,2026-03-06 20:15:51,WARNING,api_gateway,Slow response: GET /api/v1/reports took 2152ms
LOG0008217,2026-03-06 20:18:15,INFO,auth,User registered successfully: user_id=USR8673
LOG0003786,2026-03-06 20:18:40,ERROR,auth,Session expired: user_id=USR2383
LOG0005378,2026-03-06 20:19:23,INFO,auth,Token refreshed for user_id=USR9632
LOG0004744,2026-03-06 20:19:40,WARNING,auth,Token expiring soon for user_id=USR6880
LOG0000123,2026-03-06 20:24:20,INFO,database,INSERT INTO orders completed (2916ms)
LOG0007391,2026-03-06 20:24:41,INFO,api_gateway,GET /api/v1/users responded 200 in 179ms
LOG0004031,2026-03-06 20:26:54,INFO,auth,Token refreshed for user_id=USR4144
LOG0004907,2026-03-06 20:27:05,INFO,auth,Token refreshed for user_id=USR8927
LOG0000378,2026-03-06 20:30:42,INFO,api_gateway,POST /api/v1/orders responded 201 in 514ms
LOG0005467,2026-03-06 20:32:17,INFO,auth,Token generated for user_id=USR6959
LOG0006622,2026-03-06 20:35:53,INFO,auth,Token refreshed for user_id=USR4365
LOG0006835,2026-03-06 20:39:19,ERROR,database,Deadlock detected on table=orders: txn_id=TXN83144
LOG0006447,2026-03-06 20:40:38,WARNING,auth,Unusual login location detected: user_id=USR9554
LOG0008804,2026-03-06 20:44:59,INFO,payment,Payment gateway responded OK in 2440ms
LOG0000367,2026-03-06 20:50:11,INFO,api_gateway,Rate limit check passed for client_id=CLI635
LOG0004736,2026-03-06 20:50:58,ERROR,api_gateway,Invalid request schema on POST /api/v1/orders
LOG0001524,2026-03-06 20:54:49,ERROR,api_gateway,Upstream service inventory-service unreachable: connection timeout
LOG0008206,2026-03-06 21:03:13,ERROR,api_gateway,Invalid request schema on POST /api/v1/orders
LOG0001496,2026-03-06 21:04:51,WARNING,api_gateway,Slow response: GET /api/v1/reports took 2029ms
LOG0003328,2026-03-06 21:08:55,WARNING,database,Table=orders approaching max size: 19% capacity
LOG0008375,2026-03-06 21:14:08,INFO,auth,Token generated for user_id=USR4359
LOG0007348,2026-03-06 21:19:38,INFO,database,Query executed: SELECT users WHERE id=USR4493 (511ms)
LOG0002763,2026-03-06 21:23:51,INFO,database,Query executed: SELECT users WHERE id=USR3260 (2062ms)
LOG0001205,2026-03-06 21:25:22,INFO,auth,User registered successfully: user_id=USR7544
LOG0000270,2026-03-06 21:26:08,INFO,database,Index hit on table=products query (283ms)
LOG0003900,2026-03-06 21:27:18,WARNING,api_gateway,Retry attempt 31 for downstream service inventory-service
LOG0008678,2026-03-06 21:27:20,ERROR,database,Query failed: syntax error near 'SELCT'
LOG0008395,2026-03-06 21:29:33,INFO,api_gateway,Request routed to service: user-service in 135ms
LOG0004615,2026-03-06 21:31:18,ERROR,payment,Webhook delivery failed after 3 retries
LOG0007497,2026-03-06 21:36:54,WARNING,auth,Unusual login location detected: user_id=USR7062
LOG0000826,2026-03-06 21:41:14,INFO,database,Backup snapshot completed successfully
LOG0003901,2026-03-06 21:42:15,INFO,api_gateway,Request routed to service: inventory-service in 3136ms
LOG0002170,2026-03-06 21:45:38,INFO,payment,Invoice generated: invoice_id=INV51996
LOG0004572,2026-03-06 21:50:19,INFO,payment,Invoice generated: invoice_id=INV57123
LOG0001301,2026-03-06 21:53:04,INFO,payment,Subscription renewed: user_id=USR6060
LOG0005634,2026-03-06 21:58:30,INFO,auth,Token refreshed for user_id=USR8751
LOG0007483,2026-03-06 21:59:33,ERROR,api_gateway,Circuit breaker OPEN for service: order-service
LOG0005055,2026-03-06 22:00:53,INFO,api_gateway,Rate limit check passed for client_id=CLI149
LOG0009312,2026-03-06 22:07:20,INFO,api_gateway,PUT /api/v1/profile responded 200 in 4269ms
LOG0005570,2026-03-06 22:08:14,INFO,api_gateway,DELETE /api/v1/item/INV77688 responded 204 in 958ms
LOG0004103,2026-03-06 22:09:13,INFO,auth,User logout: user_id=USR2307
LOG0002436,2026-03-06 22:14:16,INFO,payment,Subscription renewed: user_id=USR9043
LOG0006620,2026-03-06 22:17:43,INFO,auth,Password changed for user_id=USR9427
LOG0009202,2026-03-06 22:18:29,ERROR,api_gateway,Rate limit exceeded for client_id=CLI746
LOG0006563,2026-03-06 22:20:49,WARNING,auth,Failed login attempt for user_id=USR6605 (attempt 56/5)
LOG0007619,2026-03-06 22:22:10,INFO,auth,Password changed for user_id=USR9037
LOG0007763,2026-03-06 22:22:33,INFO,database,Cache hit ratio: 14% for last 5 minutes
LOG0000483,2026-03-06 22:28:39,WARNING,api_gateway,Deprecated endpoint called: /api/v0/users by client_id=CLI417
LOG0002550,2026-03-06 22:31:46,INFO,payment,Subscription renewed: user_id=USR7073
LOG0002580,2026-03-06 22:32:39,WARNING,payment,High transaction volume: 50 TPS (threshold: 50 TPS)
LOG0002462,2026-03-06 22:34:18,INFO,auth,User logout: user_id=USR3398
LOG0000059,2026-03-06 22:35:12,ERROR,api_gateway,POST /api/v1/payment returned 500 after 624ms
LOG0007941,2026-03-06 22:35:42,INFO,database,Cache hit ratio: 6% for last 5 minutes
LOG0005113,2026-03-06 22:38:50,INFO,database,Connection pool: 19/20 active connections
LOG0005714,2026-03-06 22:42:56,INFO,payment,Invoice generated: invoice_id=INV29674
LOG0008044,2026-03-06 22:43:33,INFO,api_gateway,DELETE /api/v1/item/INV53675 responded 204 in 1795ms
LOG0001031,2026-03-06 22:51:29,INFO,api_gateway,GET /api/v1/products responded 200 in 509ms
LOG0004118,2026-03-06 22:55:10,WARNING,auth,Failed login attempt for user_id=USR5628 (attempt 18/5)
LOG0009532,2026-03-06 22:59:12,INFO,api_gateway,POST /api/v1/orders responded 201 in 782ms
LOG0008545,2026-03-06 22:59:23,INFO,payment,Currency conversion: USD→IDR for order_id=ORD96536
LOG0005536,2026-03-06 23:01:29,INFO,database,Index hit on table=products query (1108ms)
LOG0006440,2026-03-06 23:03:04,INFO,auth,Session created: session_id=SESS67229
LOG0007025,2026-03-06 23:03:15,INFO,database,INSERT INTO orders completed (1377ms)
LOG0005482,2026-03-06 23:03:30,INFO,api_gateway,POST /api/v1/orders responded 201 in 4279ms
LOG0007767,2026-03-06 23:10:24,INFO,auth,Token refreshed for user_id=USR2706
LOG0000212,2026-03-06 23:19:34,INFO,auth,Token refreshed for user_id=USR7997
LOG0006517,2026-03-06 23:19:49,INFO,payment,Subscription renewed: user_id=USR1472
LOG0003872,2026-03-06 23:30:12,WARNING,payment,Payment retry attempt 49/3 for order_id=ORD49243
LOG0006210,2026-03-06 23:30:29,INFO,api_gateway,DELETE /api/v1/item/INV86928 responded 204 in 2485ms
LOG0002559,2026-03-06 23:31:52,WARNING,database,Connection pool usage high: 11/20 connections
LOG0009401,2026-03-06 23:40:53,WARNING,database,Index miss on table=events: consider reindexing
LOG0002515,2026-03-06 23:42:16,INFO,api_gateway,Rate limit check passed for client_id=CLI476
LOG0003384,2026-03-06 23:43:19,INFO,database,Index hit on table=products query (1457ms)
LOG0006578,2026-03-06 23:43:54,INFO,payment,Subscription renewed: user_id=USR3081
LOG0002719,2026-03-06 23:44:12,INFO,payment,Invoice generated: invoice_id=INV42800
LOG0007262,2026-03-06 23:45:05,INFO,payment,"Payment processed: order_id=ORD44944 amount=Rp9,351,000"
LOG0002778,2026-03-06 23:49:23,WARNING,payment,Payment provider response slow: 1156ms
LOG0001389,2026-03-06 23:50:19,INFO,auth,Session created: session_id=SESS39015
LOG0008587,2026-03-06 23:54:46,INFO,payment,"Refund issued: order_id=ORD12989 amount=Rp1,613,000"
LOG0007000,2026-03-06 23:55:19,INFO,payment,"Payment processed: order_id=ORD79367 amount=Rp7,006,000"
LOG0008533,2026-03-06 23:56:41,INFO,payment,Payment gateway responded OK in 3536ms
LOG0004901,2026-03-06 23:57:18,INFO,api_gateway,DELETE /api/v1/item/INV79842 responded 204 in 2027ms
LOG0000541,2026-03-07 00:00:13,INFO,api_gateway,Request routed to service: order-service in 1671ms
LOG0002504,2026-03-07 00:02:26,INFO,payment,Currency conversion: USD→IDR for order_id=ORD69165
LOG0008306,2026-03-07 00:04:22,INFO,api_gateway,Rate limit check passed for client_id=CLI297
LOG0004543,2026-03-07 00:07:11,INFO,api_gateway,GET /api/v1/products responded 200 in 354ms
LOG0008332,2026-03-07 00:10:42,INFO,auth,2FA verification passed: user_id=USR2139
LOG0009358,2026-03-07 00:11:46,WARNING,payment,Payment provider response slow: 1279ms
LOG0005454,2026-03-07 00:13:40,INFO,auth,Token generated for user_id=USR7315
LOG0009683,2026-03-07 00:15:03,INFO,database,Transaction committed: txn_id=TXN82273
LOG0000433,2026-03-07 00:15:32,ERROR,auth,Session expired: user_id=USR8820
LOG0005776,2026-03-07 00:17:46,WARNING,auth,Password reset requested for user_id=USR7541
LOG0003870,2026-03-07 00:18:01,INFO,api_gateway,GET /api/v1/products responded 200 in 1026ms
LOG0001480,2026-03-07 00:18:18,WARNING,auth,Password reset requested for user_id=USR1248
LOG0003903,2026-03-07 00:23:23,WARNING,database,Table=orders approaching max size: 20% capacity
LOG0002212,2026-03-07 00:26:14,INFO,auth,User registered successfully: user_id=USR1967
LOG0001472,2026-03-07 00:27:01,INFO,payment,"Payment processed: order_id=ORD17222 amount=Rp2,015,000"
LOG0004224,2026-03-07 00:29:52,INFO,api_gateway,Request routed to service: inventory-service in 3084ms
LOG0000885,2026-03-07 00:31:00,INFO,api_gateway,GET /api/v1/users responded 200 in 144ms
LOG0007527,2026-03-07 00:36:40,INFO,api_gateway,POST /api/v1/orders responded 201 in 1832ms
LOG0007457,2026-03-07 00:39:38,INFO,database,Transaction committed: txn_id=TXN64955
LOG0002347,2026-03-07 00:41:16,INFO,api_gateway,POST /api/v1/orders responded 201 in 765ms
LOG0000560,2026-03-07 00:41:38,INFO,database,Backup snapshot completed successfully
LOG0008347,2026-03-07 00:46:38,ERROR,database,Query failed: syntax error near 'SELCT'
LOG0009127,2026-03-07 00:51:26,INFO,payment,"Refund issued: order_id=ORD59631 amount=Rp241,000"
LOG0009393,2026-03-07 00:51:54,INFO,payment,Subscription renewed: user_id=USR3321
LOG0005103,2026-03-07 00:55:18,WARNING,api_gateway,Deprecated endpoint called: /api/v0/users by client_id=CLI737
LOG0005955,2026-03-07 00:57:23,INFO,api_gateway,PUT /api/v1/profile responded 200 in 3407ms
LOG0007881,2026-03-07 00:57:25,INFO,api_gateway,GET /api/v1/users responded 200 in 1732ms
LOG0005594,2026-03-07 00:58:54,INFO,api_gateway,POST /api/v1/orders responded 201 in 2120ms
LOG0000262,2026-03-07 00:59:36,WARNING,api_gateway,Slow response: GET /api/v1/reports took 3935ms
LOG0009879,2026-03-07 00:59:58,WARNING,auth,Unusual login location detected: user_id=USR9559
LOG0005227,2026-03-07 01:00:54,INFO,database,INSERT INTO orders completed (3392ms)
LOG0002662,2026-03-07 01:01:17,INFO,auth,User registered successfully: user_id=USR8543
LOG0001834,2026-03-07 01:03:02,INFO,api_gateway,GET /api/v1/users responded 200 in 2056ms
LOG0009703,2026-03-07 01:03:49,INFO,payment,Subscription renewed: user_id=USR2059
LOG0006921,2026-03-07 01:05:19,INFO,database,Transaction committed: txn_id=TXN38084
LOG0003318,2026-03-07 01:07:28,INFO,api_gateway,Rate limit check passed for client_id=CLI779
LOG0006377,2026-03-07 01:07:45,INFO,auth,Token generated for user_id=USR6207
LOG0004906,2026-03-07 01:09:10,INFO,api_gateway,GET /api/v1/users responded 200 in 1698ms
LOG0008284,2026-03-07 01:11:09,INFO,payment,"Refund issued: order_id=ORD27167 amount=Rp6,284,000"
LOG0000470,2026-03-07 01:21:39,INFO,auth,Token refreshed for user_id=USR8495
LOG0009859,2026-03-07 01:21:51,WARNING,database,Slow query detected: 3399ms on table=logs
LOG0002240,2026-03-07 01:22:55,INFO,auth,User login successful: user_id=USR6849
LOG0007914,2026-03-07 01:29:25,WARNING,database,Connection pool usage high: 16/20 connections
LOG0007642,2026-03-07 01:31:28,INFO,database,INSERT INTO orders completed (4405ms)
LOG0000527,2026-03-07 01:34:14,INFO,api_gateway,GET /api/v1/products responded 200 in 1441ms
LOG0006487,2026-03-07 01:37:06,INFO,api_gateway,DELETE /api/v1/item/INV20913 responded 204 in 2322ms
LOG0001979,2026-03-07 01:45:13,WARNING,payment,Card expiry warning for user_id=USR3242
LOG0002280,2026-03-07 01:48:41,ERROR,auth,JWT signature mismatch for user_id=USR6855
LOG0003000,2026-03-07 01:49:43,INFO,auth,User registered successfully: user_id=USR5427
LOG0002884,2026-03-07 01:50:11,ERROR,database,Connection timeout to primary DB host
LOG0001277,2026-03-07 01:50:21,INFO,auth,User logout: user_id=USR3513
LOG0009741,2026-03-07 01:50:46,ERROR,payment,Webhook delivery failed after 3 retries
LOG0001436,2026-03-07 01:51:01,INFO,api_gateway,Request routed to service: user-service in 2889ms
LOG0004434,2026-03-07 01:58:59,INFO,api_gateway,DELETE /api/v1/item/INV19751 responded 204 in 2772ms
LOG0007103,2026-03-07 02:03:28,INFO,database,Transaction committed: txn_id=TXN72148
LOG0002707,2026-03-07 02:06:51,INFO,api_gateway,Request routed to service: order-service in 204ms
LOG0001063,2026-03-07 02:07:35,INFO,database,Index hit on table=products query (1193ms)
LOG0004141,2026-03-07 02:10:51,INFO,auth,Session created: session_id=SESS76987
LOG0007861,2026-03-07 02:11:46,INFO,api_gateway,DELETE /api/v1/item/INV90468 responded 204 in 2468ms
LOG0006155,2026-03-07 02:14:30,INFO,payment,"Payment processed: order_id=ORD34424 amount=Rp1,482,000"
LOG0001807,2026-03-07 02:16:58,INFO,database,INSERT INTO orders completed (1905ms)
LOG0001012,2026-03-07 02:17:14,INFO,api_gateway,GET /api/v1/users responded 200 in 2105ms
LOG0008189,2026-03-07 02:18:27,INFO,payment,Invoice generated: invoice_id=INV58890
LOG0008060,2026-03-07 02:18:35,ERROR,database,Deadlock detected on table=orders: txn_id=TXN40814
LOG0004183,2026-03-07 02:25:17,INFO,database,Connection pool: 51/20 active connections
LOG0007100,2026-03-07 02:27:25,ERROR,api_gateway,Upstream service inventory-service unreachable: connection timeout
LOG0008105,2026-03-07 02:33:14,WARNING,api_gateway,Retry attempt 96 for downstream service inventory-service
LOG0001281,2026-03-07 02:38:28,INFO,payment,"Payment processed: order_id=ORD22563 amount=Rp6,166,000"
LOG0006529,2026-03-07 02:47:42,INFO,database,Transaction committed: txn_id=TXN43017
LOG0003478,2026-03-07 02:48:21,INFO,database,Connection pool: 72/20 active connections
LOG0002695,2026-03-07 02:50:40,INFO,api_gateway,DELETE /api/v1/item/INV84256 responded 204 in 976ms
LOG0007014,2026-03-07 02:53:47,INFO,database,Backup snapshot completed successfully
LOG0006269,2026-03-07 02:58:04,ERROR,api_gateway,Circuit breaker OPEN for service: order-service
LOG0001047,2026-03-07 02:58:56,INFO,payment,"Payment processed: order_id=ORD92788 amount=Rp3,804,000"
LOG0008073,2026-03-07 03:00:46,INFO,payment,"Payment processed: order_id=ORD34457 amount=Rp1,188,000"
LOG0001970,2026-03-07 03:06:32,INFO,database,Transaction committed: txn_id=TXN99512
LOG0003863,2026-03-07 03:06:50,INFO,api_gateway,GET /api/v1/users responded 200 in 3459ms
LOG0000411,2026-03-07 03:08:51,INFO,api_gateway,PUT /api/v1/profile responded 200 in 3156ms
LOG0006647,2026-03-07 03:11:01,ERROR,auth,Session expired: user_id=USR9181
LOG0000280,2026-03-07 03:17:51,INFO,payment,Webhook received from payment provider: status=SUCCESS
LOG0003336,2026-03-07 03:18:36,INFO,api_gateway,Rate limit check passed for client_id=CLI802
LOG0002027,2026-03-07 03:21:05,INFO,auth,Token refreshed for user_id=USR1943
LOG0000271,2026-03-07 03:21:43,WARNING,database,Slow query detected: 616ms on table=logs
LOG0008228,2026-03-07 03:22:10,INFO,api_gateway,GET /api/v1/users responded 200 in 3454ms
LOG0005907,2026-03-07 03:25:15,WARNING,database,Index miss on table=events: consider reindexing
LOG0009792,2026-03-07 03:35:42,INFO,database,Query executed: SELECT users WHERE id=USR5019 (3752ms)
LOG0003874,2026-03-07 03:43:18,WARNING,auth,Failed login attempt for user_id=USR9650 (attempt 96/5)
LOG0002328,2026-03-07 03:44:30,INFO,api_gateway,Rate limit check passed for client_id=CLI229
LOG0005158,2026-03-07 03:45:18,INFO,database,Connection pool: 13/20 active connections
LOG0000728,2026-03-07 03:49:31,WARNING,payment,Payment retry attempt 8/3 for order_id=ORD83151
LOG0002244,2026-03-07 03:55:01,INFO,auth,2FA verification passed: user_id=USR2688
LOG0004335,2026-03-07 04:02:02,INFO,payment,Currency conversion: USD→IDR for order_id=ORD76234
LOG0007797,2026-03-07 04:08:22,INFO,database,Backup snapshot completed successfully
LOG0008534,2026-03-07 04:11:41,INFO,payment,"Refund issued: order_id=ORD87861 amount=Rp6,760,000"
LOG0007259,2026-03-07 04:13:55,INFO,database,Backup snapshot completed successfully
LOG0006186,2026-03-07 04:14:21,INFO,auth,Password changed for user_id=USR2618
LOG0006898,2026-03-07 04:14:54,INFO,payment,"Payment processed: order_id=ORD30912 amount=Rp8,725,000"
LOG0005115,2026-03-07 04:16:30,INFO,database,Query executed: SELECT users WHERE id=USR9475 (380ms)
LOG0005513,2026-03-07 04:19:05,INFO,auth,Token generated for user_id=USR6369
LOG0007162,2026-03-07 04:20:38,INFO,payment,"Refund issued: order_id=ORD85038 amount=Rp9,785,000"
LOG0009760,2026-03-07 04:22:06,WARNING,auth,Failed login attempt for user_id=USR5660 (attempt 12/5)
LOG0002358,2026-03-07 04:23:11,INFO,api_gateway,POST /api/v1/orders responded 201 in 3270ms
LOG0005769,2026-03-07 04:25:07,WARNING,api_gateway,Slow response: GET /api/v1/reports took 3890ms
LOG0000117,2026-03-07 04:25:10,ERROR,payment,Payment failed: order_id=ORD69642 reason=insufficient_funds
LOG0001800,2026-03-07 04:29:37,INFO,api_gateway,GET /api/v1/products responded 200 in 1537ms
LOG0001094,2026-03-07 04:29:39,INFO,payment,Subscription renewed: user_id=USR6061
LOG0002315,2026-03-07 04:30:28,INFO,api_gateway,POST /api/v1/orders responded 201 in 2525ms
LOG0004781,2026-03-07 04:31:17,INFO,auth,User registered successfully: user_id=USR3195
LOG0000829,2026-03-07 04:31:52,INFO,payment,Payment gateway responded OK in 2960ms
LOG0005996,2026-03-07 04:40:52,WARNING,api_gateway,Slow response: GET /api/v1/reports took 4128ms
LOG0002730,2026-03-07 04:41:15,INFO,api_gateway,GET /api/v1/users responded 200 in 3400ms
LOG0004030,2026-03-07 04:44:46,INFO,payment,Currency conversion: USD→IDR for order_id=ORD94623
LOG0005390,2026-03-07 04:44:59,INFO,auth,User registered successfully: user_id=USR7887
LOG0003495,2026-03-07 04:50:17,INFO,database,Query executed: SELECT users WHERE id=USR4284 (1280ms)
LOG0004011,2026-03-07 04:50:49,WARNING,database,Index miss on table=events: consider reindexing
LOG0000105,2026-03-07 04:51:05,INFO,api_gateway,Request routed to service: user-service in 2287ms
LOG0002325,2026-03-07 04:56:13,ERROR,payment,Webhook delivery failed after 3 retries
LOG0008541,2026-03-07 05:03:54,WARNING,api_gateway,Deprecated endpoint called: /api/v0/users by client_id=CLI418
LOG0004149,2026-03-07 05:06:06,INFO,payment,"Refund issued: order_id=ORD74989 amount=Rp4,156,000"
LOG0007728,2026-03-07 05:10:48,WARNING,payment,Card expiry warning for user_id=USR3325
LOG0004441,2026-03-07 05:11:52,INFO,auth,Session created: session_id=SESS86339
LOG0003682,2026-03-07 05:12:01,INFO,api_gateway,POST /api/v1/orders responded 201 in 766ms
LOG0009457,2026-03-07 05:13:02,INFO,database,INSERT INTO orders completed (1151ms)
LOG0005681,2026-03-07 05:16:12,WARNING,payment,Payment provider response slow: 1647ms
LOG0009619,2026-03-07 05:19:29,WARNING,database,Table=orders approaching max size: 85% capacity
LOG0006074,2026-03-07 05:25:54,INFO,payment,Invoice generated: invoice_id=INV99487
LOG0008335,2026-03-07 05:30:28,INFO,database,Connection pool: 93/20 active connections
LOG0004573,2026-03-07 05:31:22,INFO,payment,Subscription renewed: user_id=USR2620
LOG0005397,2026-03-07 05:31:49,INFO,payment,Invoice generated: invoice_id=INV58364
LOG0009839,2026-03-07 05:32:31,INFO,api_gateway,Request routed to service: inventory-service in 4171ms
LOG0007235,2026-03-07 05:33:43,WARNING,api_gateway,Retry attempt 20 for downstream service user-service
LOG0004486,2026-03-07 05:38:46,ERROR,database,Query failed: syntax error near 'SELCT'
LOG0002140,2026-03-07 05:42:36,INFO,payment,Webhook received from payment provider: status=SUCCESS
LOG0003660,2026-03-07 05:43:06,INFO,auth,2FA verification passed: user_id=USR7424
LOG0000383,2026-03-07 05:43:51,INFO,payment,"Refund issued: order_id=ORD69893 amount=Rp7,362,000"
LOG0002864,2026-03-07 05:47:23,INFO,auth,Session created: session_id=SESS43705
LOG0006662,2026-03-07 05:49:53,INFO,payment,"Payment processed: order_id=ORD58174 amount=Rp7,510,000"
LOG0009345,2026-03-07 05:52:33,INFO,payment,Invoice generated: invoice_id=INV75085
LOG0003764,2026-03-07 05:55:06,INFO,payment,"Payment processed: order_id=ORD34648 amount=Rp8,118,000"
LOG0002819,2026-03-07 05:57:05,WARNING,auth,Failed login attempt for user_id=USR4752 (attempt 79/5)
LOG0000339,2026-03-07 06:00:04,WARNING,api_gateway,High latency detected on route /api/v1/search: 52ms
LOG0008192,2026-03-07 06:05:38,ERROR,auth,JWT signature mismatch for user_id=USR3761
LOG0009924,2026-03-07 06:11:03,INFO,api_gateway,GET /api/v1/products responded 200 in 2615ms
LOG0001857,2026-03-07 06:14:14,WARNING,payment,High transaction volume: 26 TPS (threshold: 50 TPS)
LOG0003441,2026-03-07 06:35:42,INFO,database,Backup snapshot completed successfully
LOG0009517,2026-03-07 06:37:34,INFO,database,Backup snapshot completed successfully
LOG0007153,2026-03-07 06:42:16,WARNING,auth,Token expiring soon for user_id=USR7973
LOG0000600,2026-03-07 06:42:48,INFO,payment,Currency conversion: USD→IDR for order_id=ORD63518
LOG0001326,2026-03-07 06:43:18,INFO,api_gateway,GET /api/v1/products responded 200 in 931ms
LOG0006572,2026-03-07 06:44:38,INFO,auth,User logout: user_id=USR1013
LOG0009443,2026-03-07 06:47:36,INFO,auth,User login successful: user_id=USR1823
LOG0009077,2026-03-07 06:48:44,INFO,api_gateway,Request routed to service: inventory-service in 4136ms
LOG0007808,2026-03-07 06:51:08,INFO,payment,"Refund issued: order_id=ORD38217 amount=Rp8,721,000"
LOG0007678,2026-03-07 06:56:11,INFO,api_gateway,DELETE /api/v1/item/INV49908 responded 204 in 390ms
LOG0007695,2026-03-07 06:57:02,ERROR,auth,Invalid credentials for user_id=USR5482
LOG0007123,2026-03-07 06:58:10,WARNING,api_gateway,Retry attempt 43 for downstream service inventory-service
LOG0004715,2026-03-07 07:01:16,INFO,auth,Token refreshed for user_id=USR5637
LOG0004869,2026-03-07 07:03:03,WARNING,auth,Token expiring soon for user_id=USR3927
LOG0003254,2026-03-07 07:04:15,INFO,payment,Payment gateway responded OK in 3418ms
LOG0002381,2026-03-07 07:06:35,INFO,payment,Webhook received from payment provider: status=SUCCESS
LOG0002114,2026-03-07 07:07:24,WARNING,payment,Payment retry attempt 44/3 for order_id=ORD84942
LOG0009332,2026-03-07 07:09:45,ERROR,payment,Payment failed: order_id=ORD24031 reason=insufficient_funds
LOG0003158,2026-03-07 07:13:10,WARNING,api_gateway,Deprecated endpoint called: /api/v0/users by client_id=CLI933
LOG0008154,2026-03-07 07:14:09,ERROR,payment,Currency conversion error for order_id=ORD23945
LOG0009259,2026-03-07 07:14:46,INFO,database,Backup snapshot completed successfully
LOG0000355,2026-03-07 07:15:34,ERROR,auth,Account locked after 5 failed attempts: user_id=USR4198
LOG0002364,2026-03-07 07:16:23,WARNING,api_gateway,Deprecated endpoint called: /api/v0/users by client_id=CLI620
LOG0000941,2026-03-07 07:20:09,WARNING,auth,Token expiring soon for user_id=USR4356
LOG0007938,2026-03-07 07:23:41,INFO,payment,"Refund issued: order_id=ORD70327 amount=Rp4,253,000"
LOG0006994,2026-03-07 07:24:59,INFO,auth,User registered successfully: user_id=USR5962
LOG0004894,2026-03-07 07:26:05,INFO,auth,Token generated for user_id=USR7000
LOG0000099,2026-03-07 07:26:48,INFO,payment,"Payment processed: order_id=ORD33154 amount=Rp6,662,000"
LOG0005926,2026-03-07 07:27:13,WARNING,database,Slow query detected: 2134ms on table=logs
LOG0007956,2026-03-07 07:28:15,INFO,payment,Invoice generated: invoice_id=INV18088
LOG0008504,2026-03-07 07:28:52,ERROR,auth,Session expired: user_id=USR2548
LOG0009342,2026-03-07 07:33:35,WARNING,auth,Unusual login location detected: user_id=USR5654
LOG0000437,2026-03-07 07:35:26,WARNING,payment,Payment provider response slow: 1864ms
LOG0006887,2026-03-07 07:36:32,INFO,payment,"Refund issued: order_id=ORD68285 amount=Rp6,281,000"
LOG0006672,2026-03-07 07:40:01,WARNING,auth,Password reset requested for user_id=USR1697
LOG0009325,2026-03-07 07:41:05,INFO,payment,Webhook received from payment provider: status=SUCCESS
LOG0002783,2026-03-07 07:41:08,INFO,api_gateway,PUT /api/v1/profile responded 200 in 3510ms
LOG0003529,2026-03-07 07:41:26,WARNING,api_gateway,High latency detected on route /api/v1/search: 596ms
LOG0003547,2026-03-07 07:42:24,WARNING,payment,Suspicious transaction flagged: order_id=ORD39409
LOG0002278,2026-03-07 07:46:08,INFO,payment,Subscription renewed: user_id=USR7072
LOG0008918,2026-03-07 07:46:53,INFO,api_gateway,GET /api/v1/products responded 200 in 3261ms
LOG0007775,2026-03-07 07:47:18,INFO,api_gateway,PUT /api/v1/profile responded 200 in 957ms
LOG0006461,2026-03-07 07:51:38,INFO,database,Cache hit ratio: 71% for last 5 minutes
LOG0006118,2026-03-07 07:52:38,WARNING,database,Index miss on table=events: consider reindexing
LOG0009320,2026-03-07 07:54:51,INFO,database,INSERT INTO orders completed (3738ms)
LOG0006390,2026-03-07 07:57:37,INFO,payment,Currency conversion: USD→IDR for order_id=ORD27109
LOG0000896,2026-03-07 07:57:54,INFO,database,Cache hit ratio: 52% for last 5 minutes
LOG0008739,2026-03-07 07:58:15,INFO,payment,Currency conversion: USD→IDR for order_id=ORD67111
LOG0004387,2026-03-07 07:58:34,INFO,api_gateway,Rate limit check passed for client_id=CLI199
LOG0000917,2026-03-07 08:05:06,INFO,api_gateway,Request routed to service: inventory-service in 1040ms
LOG0007579,2026-03-07 08:06:52,INFO,payment,"Payment processed: order_id=ORD39175 amount=Rp7,834,000"
LOG0002679,2026-03-07 08:07:09,WARNING,payment,High transaction volume: 61 TPS (threshold: 50 TPS)
LOG0009804,2026-03-07 08:09:50,INFO,auth,Password changed for user_id=USR1824
LOG0003893,2026-03-07 08:16:31,INFO,payment,Webhook received from payment provider: status=SUCCESS
LOG0007737,2026-03-07 08:16:48,INFO,auth,Token refreshed for user_id=USR3106
LOG0009343,2026-03-07 08:23:50,INFO,database,Cache hit ratio: 48% for last 5 minutes
LOG0006950,2026-03-07 08:25:15,INFO,auth,2FA verification passed: user_id=USR2770
LOG0006146,2026-03-07 08:28:07,ERROR,database,Query failed: syntax error near 'SELCT'
LOG0005646,2026-03-07 08:29:39,INFO,api_gateway,Request routed to service: inventory-service in 633ms
LOG0000825,2026-03-07 08:29:50,INFO,database,Query executed: SELECT users WHERE id=USR5325 (1490ms)
LOG0007766,2026-03-07 08:36:05,INFO,api_gateway,POST /api/v1/orders responded 201 in 149ms
LOG0005298,2026-03-07 08:37:42,INFO,database,Index hit on table=products query (3666ms)
LOG0006244,2026-03-07 08:37:45,INFO,api_gateway,GET /api/v1/users responded 200 in 3830ms
LOG0003550,2026-03-07 08:41:13,INFO,api_gateway,DELETE /api/v1/item/INV27554 responded 204 in 3625ms
LOG0003411,2026-03-07 08:48:02,ERROR,database,Query failed: syntax error near 'SELCT'
LOG0009886,2026-03-07 08:48:17,ERROR,auth,JWT signature mismatch for user_id=USR2550
LOG0001262,2026-03-07 08:49:56,WARNING,api_gateway,High latency detected on route /api/v1/search: 3954ms
LOG0007538,2026-03-07 08:52:15,INFO,api_gateway,GET /api/v1/products responded 200 in 2031ms
LOG0007702,2026-03-07 08:57:58,INFO,database,Cache hit ratio: 48% for last 5 minutes
LOG0005430,2026-03-07 08:59:45,INFO,api_gateway,Rate limit check passed for client_id=CLI137
LOG0006812,2026-03-07 09:00:37,INFO,payment,"Payment processed: order_id=ORD97474 amount=Rp3,874,000"
LOG0005422,2026-03-07 09:01:17,ERROR,payment,Payment gateway timeout after 171ms: order_id=ORD91964
LOG0001917,2026-03-07 09:03:51,INFO,payment,Currency conversion: USD→IDR for order_id=ORD21672
LOG0006509,2026-03-07 09:03:54,INFO,database,INSERT INTO orders completed (1218ms)
LOG0002057,2026-03-07 09:05:43,INFO,api_gateway,Rate limit check passed for client_id=CLI410
LOG0004191,2026-03-07 09:08:04,INFO,database,Cache hit ratio: 39% for last 5 minutes
LOG0008466,2026-03-07 09:08:59,WARNING,database,Long-running transaction detected: txn_id=TXN27861 (2726ms)
LOG0003247,2026-03-07 09:10:27,INFO,auth,Session created: session_id=SESS21474
LOG0007626,2026-03-07 09:13:30,INFO,database,Index hit on table=products query (1336ms)
LOG0007244,2026-03-07 09:20:59,INFO,payment,Webhook received from payment provider: status=SUCCESS
LOG0009972,2026-03-07 09:21:18,INFO,payment,Invoice generated: invoice_id=INV92742
LOG0000599,2026-03-07 09:21:46,INFO,payment,Invoice generated: invoice_id=INV10324
LOG0000734,2026-03-07 09:27:19,INFO,payment,"Refund issued: order_id=ORD97934 amount=Rp1,228,000"
LOG0004439,2026-03-07 09:27:36,INFO,database,Connection pool: 83/20 active connections
LOG0002069,2026-03-07 09:33:04,ERROR,database,Disk usage critical: 75% on /var/lib/postgres
LOG0002202,2026-03-07 09:39:11,WARNING,database,Connection pool usage high: 30/20 connections
LOG0008439,2026-03-07 09:41:17,INFO,payment,Currency conversion: USD→IDR for order_id=ORD35351
LOG0006575,2026-03-07 09:41:33,INFO,api_gateway,DELETE /api/v1/item/INV89149 responded 204 in 4213ms
LOG0002527,2026-03-07 09:44:30,INFO,database,Query executed: SELECT users WHERE id=USR2834 (2883ms)
LOG0003827,2026-03-07 09:44:50,INFO,payment,"Payment processed: order_id=ORD97595 amount=Rp529,000"
LOG0006579,2026-03-07 09:45:34,INFO,payment,"Refund issued: order_id=ORD92640 amount=Rp9,802,000"
LOG0008615,2026-03-07 09:46:12,INFO,api_gateway,POST /api/v1/orders responded 201 in 394ms
LOG0006842,2026-03-07 09:46:22,INFO,database,Connection pool: 11/20 active connections
LOG0009927,2026-03-07 09:53:25,WARNING,api_gateway,Retry attempt 74 for downstream service user-service
LOG0000085,2026-03-07 09:54:59,ERROR,payment,Payment gateway timeout after 4498ms: order_id=ORD58408
LOG0009043,2026-03-07 09:56:14,WARNING,database,Long-running transaction detected: txn_id=TXN48414 (3037ms)
LOG0005448,2026-03-07 09:59:25,INFO,database,Cache hit ratio: 67% for last 5 minutes
LOG0002190,2026-03-07 10:00:10,ERROR,database,Connection timeout to primary DB host
LOG0008609,2026-03-07 10:00:47,INFO,api_gateway,Request routed to service: user-service in 1631ms
LOG0006955,2026-03-07 10:04:58,WARNING,database,Connection pool usage high: 31/20 connections
LOG0009795,2026-03-07 10:08:46,INFO,database,Connection pool: 30/20 active connections
LOG0006997,2026-03-07 10:09:13,INFO,auth,User registered successfully: user_id=USR2797
LOG0005712,2026-03-07 10:09:33,INFO,api_gateway,Rate limit check passed for client_id=CLI249
LOG0003583,2026-03-07 10:11:42,WARNING,payment,Payment retry attempt 90/3 for order_id=ORD28520
LOG0001532,2026-03-07 10:11:44,WARNING,database,Index miss on table=events: consider reindexing
LOG0005593,2026-03-07 10:13:37,ERROR,payment,Currency conversion error for order_id=ORD15434
LOG0008420,2026-03-07 10:15:00,WARNING,payment,Suspicious transaction flagged: order_id=ORD12509
LOG0000034,2026-03-07 10:16:47,INFO,payment,Currency conversion: USD→IDR for order_id=ORD50252
LOG0004453,2026-03-07 10:17:46,INFO,api_gateway,Request routed to service: order-service in 435ms
LOG0009923,2026-03-07 10:28:04,INFO,api_gateway,POST /api/v1/orders responded 201 in 3143ms
LOG0003645,2026-03-07 10:30:31,INFO,api_gateway,PUT /api/v1/profile responded 200 in 4175ms
LOG0000094,2026-03-07 10:31:37,INFO,database,Cache hit ratio: 14% for last 5 minutes
LOG0006281,2026-03-07 10:35:01,INFO,auth,Session created: session_id=SESS93308
LOG0001214,2026-03-07 10:36:18,INFO,database,INSERT INTO orders completed (1124ms)
LOG0000799,2026-03-07 10:40:45,INFO,payment,"Payment processed: order_id=ORD19913 amount=Rp9,958,000"
LOG0006178,2026-03-07 10:42:45,INFO,auth,2FA verification passed: user_id=USR3068
LOG0005084,2026-03-07 10:43:21,INFO,auth,User login successful: user_id=USR7254
LOG0005490,2026-03-07 10:46:58,INFO,database,Backup snapshot completed successfully
LOG0008261,2026-03-07 10:51:40,INFO,auth,Token generated for user_id=USR7597
LOG0001259,2026-03-07 10:54:56,ERROR,database,Replication lag exceeded threshold: 3979ms behind primary
LOG0008941,2026-03-07 10:55:19,ERROR,api_gateway,Rate limit exceeded for client_id=CLI784
LOG0008047,2026-03-07 11:04:08,INFO,database,Query executed: SELECT users WHERE id=USR1391 (111ms)
LOG0005733,2026-03-07 11:06:55,INFO,payment,Payment gateway responded OK in 4498ms
LOG0002667,2026-03-07 11:09:07,INFO,api_gateway,GET /api/v1/users responded 200 in 4459ms
LOG0002798,2026-03-07 11:11:31,INFO,database,Cache hit ratio: 50% for last 5 minutes
LOG0005544,2026-03-07 11:16:39,INFO,auth,Token refreshed for user_id=USR5803
LOG0003470,2026-03-07 11:17:10,INFO,payment,Currency conversion: USD→IDR for order_id=ORD19709
LOG0007245,2026-03-07 11:20:03,WARNING,database,Connection pool usage high: 3/20 connections
LOG0006932,2026-03-07 11:24:09,ERROR,api_gateway,Rate limit exceeded for client_id=CLI431
LOG0000008,2026-03-07 11:32:08,ERROR,payment,Fraud detection triggered: order_id=ORD44447
LOG0008464,2026-03-07 11:33:40,INFO,auth,Token refreshed for user_id=USR8244
LOG0000142,2026-03-07 11:34:33,WARNING,api_gateway,Rate limit approaching for client_id=CLI800: 75/100 req/min
LOG0006296,2026-03-07 11:43:07,ERROR,database,Replication lag exceeded threshold: 403ms behind primary
LOG0009687,2026-03-07 11:43:35,INFO,auth,Token generated for user_id=USR9662
LOG0003311,2026-03-07 11:44:09,INFO,api_gateway,DELETE /api/v1/item/INV66667 responded 204 in 3610ms
LOG0000904,2026-03-07 11:44:22,WARNING,payment,Payment provider response slow: 3451ms
LOG0001837,2026-03-07 11:45:11,INFO,api_gateway,DELETE /api/v1/item/INV70095 responded 204 in 201ms
LOG0005961,2026-03-07 11:47:27,INFO,payment,"Payment processed: order_id=ORD57914 amount=Rp6,325,000"
LOG0005061,2026-03-07 11:48:21,INFO,auth,Password changed for user_id=USR8250
LOG0001375,2026-03-07 11:48:44,ERROR,api_gateway,Circuit breaker OPEN for service: order-service
LOG0005866,2026-03-07 11:51:30,INFO,api_gateway,GET /api/v1/products responded 200 in 4385ms
LOG0000441,2026-03-07 11:58:27,ERROR,database,Disk usage critical: 4% on /var/lib/postgres
LOG0006190,2026-03-07 12:00:15,INFO,database,Connection pool: 26/20 active connections
LOG0006771,2026-03-07 12:00:58,ERROR,api_gateway,Invalid request schema on POST /api/v1/orders
LOG0004264,2026-03-07 12:03:07,INFO,payment,Currency conversion: USD→IDR for order_id=ORD24687
LOG0002395,2026-03-07 12:08:04,INFO,auth,User registered successfully: user_id=USR2918
LOG0007945,2026-03-07 12:10:22,WARNING,api_gateway,High latency detected on route /api/v1/search: 1291ms
LOG0005465,2026-03-07 12:13:43,WARNING,auth,Token expiring soon for user_id=USR6620
LOG0002943,2026-03-07 12:13:59,INFO,payment,Invoice generated: invoice_id=INV57063
LOG0006418,2026-03-07 12:17:14,INFO,payment,Payment gateway responded OK in 4494ms
LOG0002575,2026-03-07 12:17:40,WARNING,payment,Card expiry warning for user_id=USR6775
LOG0009454,2026-03-07 12:20:44,INFO,api_gateway,GET /api/v1/users responded 200 in 2741ms
LOG0005619,2026-03-07 12:25:59,INFO,auth,Password changed for user_id=USR9357
LOG0002444,2026-03-07 12:26:36,INFO,auth,Token refreshed for user_id=USR2574
LOG0009408,2026-03-07 12:28:53,INFO,auth,Token generated for user_id=USR2170
LOG0009670,2026-03-07 12:31:24,INFO,api_gateway,Request routed to service: order-service in 3970ms
LOG0008741,2026-03-07 12:39:11,INFO,api_gateway,GET /api/v1/users responded 200 in 1745ms
LOG0009084,2026-03-07 12:41:09,INFO,database,Transaction committed: txn_id=TXN77216
LOG0000216,2026-03-07 12:42:18,ERROR,database,Disk usage critical: 23% on /var/lib/postgres
LOG0008392,2026-03-07 12:43:06,INFO,database,Backup snapshot completed successfully
LOG0002038,2026-03-07 12:43:40,INFO,payment,Currency conversion: USD→IDR for order_id=ORD44781
LOG0002188,2026-03-07 12:52:19,WARNING,database,Index miss on table=events: consider reindexing
LOG0003285,2026-03-07 12:57:58,WARNING,payment,Payment retry attempt 12/3 for order_id=ORD84707
LOG0009956,2026-03-07 13:02:03,INFO,database,Query executed: SELECT users WHERE id=USR2343 (4182ms)
LOG0008952,2026-03-07 13:03:51,INFO,database,Backup snapshot completed successfully
LOG0007840,2026-03-07 13:06:26,INFO,api_gateway,POST /api/v1/orders responded 201 in 3590ms
LOG0004536,2026-03-07 13:08:11,INFO,auth,User login successful: user_id=USR5512
LOG0004620,2026-03-07 13:09:10,WARNING,payment,High transaction volume: 39 TPS (threshold: 50 TPS)
LOG0005930,2026-03-07 13:11:48,INFO,api_gateway,Request routed to service: user-service in 3468ms
LOG0008042,2026-03-07 13:13:50,INFO,payment,Webhook received from payment provider: status=SUCCESS
LOG0001350,2026-03-07 13:13:54,INFO,database,Backup snapshot completed successfully
LOG0005023,2026-03-07 13:14:19,INFO,database,INSERT INTO orders completed (519ms)
LOG0001795,2026-03-07 13:16:40,INFO,payment,Webhook received from payment provider: status=SUCCESS
LOG0000923,2026-03-07 13:17:08,INFO,auth,User login successful: user_id=USR9697
LOG0006851,2026-03-07 13:17:12,WARNING,database,Table=orders approaching max size: 61% capacity
LOG0001998,2026-03-07 13:19:17,INFO,auth,2FA verification passed: user_id=USR9137
LOG0001463,2026-03-07 13:21:53,ERROR,api_gateway,Rate limit exceeded for client_id=CLI397
LOG0009088,2026-03-07 13:22:30,WARNING,payment,Payment retry attempt 62/3 for order_id=ORD26570
LOG0004967,2026-03-07 13:27:54,INFO,payment,"Payment processed: order_id=ORD28599 amount=Rp1,910,000"
LOG0009574,2026-03-07 13:30:12,INFO,auth,Session created: session_id=SESS82793
LOG0002229,2026-03-07 13:35:51,INFO,payment,Currency conversion: USD→IDR for order_id=ORD96867
LOG0005768,2026-03-07 13:40:10,INFO,auth,2FA verification passed: user_id=USR8436
LOG0000235,2026-03-07 13:43:04,INFO,database,Transaction committed: txn_id=TXN19471
LOG0006174,2026-03-07 13:50:23,INFO,payment,Currency conversion: USD→IDR for order_id=ORD71940
LOG0008954,2026-03-07 13:56:38,INFO,payment,"Refund issued: order_id=ORD54868 amount=Rp685,000"
LOG0003167,2026-03-07 14:00:11,WARNING,auth,Multiple sessions detected for user_id=USR4629
LOG0008197,2026-03-07 14:02:59,INFO,database,INSERT INTO orders completed (2591ms)
LOG0009955,2026-03-07 14:13:54,INFO,auth,2FA verification passed: user_id=USR5419
LOG0008521,2026-03-07 14:18:40,WARNING,database,Long-running transaction detected: txn_id=TXN69949 (3164ms)
LOG0003460,2026-03-07 14:20:50,ERROR,payment,Payment failed: order_id=ORD25007 reason=insufficient_funds
LOG0004361,2026-03-07 14:29:19,WARNING,payment,Payment retry attempt 33/3 for order_id=ORD17194
LOG0005014,2026-03-07 14:29:38,INFO,auth,Token generated for user_id=USR5795
LOG0002377,2026-03-07 14:32:11,INFO,api_gateway,GET /api/v1/products responded 200 in 984ms
LOG0001107,2026-03-07 14:33:15,INFO,api_gateway,DELETE /api/v1/item/INV94640 responded 204 in 1506ms
LOG0004143,2026-03-07 14:37:47,WARNING,auth,Multiple sessions detected for user_id=USR1283
LOG0005099,2026-03-07 14:39:37,WARNING,payment,Payment retry attempt 72/3 for order_id=ORD94552
LOG0004591,2026-03-07 14:48:01,INFO,api_gateway,GET /api/v1/products responded 200 in 1258ms
LOG0000284,2026-03-07 14:50:12,INFO,payment,Subscription renewed: user_id=USR9784
LOG0004278,2026-03-07 14:56:20,INFO,database,Index hit on table=products query (3832ms)
LOG0003098,2026-03-07 14:57:48,INFO,api_gateway,GET /api/v1/products responded 200 in 3705ms
LOG0009581,2026-03-07 14:58:14,WARNING,api_gateway,Retry attempt 32 for downstream service order-service
LOG0004824,2026-03-07 15:00:44,INFO,database,Cache hit ratio: 92% for last 5 minutes
LOG0005349,2026-03-07 15:00:56,INFO,api_gateway,GET /api/v1/users responded 200 in 3118ms
LOG0006034,2026-03-07 15:02:01,INFO,auth,2FA verification passed: user_id=USR5975
LOG0001659,2026-03-07 15:05:03,ERROR,auth,Token validation failed: user_id=USR7506
LOG0008743,2026-03-07 15:18:12,INFO,payment,"Refund issued: order_id=ORD97792 amount=Rp8,879,000"
LOG0008755,2026-03-07 15:23:56,WARNING,payment,Payment retry attempt 6/3 for order_id=ORD61525
LOG0003953,2026-03-07 15:25:06,WARNING,database,Long-running transaction detected: txn_id=TXN99498 (2581ms)
LOG0008068,2026-03-07 15:25:57,WARNING,auth,Failed login attempt for user_id=USR4851 (attempt 33/5)
LOG0000806,2026-03-07 15:28:26,INFO,payment,Currency conversion: USD→IDR for order_id=ORD40735
LOG0004036,2026-03-07 15:29:24,INFO,payment,"Refund issued: order_id=ORD64022 amount=Rp6,357,000"
LOG0008831,2026-03-07 15:41:04,INFO,database,Connection pool: 75/20 active connections
LOG0004703,2026-03-07 15:41:58,INFO,api_gateway,GET /api/v1/products responded 200 in 3452ms
LOG0007693,2026-03-07 15:43:19,INFO,payment,"Payment processed: order_id=ORD13251 amount=Rp9,423,000"
LOG0004951,2026-03-07 15:44:09,INFO,auth,2FA verification passed: user_id=USR7201
LOG0005078,2026-03-07 15:44:37,WARNING,api_gateway,High latency detected on route /api/v1/search: 2746ms
LOG0004898,2026-03-07 15:51:37,INFO,payment,Currency conversion: USD→IDR for order_id=ORD88365
LOG0009189,2026-03-07 15:51:39,WARNING,api_gateway,High latency detected on route /api/v1/search: 3101ms
LOG0006569,2026-03-07 15:56:39,INFO,database,Query executed: SELECT users WHERE id=USR7806 (1394ms)
LOG0003119,2026-03-07 16:00:29,INFO,payment,Currency conversion: USD→IDR for order_id=ORD15667
LOG0002288,2026-03-07 16:03:04,INFO,api_gateway,POST /api/v1/orders responded 201 in 232ms
LOG0009092,2026-03-07 16:13:31,INFO,auth,Password changed for user_id=USR1871
LOG0004481,2026-03-07 16:15:16,INFO,api_gateway,Request routed to service: inventory-service in 449ms
LOG0002551,2026-03-07 16:17:59,INFO,auth,User registered successfully: user_id=USR5042
LOG0005250,2026-03-07 16:20:12,WARNING,auth,Password reset requested for user_id=USR4124
LOG0001792,2026-03-07 16:23:37,ERROR,payment,Payment failed: order_id=ORD27846 reason=insufficient_funds
LOG0001454,2026-03-07 16:27:55,INFO,database,Backup snapshot completed successfully
LOG0004991,2026-03-07 16:29:25,INFO,payment,Invoice generated: invoice_id=INV30654
LOG0007762,2026-03-07 16:31:51,WARNING,database,Slow query detected: 1144ms on table=logs
LOG0001872,2026-03-07 16:37:13,INFO,auth,Password changed for user_id=USR1943
LOG0003624,2026-03-07 16:37:30,WARNING,database,Long-running transaction detected: txn_id=TXN36607 (3897ms)
LOG0004374,2026-03-07 16:40:34,INFO,payment,"Payment processed: order_id=ORD83265 amount=Rp2,453,000"
LOG0002628,2026-03-07 16:42:18,INFO,payment,Subscription renewed: user_id=USR1937
LOG0004195,2026-03-07 16:47:32,WARNING,auth,Password reset requested for user_id=USR2768
LOG0004798,2026-03-07 16:48:33,INFO,payment,Invoice generated: invoice_id=INV64478
LOG0007135,2026-03-07 16:51:05,INFO,payment,"Payment processed: order_id=ORD12123 amount=Rp8,407,000"
LOG0007228,2026-03-07 16:52:19,INFO,payment,Subscription renewed: user_id=USR5209
LOG0007208,2026-03-07 16:54:36,INFO,payment,Subscription renewed: user_id=USR8778
LOG0004832,2026-03-07 16:55:25,INFO,api_gateway,POST /api/v1/orders responded 201 in 2634ms
LOG0002130,2026-03-07 17:02:34,INFO,payment,Webhook received from payment provider: status=SUCCESS
LOG0008794,2026-03-07 17:12:51,INFO,database,Query executed: SELECT users WHERE id=USR6460 (767ms)
LOG0001221,2026-03-07 17:16:49,INFO,auth,Password changed for user_id=USR5608
LOG0008110,2026-03-07 17:18:14,INFO,payment,Payment gateway responded OK in 1510ms
LOG0005344,2026-03-07 17:19:40,INFO,auth,Password changed for user_id=USR2722
LOG0001897,2026-03-07 17:23:43,INFO,auth,User registered successfully: user_id=USR3252
LOG0004228,2026-03-07 17:25:29,INFO,api_gateway,Rate limit check passed for client_id=CLI344
LOG0002933,2026-03-07 17:27:09,WARNING,api_gateway,Retry attempt 38 for downstream service user-service
LOG0002674,2026-03-07 17:29:44,WARNING,database,Table=orders approaching max size: 41% capacity
LOG0002911,2026-03-07 17:32:17,INFO,payment,Payment gateway responded OK in 3086ms
LOG0001293,2026-03-07 17:39:50,INFO,auth,User registered successfully: user_id=USR9426
LOG0003124,2026-03-07 17:45:28,INFO,auth,User registered successfully: user_id=USR9413
LOG0003422,2026-03-07 17:53:09,INFO,auth,User login successful: user_id=USR9031
LOG0000807,2026-03-07 17:54:24,INFO,api_gateway,Request routed to service: inventory-service in 903ms
LOG0006761,2026-03-07 17:54:38,INFO,database,Connection pool: 25/20 active connections
LOG0003117,2026-03-07 17:54:52,INFO,payment,Invoice generated: invoice_id=INV67187
LOG0002921,2026-03-07 18:01:28,WARNING,database,Table=orders approaching max size: 9% capacity
LOG0004395,2026-03-07 18:02:31,INFO,auth,User registered successfully: user_id=USR8422
LOG0005560,2026-03-07 18:02:36,WARNING,auth,Password reset requested for user_id=USR4343
LOG0007355,2026-03-07 18:03:44,INFO,api_gateway,Rate limit check passed for client_id=CLI156
LOG0003867,2026-03-07 18:05:02,INFO,database,Connection pool: 6/20 active connections
LOG0008634,2026-03-07 18:05:06,INFO,payment,Payment gateway responded OK in 3196ms
LOG0004079,2026-03-07 18:16:05,INFO,auth,User registered successfully: user_id=USR3378
LOG0003269,2026-03-07 18:18:16,INFO,api_gateway,PUT /api/v1/profile responded 200 in 398ms
LOG0004170,2026-03-07 18:27:23,WARNING,database,Index miss on table=events: consider reindexing
LOG0009590,2026-03-07 18:29:36,INFO,auth,User logout: user_id=USR2034
LOG0005774,2026-03-07 18:32:05,WARNING,database,Connection pool usage high: 71/20 connections
LOG0005138,2026-03-07 18:35:41,ERROR,payment,Payment failed: order_id=ORD63630 reason=insufficient_funds
LOG0006020,2026-03-07 18:36:24,INFO,database,Query executed: SELECT users WHERE id=USR4899 (1925ms)
LOG0006996,2026-03-07 18:37:32,INFO,api_gateway,PUT /api/v1/profile responded 200 in 270ms
LOG0003414,2026-03-07 18:50:08,INFO,payment,Payment gateway responded OK in 2789ms
LOG0002386,2026-03-07 18:52:30,INFO,payment,"Payment processed: order_id=ORD98212 amount=Rp5,841,000"
LOG0003891,2026-03-07 18:57:50,WARNING,auth,Unusual login location detected: user_id=USR1728
LOG0006856,2026-03-07 18:57:55,INFO,api_gateway,POST /api/v1/orders responded 201 in 4067ms
LOG0001368,2026-03-07 18:58:51,INFO,database,Cache hit ratio: 3% for last 5 minutes
LOG0003403,2026-03-07 18:59:22,WARNING,database,Long-running transaction detected: txn_id=TXN89978 (3444ms)
LOG0007886,2026-03-07 18:59:26,INFO,database,Cache hit ratio: 47% for last 5 minutes
LOG0004628,2026-03-07 19:00:24,WARNING,database,Connection pool usage high: 46/20 connections
LOG0004784,2026-03-07 19:05:16,INFO,auth,Session created: session_id=SESS71698
LOG0000769,2026-03-07 19:05:20,INFO,api_gateway,DELETE /api/v1/item/INV74357 responded 204 in 1484ms
LOG0002520,2026-03-07 19:10:47,INFO,api_gateway,GET /api/v1/products responded 200 in 2654ms
LOG0007436,2026-03-07 19:16:36,INFO,api_gateway,GET /api/v1/products responded 200 in 3624ms
LOG0003738,2026-03-07 19:25:08,INFO,auth,Password changed for user_id=USR7718
LOG0000325,2026-03-07 19:28:28,INFO,payment,Currency conversion: USD→IDR for order_id=ORD62502
LOG0005859,2026-03-07 19:33:00,INFO,payment,Webhook received from payment provider: status=SUCCESS
LOG0002214,2026-03-07 19:39:05,INFO,database,Connection pool: 35/20 active connections
LOG0002688,2026-03-07 19:41:18,INFO,auth,Token generated for user_id=USR4565
LOG0004220,2026-03-07 19:41:51,ERROR,auth,Token validation failed: user_id=USR3102
LOG0001336,2026-03-07 19:44:01,INFO,auth,Session created: session_id=SESS89877
LOG0005381,2026-03-07 19:47:40,WARNING,payment,High transaction volume: 27 TPS (threshold: 50 TPS)
LOG0005505,2026-03-07 19:48:12,INFO,database,Transaction committed: txn_id=TXN87922
LOG0006814,2026-03-07 19:48:45,INFO,auth,Token generated for user_id=USR4928
LOG0008611,2026-03-07 19:52:59,INFO,auth,Session created: session_id=SESS86836
LOG0006229,2026-03-07 19:54:39,INFO,auth,2FA verification passed: user_id=USR8716
LOG0003546,2026-03-07 19:54:49,INFO,payment,"Payment processed: order_id=ORD26783 amount=Rp2,927,000"
LOG0005559,2026-03-07 19:57:56,ERROR,payment,Webhook delivery failed after 3 retries
LOG0006675,2026-03-07 20:04:05,INFO,database,Index hit on table=products query (4273ms)
LOG0005267,2026-03-07 20:04:25,INFO,payment,Invoice generated: invoice_id=INV18204
LOG0002045,2026-03-07 20:08:18,INFO,database,Backup snapshot completed successfully
LOG0001808,2026-03-07 20:08:30,INFO,auth,Token refreshed for user_id=USR3225
LOG0004342,2026-03-07 20:09:15,WARNING,api_gateway,Deprecated endpoint called: /api/v0/users by client_id=CLI388
LOG0001938,2026-03-07 20:21:14,INFO,auth,Password changed for user_id=USR3997
LOG0003902,2026-03-07 20:24:00,INFO,api_gateway,POST /api/v1/orders responded 201 in 4373ms
LOG0007091,2026-03-07 20:25:32,INFO,database,Cache hit ratio: 64% for last 5 minutes
LOG0003135,2026-03-07 20:36:10,WARNING,database,Long-running transaction detected: txn_id=TXN62109 (2051ms)
LOG0007691,2026-03-07 20:40:34,INFO,api_gateway,Rate limit check passed for client_id=CLI174
LOG0002165,2026-03-07 20:44:00,ERROR,database,Disk usage critical: 51% on /var/lib/postgres
LOG0003915,2026-03-07 20:46:31,INFO,payment,"Refund issued: order_id=ORD16993 amount=Rp3,120,000"
LOG0009177,2026-03-07 20:47:44,INFO,auth,User logout: user_id=USR2296
LOG0005185,2026-03-07 20:49:59,INFO,api_gateway,GET /api/v1/products responded 200 in 3228ms
LOG0005912,2026-03-07 20:55:45,ERROR,database,Connection timeout to primary DB host
LOG0001614,2026-03-07 20:56:25,INFO,auth,Session created: session_id=SESS27592
LOG0009853,2026-03-07 20:57:52,ERROR,payment,Currency conversion error for order_id=ORD91873
LOG0003986,2026-03-07 21:00:54,INFO,database,Transaction committed: txn_id=TXN17605
LOG0000998,2026-03-07 21:02:38,INFO,payment,Payment gateway responded OK in 692ms
LOG0004994,2026-03-07 21:05:22,INFO,auth,2FA verification passed: user_id=USR3565
LOG0008635,2026-03-07 21:06:11,INFO,payment,Subscription renewed: user_id=USR5823
LOG0004644,2026-03-07 21:13:19,INFO,database,INSERT INTO orders completed (1040ms)
LOG0002102,2026-03-07 21:17:14,INFO,api_gateway,Request routed to service: user-service in 2177ms
LOG0000775,2026-03-07 21:19:30,ERROR,auth,JWT signature mismatch for user_id=USR9279
LOG0000979,2026-03-07 21:22:19,ERROR,auth,JWT signature mismatch for user_id=USR4407
LOG0001317,2026-03-07 21:24:22,INFO,database,INSERT INTO orders completed (2641ms)
LOG0000975,2026-03-07 21:24:23,WARNING,auth,Unusual login location detected: user_id=USR3502
LOG0003871,2026-03-07 21:24:53,INFO,auth,Session created: session_id=SESS95673
LOG0009526,2026-03-07 21:29:51,INFO,database,Backup snapshot completed successfully
LOG0006076,2026-03-07 21:32:25,ERROR,api_gateway,POST /api/v1/payment returned 500 after 401ms
LOG0006422,2026-03-07 21:33:18,WARNING,payment,Card expiry warning for user_id=USR1804
LOG0005173,2026-03-07 21:45:47,INFO,payment,Subscription renewed: user_id=USR7903
LOG0009402,2026-03-07 21:49:28,INFO,api_gateway,DELETE /api/v1/item/INV90646 responded 204 in 440ms
LOG0006250,2026-03-07 21:53:05,INFO,api_gateway,DELETE /api/v1/item/INV67845 responded 204 in 2634ms
LOG0001083,2026-03-07 21:56:51,WARNING,api_gateway,High latency detected on route /api/v1/search: 4283ms
LOG0002957,2026-03-07 21:57:14,WARNING,payment,Payment provider response slow: 2504ms
LOG0003643,2026-03-07 21:59:16,WARNING,api_gateway,Rate limit approaching for client_id=CLI352: 9/100 req/min
LOG0003061,2026-03-07 22:01:06,INFO,api_gateway,GET /api/v1/products responded 200 in 834ms
LOG0005018,2026-03-07 22:02:09,INFO,payment,Invoice generated: invoice_id=INV57301
LOG0002026,2026-03-07 22:02:20,INFO,database,Cache hit ratio: 87% for last 5 minutes
LOG0001362,2026-03-07 22:02:49,ERROR,payment,Fraud detection triggered: order_id=ORD97688
LOG0004654,2026-03-07 22:03:31,ERROR,database,Disk usage critical: 76% on /var/lib/postgres
LOG0006908,2026-03-07 22:05:51,WARNING,auth,Token expiring soon for user_id=USR8035
LOG0000209,2026-03-07 22:07:56,INFO,database,Transaction committed: txn_id=TXN22563
LOG0003105,2026-03-07 22:08:00,INFO,payment,Invoice generated: invoice_id=INV36504
LOG0001019,2026-03-07 22:13:10,INFO,payment,Invoice generated: invoice_id=INV44740
LOG0001128,2026-03-07 22:13:10,INFO,auth,2FA verification passed: user_id=USR1714
LOG0007602,2026-03-07 22:16:36,INFO,payment,Webhook received from payment provider: status=SUCCESS
LOG0007936,2026-03-07 22:17:03,INFO,database,Backup snapshot completed successfully
LOG0002603,2026-03-07 22:18:49,INFO,database,Index hit on table=products query (3833ms)
LOG0001033,2026-03-07 22:21:38,INFO,payment,"Payment processed: order_id=ORD15270 amount=Rp8,314,000"
LOG0006666,2026-03-07 22:22:19,WARNING,database,Slow query detected: 131ms on table=logs
LOG0005365,2026-03-07 22:24:16,INFO,auth,Token generated for user_id=USR7850
LOG0007427,2026-03-07 22:24:30,INFO,payment,Currency conversion: USD→IDR for order_id=ORD82786
LOG0008138,2026-03-07 22:26:46,WARNING,database,Slow query detected: 2590ms on table=logs
LOG0006448,2026-03-07 22:26:48,WARNING,database,Index miss on table=events: consider reindexing
LOG0008408,2026-03-07 22:28:27,INFO,payment,Subscription renewed: user_id=USR7067
LOG0002409,2026-03-07 22:28:48,ERROR,database,Disk usage critical: 18% on /var/lib/postgres
LOG0004975,2026-03-07 22:30:06,INFO,api_gateway,DELETE /api/v1/item/INV69942 responded 204 in 2268ms
LOG0004669,2026-03-07 22:30:20,INFO,api_gateway,Rate limit check passed for client_id=CLI965
LOG0008451,2026-03-07 22:32:09,WARNING,api_gateway,Deprecated endpoint called: /api/v0/users by client_id=CLI662
LOG0003581,2026-03-07 22:32:47,INFO,api_gateway,Request routed to service: user-service in 3703ms
LOG0008019,2026-03-07 22:37:09,INFO,auth,User logout: user_id=USR3354
LOG0006256,2026-03-07 22:41:36,WARNING,api_gateway,Retry attempt 13 for downstream service user-service
LOG0005403,2026-03-07 22:42:00,INFO,payment,Invoice generated: invoice_id=INV46268
LOG0003763,2026-03-07 22:44:01,ERROR,database,Disk usage critical: 1% on /var/lib/postgres
LOG0001246,2026-03-07 22:44:08,INFO,payment,"Payment processed: order_id=ORD90946 amount=Rp2,722,000"
LOG0004466,2026-03-07 22:47:33,INFO,auth,User logout: user_id=USR4068
LOG0005093,2026-03-07 22:49:06,INFO,auth,Session created: session_id=SESS64475
LOG0004402,2026-03-07 22:57:43,INFO,payment,"Refund issued: order_id=ORD91116 amount=Rp9,486,000"
LOG0008523,2026-03-07 23:00:08,INFO,payment,Subscription renewed: user_id=USR9331
LOG0007349,2026-03-07 23:04:57,WARNING,api_gateway,High latency detected on route /api/v1/search: 3724ms
LOG0006580,2026-03-07 23:05:49,INFO,payment,"Refund issued: order_id=ORD62015 amount=Rp4,528,000"
LOG0006391,2026-03-07 23:07:28,INFO,auth,Password changed for user_id=USR5858
LOG0009157,2026-03-07 23:10:46,INFO,auth,Token refreshed for user_id=USR1791
LOG0001992,2026-03-07 23:11:35,INFO,database,Connection pool: 9/20 active connections
LOG0003709,2026-03-07 23:17:30,INFO,api_gateway,Rate limit check passed for client_id=CLI114
LOG0008100,2026-03-07 23:20:20,WARNING,payment,Card expiry warning for user_id=USR6743
LOG0000831,2026-03-07 23:20:30,WARNING,auth,Failed login attempt for user_id=USR2087 (attempt 65/5)
LOG0005567,2026-03-07 23:20:46,WARNING,api_gateway,High latency detected on route /api/v1/search: 439ms
LOG0006748,2026-03-07 23:29:01,INFO,payment,"Refund issued: order_id=ORD29978 amount=Rp9,716,000"
LOG0005377,2026-03-07 23:29:18,INFO,api_gateway,Rate limit check passed for client_id=CLI990
LOG0008470,2026-03-07 23:29:53,WARNING,auth,Unusual login location detected: user_id=USR4658
LOG0007334,2026-03-07 23:34:51,WARNING,payment,Payment provider response slow: 555ms
LOG0007752,2026-03-07 23:36:45,INFO,database,Index hit on table=products query (3104ms)
LOG0001531,2026-03-07 23:41:48,ERROR,api_gateway,POST /api/v1/payment returned 500 after 637ms
LOG0009308,2026-03-07 23:43:29,INFO,auth,Token refreshed for user_id=USR6834
LOG0004201,2026-03-07 23:44:44,INFO,database,Index hit on table=products query (878ms)
LOG0005500,2026-03-07 23:47:26,WARNING,payment,High transaction volume: 25 TPS (threshold: 50 TPS)
LOG0006846,2026-03-07 23:50:35,INFO,database,INSERT INTO orders completed (3806ms)
LOG0004998,2026-03-07 23:53:00,INFO,payment,Webhook received from payment provider: status=SUCCESS
LOG0000724,2026-03-07 23:54:00,INFO,payment,Payment gateway responded OK in 2052ms
LOG0009270,2026-03-07 23:56:35,INFO,payment,Invoice generated: invoice_id=INV81688
LOG0003531,2026-03-08 00:01:03,INFO,database,Transaction committed: txn_id=TXN52646
LOG0000345,2026-03-08 00:07:37,INFO,database,Query executed: SELECT users WHERE id=USR1228 (1488ms)
LOG0002120,2026-03-08 00:09:07,WARNING,api_gateway,Rate limit approaching for client_id=CLI847: 42/100 req/min
LOG0008792,2026-03-08 00:13:18,INFO,auth,User login successful: user_id=USR5925
LOG0001638,2026-03-08 00:13:33,WARNING,auth,Password reset requested for user_id=USR3988
LOG0006736,2026-03-08 00:17:45,INFO,payment,"Payment processed: order_id=ORD86409 amount=Rp7,201,000"
LOG0003609,2026-03-08 00:23:38,INFO,payment,Payment gateway responded OK in 32ms
LOG0004241,2026-03-08 00:24:00,INFO,auth,Session created: session_id=SESS86613
LOG0005509,2026-03-08 00:27:29,WARNING,payment,Payment provider response slow: 3313ms
LOG0006098,2026-03-08 00:28:19,ERROR,payment,Webhook delivery failed after 3 retries
LOG0000292,2026-03-08 00:28:43,INFO,auth,Token generated for user_id=USR4664
LOG0007671,2026-03-08 00:31:45,INFO,payment,Payment gateway responded OK in 2094ms
LOG0005305,2026-03-08 00:33:12,INFO,database,Query executed: SELECT users WHERE id=USR7979 (2101ms)
LOG0003420,2026-03-08 00:34:27,WARNING,database,Slow query detected: 3509ms on table=logs
LOG0009884,2026-03-08 00:34:46,WARNING,auth,Multiple sessions detected for user_id=USR9191
LOG0004837,2026-03-08 00:39:45,INFO,database,Backup snapshot completed successfully
LOG0001728,2026-03-08 00:41:56,WARNING,auth,Unusual login location detected: user_id=USR1971
LOG0007067,2026-03-08 00:44:22,INFO,database,Index hit on table=products query (4166ms)
LOG0009868,2026-03-08 00:45:13,WARNING,api_gateway,Deprecated endpoint called: /api/v0/users by client_id=CLI626
LOG0007887,2026-03-08 00:46:01,WARNING,payment,Payment retry attempt 97/3 for order_id=ORD95602
LOG0007053,2026-03-08 00:55:17,WARNING,api_gateway,Slow response: GET /api/v1/reports took 3558ms
LOG0009611,2026-03-08 00:56:39,INFO,api_gateway,DELETE /api/v1/item/INV51837 responded 204 in 2516ms
LOG0005580,2026-03-08 01:02:37,INFO,api_gateway,GET /api/v1/products responded 200 in 1502ms
LOG0000828,2026-03-08 01:02:49,INFO,auth,User login successful: user_id=USR6909
LOG0002359,2026-03-08 01:04:07,ERROR,api_gateway,Upstream service user-service unreachable: connection timeout
LOG0005272,2026-03-08 01:04:23,INFO,auth,User login successful: user_id=USR9836
LOG0003775,2026-03-08 01:06:57,INFO,auth,Token generated for user_id=USR6190
LOG0003699,2026-03-08 01:07:40,INFO,database,Index hit on table=products query (2803ms)
LOG0002193,2026-03-08 01:08:21,ERROR,payment,Fraud detection triggered: order_id=ORD85787
LOG0008528,2026-03-08 01:14:05,INFO,database,INSERT INTO orders completed (2785ms)
LOG0004471,2026-03-08 01:19:29,INFO,database,Query executed: SELECT users WHERE id=USR7167 (2619ms)
LOG0009860,2026-03-08 01:19:31,INFO,database,Cache hit ratio: 57% for last 5 minutes
LOG0005640,2026-03-08 01:19:36,INFO,api_gateway,DELETE /api/v1/item/INV61815 responded 204 in 419ms
LOG0008046,2026-03-08 01:20:05,INFO,database,Transaction committed: txn_id=TXN84207
LOG0001802,2026-03-08 01:24:20,INFO,database,Transaction committed: txn_id=TXN55612
LOG0005414,2026-03-08 01:24:20,INFO,payment,Payment gateway responded OK in 129ms
LOG0009688,2026-03-08 01:26:14,INFO,api_gateway,Rate limit check passed for client_id=CLI282
LOG0003173,2026-03-08 01:27:21,WARNING,payment,High transaction volume: 61 TPS (threshold: 50 TPS)
LOG0004909,2026-03-08 01:27:38,INFO,api_gateway,GET /api/v1/users responded 200 in 21ms
LOG0007145,2026-03-08 01:30:55,WARNING,database,Index miss on table=events: consider reindexing
LOG0008688,2026-03-08 01:39:12,INFO,api_gateway,GET /api/v1/products responded 200 in 4052ms
LOG0000695,2026-03-08 01:39:24,INFO,api_gateway,Rate limit check passed for client_id=CLI122
LOG0003747,2026-03-08 01:41:10,WARNING,database,Slow query detected: 564ms on table=logs
LOG0005150,2026-03-08 01:41:17,WARNING,database,Slow query detected: 2803ms on table=logs
LOG0002686,2026-03-08 01:46:09,INFO,database,Query executed: SELECT users WHERE id=USR1643 (2416ms)
LOG0006766,2026-03-08 01:58:27,INFO,database,Query executed: SELECT users WHERE id=USR1383 (66ms)
LOG0004104,2026-03-08 01:59:36,INFO,api_gateway,Request routed to service: user-service in 3110ms
LOG0003537,2026-03-08 01:59:46,INFO,auth,Token generated for user_id=USR6473
LOG0003617,2026-03-08 02:00:06,WARNING,payment,Payment retry attempt 40/3 for order_id=ORD42408
LOG0005159,2026-03-08 02:02:48,ERROR,auth,Token validation failed: user_id=USR8806
LOG0000902,2026-03-08 02:03:08,INFO,database,Index hit on table=products query (516ms)
LOG0005550,2026-03-08 02:03:51,INFO,api_gateway,POST /api/v1/orders responded 201 in 896ms
LOG0009407,2026-03-08 02:06:22,WARNING,auth,Failed login attempt for user_id=USR4347 (attempt 94/5)
LOG0008018,2026-03-08 02:08:45,ERROR,database,Query failed: syntax error near 'SELCT'
LOG0005247,2026-03-08 02:12:57,INFO,database,Backup snapshot completed successfully
LOG0001528,2026-03-08 02:13:46,ERROR,api_gateway,Rate limit exceeded for client_id=CLI625
LOG0009379,2026-03-08 02:22:15,WARNING,database,Index miss on table=events: consider reindexing
LOG0004713,2026-03-08 02:25:40,INFO,payment,Payment gateway responded OK in 513ms
LOG0008426,2026-03-08 02:30:24,INFO,payment,"Refund issued: order_id=ORD55526 amount=Rp1,201,000"
LOG0006335,2026-03-08 02:33:31,ERROR,database,Query failed: syntax error near 'SELCT'
LOG0007413,2026-03-08 02:35:25,INFO,payment,Invoice generated: invoice_id=INV48767
LOG0009895,2026-03-08 02:35:47,INFO,auth,Token refreshed for user_id=USR5265
LOG0006307,2026-03-08 02:37:36,WARNING,api_gateway,Slow response: GET /api/v1/reports took 297ms
LOG0009707,2026-03-08 02:41:33,INFO,auth,Token refreshed for user_id=USR7357
LOG0002837,2026-03-08 02:45:43,WARNING,payment,High transaction volume: 26 TPS (threshold: 50 TPS)
LOG0002924,2026-03-08 02:46:09,INFO,auth,User logout: user_id=USR2320
LOG0000992,2026-03-08 02:47:34,INFO,auth,User logout: user_id=USR3782
LOG0002813,2026-03-08 02:50:30,INFO,api_gateway,Request routed to service: order-service in 2908ms
LOG0002797,2026-03-08 02:51:16,ERROR,database,Query failed: syntax error near 'SELCT'
LOG0006129,2026-03-08 02:52:22,INFO,payment,Invoice generated: invoice_id=INV86245
LOG0003434,2026-03-08 02:57:08,INFO,api_gateway,DELETE /api/v1/item/INV81289 responded 204 in 3172ms
LOG0001768,2026-03-08 03:01:12,ERROR,database,Query failed: syntax error near 'SELCT'
LOG0000174,2026-03-08 03:03:37,INFO,api_gateway,DELETE /api/v1/item/INV52190 responded 204 in 3147ms
LOG0005056,2026-03-08 03:04:47,ERROR,api_gateway,Upstream service user-service unreachable: connection timeout
LOG0007764,2026-03-08 03:05:32,INFO,auth,Token generated for user_id=USR3305
LOG0007821,2026-03-08 03:12:06,INFO,payment,Payment gateway responded OK in 4141ms
LOG0003607,2026-03-08 03:13:57,INFO,api_gateway,GET /api/v1/users responded 200 in 2400ms
LOG0002039,2026-03-08 03:14:08,INFO,payment,Payment gateway responded OK in 1878ms
LOG0008548,2026-03-08 03:20:06,WARNING,api_gateway,Slow response: GET /api/v1/reports took 1760ms
LOG0005597,2026-03-08 03:23:36,INFO,auth,User registered successfully: user_id=USR9182
LOG0000100,2026-03-08 03:24:13,ERROR,database,Deadlock detected on table=orders: txn_id=TXN75837
LOG0001346,2026-03-08 03:25:01,INFO,payment,Webhook received from payment provider: status=SUCCESS
LOG0009878,2026-03-08 03:32:01,INFO,payment,"Payment processed: order_id=ORD86879 amount=Rp1,059,000"
LOG0000838,2026-03-08 03:33:59,WARNING,database,Table=orders approaching max size: 98% capacity
LOG0003562,2026-03-08 03:35:08,WARNING,api_gateway,Slow response: GET /api/v1/reports took 3176ms
LOG0003104,2026-03-08 03:36:43,ERROR,database,Disk usage critical: 73% on /var/lib/postgres
LOG0005617,2026-03-08 03:39:21,WARNING,api_gateway,Deprecated endpoint called: /api/v0/users by client_id=CLI767
LOG0002036,2026-03-08 03:44:02,INFO,api_gateway,GET /api/v1/users responded 200 in 2696ms
LOG0007633,2026-03-08 03:48:20,INFO,auth,User logout: user_id=USR7289
LOG0006196,2026-03-08 03:50:21,INFO,auth,User logout: user_id=USR9098
LOG0005838,2026-03-08 03:58:45,WARNING,payment,Payment retry attempt 79/3 for order_id=ORD34067
LOG0000762,2026-03-08 03:59:44,INFO,database,Connection pool: 8/20 active connections
LOG0007125,2026-03-08 04:01:44,INFO,payment,Payment gateway responded OK in 1478ms
LOG0006499,2026-03-08 04:08:03,INFO,payment,"Payment processed: order_id=ORD89856 amount=Rp302,000"
LOG0009069,2026-03-08 04:11:33,INFO,api_gateway,GET /api/v1/users responded 200 in 4239ms
LOG0006183,2026-03-08 04:17:12,WARNING,api_gateway,Slow response: GET /api/v1/reports took 262ms
LOG0003388,2026-03-08 04:21:14,INFO,api_gateway,POST /api/v1/orders responded 201 in 3341ms
LOG0000759,2026-03-08 04:24:55,INFO,api_gateway,Request routed to service: user-service in 1779ms
LOG0002574,2026-03-08 04:25:34,ERROR,auth,JWT signature mismatch for user_id=USR1330
LOG0003571,2026-03-08 04:25:54,INFO,database,Connection pool: 11/20 active connections
LOG0006720,2026-03-08 04:27:28,WARNING,database,Table=orders approaching max size: 70% capacity
LOG0002842,2026-03-08 04:27:48,WARNING,database,Long-running transaction detected: txn_id=TXN28153 (114ms)
LOG0001911,2026-03-08 04:31:27,INFO,api_gateway,DELETE /api/v1/item/INV45036 responded 204 in 309ms
LOG0000964,2026-03-08 04:31:51,INFO,api_gateway,Rate limit check passed for client_id=CLI488
LOG0002934,2026-03-08 04:32:03,INFO,api_gateway,PUT /api/v1/profile responded 200 in 555ms
LOG0005649,2026-03-08 04:35:09,INFO,database,INSERT INTO orders completed (2179ms)
LOG0004097,2026-03-08 04:45:22,INFO,auth,Token generated for user_id=USR8094
LOG0007330,2026-03-08 04:46:39,INFO,auth,User logout: user_id=USR2286
LOG0003655,2026-03-08 04:47:15,INFO,api_gateway,POST /api/v1/orders responded 201 in 214ms
LOG0006512,2026-03-08 04:52:24,ERROR,database,Replication lag exceeded threshold: 3217ms behind primary
LOG0007586,2026-03-08 04:54:40,INFO,auth,User registered successfully: user_id=USR5623
LOG0000293,2026-03-08 05:02:27,INFO,database,INSERT INTO orders completed (2217ms)
LOG0000789,2026-03-08 05:05:00,INFO,auth,Token generated for user_id=USR6788
LOG0002370,2026-03-08 05:05:21,WARNING,auth,Password reset requested for user_id=USR1930
LOG0004185,2026-03-08 05:07:11,INFO,database,Backup snapshot completed successfully
LOG0005025,2026-03-08 05:14:10,INFO,auth,User logout: user_id=USR7616
LOG0005432,2026-03-08 05:14:45,INFO,payment,Invoice generated: invoice_id=INV53072
LOG0001345,2026-03-08 05:17:39,WARNING,payment,High transaction volume: 51 TPS (threshold: 50 TPS)
LOG0009917,2026-03-08 05:20:35,INFO,auth,User logout: user_id=USR7565
LOG0004854,2026-03-08 05:21:06,INFO,auth,Password changed for user_id=USR2136
LOG0001652,2026-03-08 05:22:02,ERROR,database,Replication lag exceeded threshold: 4460ms behind primary
LOG0009962,2026-03-08 05:23:35,WARNING,auth,Password reset requested for user_id=USR9944
LOG0008860,2026-03-08 05:27:22,INFO,database,Query executed: SELECT users WHERE id=USR2194 (739ms)
LOG0006660,2026-03-08 05:27:27,INFO,auth,Password changed for user_id=USR9219
LOG0000110,2026-03-08 05:33:01,INFO,api_gateway,GET /api/v1/products responded 200 in 2289ms
LOG0009964,2026-03-08 05:33:50,INFO,payment,"Payment processed: order_id=ORD25693 amount=Rp1,602,000"
LOG0001009,2026-03-08 05:37:16,INFO,database,Query executed: SELECT users WHERE id=USR3680 (3556ms)
LOG0001217,2026-03-08 05:43:10,WARNING,payment,Card expiry warning for user_id=USR2885
LOG0004046,2026-03-08 05:44:51,WARNING,database,Long-running transaction detected: txn_id=TXN84173 (301ms)
LOG0006606,2026-03-08 05:50:43,INFO,api_gateway,DELETE /api/v1/item/INV53092 responded 204 in 3845ms
LOG0005299,2026-03-08 05:53:25,INFO,auth,User login successful: user_id=USR6290
LOG0008598,2026-03-08 05:53:28,INFO,api_gateway,POST /api/v1/orders responded 201 in 793ms
LOG0001949,2026-03-08 05:55:42,INFO,payment,Payment gateway responded OK in 79ms
LOG0007773,2026-03-08 05:59:36,INFO,auth,Token refreshed for user_id=USR6450
LOG0000709,2026-03-08 05:59:59,INFO,api_gateway,GET /api/v1/products responded 200 in 1719ms
LOG0002074,2026-03-08 06:00:06,INFO,api_gateway,POST /api/v1/orders responded 201 in 3832ms
LOG0001265,2026-03-08 06:02:37,INFO,payment,"Refund issued: order_id=ORD19862 amount=Rp2,505,000"
LOG0000290,2026-03-08 06:08:10,INFO,database,Cache hit ratio: 72% for last 5 minutes
LOG0002303,2026-03-08 06:08:49,INFO,api_gateway,GET /api/v1/products responded 200 in 3475ms
LOG0007179,2026-03-08 06:12:06,INFO,auth,2FA verification passed: user_id=USR8060
LOG0009418,2026-03-08 06:13:17,WARNING,api_gateway,Rate limit approaching for client_id=CLI118: 64/100 req/min
LOG0004383,2026-03-08 06:13:43,INFO,api_gateway,PUT /api/v1/profile responded 200 in 797ms
LOG0008134,2026-03-08 06:18:14,ERROR,auth,JWT signature mismatch for user_id=USR1501
LOG0004189,2026-03-08 06:19:27,INFO,payment,Invoice generated: invoice_id=INV86590
LOG0005820,2026-03-08 06:19:31,WARNING,database,Long-running transaction detected: txn_id=TXN45828 (128ms)
LOG0007374,2026-03-08 06:21:43,INFO,database,Backup snapshot completed successfully
LOG0006546,2026-03-08 06:23:35,INFO,payment,"Payment processed: order_id=ORD83899 amount=Rp2,694,000"
LOG0009416,2026-03-08 06:26:30,INFO,database,Query executed: SELECT users WHERE id=USR4561 (3957ms)
LOG0009622,2026-03-08 06:29:36,INFO,auth,Token refreshed for user_id=USR4165
LOG0009888,2026-03-08 06:30:31,ERROR,auth,Invalid credentials for user_id=USR1357
LOG0008778,2026-03-08 06:32:57,WARNING,api_gateway,High latency detected on route /api/v1/search: 425ms
LOG0000419,2026-03-08 06:33:40,INFO,auth,User login successful: user_id=USR9847
LOG0002886,2026-03-08 06:38:13,ERROR,payment,Payment failed: order_id=ORD57884 reason=insufficient_funds
LOG0000230,2026-03-08 06:42:45,INFO,auth,Token refreshed for user_id=USR6234
LOG0001465,2026-03-08 06:43:47,WARNING,database,Index miss on table=events: consider reindexing
LOG0000943,2026-03-08 06:49:58,INFO,api_gateway,POST /api/v1/orders responded 201 in 539ms
LOG0003281,2026-03-08 06:50:08,INFO,payment,"Payment processed: order_id=ORD76091 amount=Rp282,000"
LOG0005892,2026-03-08 06:50:50,INFO,payment,Invoice generated: invoice_id=INV73476
LOG0005476,2026-03-08 06:55:30,INFO,api_gateway,Rate limit check passed for client_id=CLI712
LOG0000900,2026-03-08 06:58:45,INFO,payment,Webhook received from payment provider: status=SUCCESS
LOG0002539,2026-03-08 07:02:27,INFO,auth,Session created: session_id=SESS95080
LOG0006411,2026-03-08 07:02:45,ERROR,payment,Currency conversion error for order_id=ORD50053
LOG0004517,2026-03-08 07:07:13,INFO,payment,Payment gateway responded OK in 2024ms
LOG0002898,2026-03-08 07:09:55,INFO,payment,"Payment processed: order_id=ORD79366 amount=Rp3,388,000"
LOG0004982,2026-03-08 07:13:49,ERROR,auth,Invalid credentials for user_id=USR3673
LOG0008857,2026-03-08 07:14:13,INFO,payment,"Payment processed: order_id=ORD43308 amount=Rp8,273,000"
LOG0004747,2026-03-08 07:14:26,INFO,auth,User logout: user_id=USR9562
LOG0000341,2026-03-08 07:14:40,WARNING,api_gateway,Rate limit approaching for client_id=CLI617: 79/100 req/min
LOG0009109,2026-03-08 07:14:43,ERROR,api_gateway,Invalid request schema on POST /api/v1/orders
LOG0001563,2026-03-08 07:16:32,INFO,auth,Password changed for user_id=USR4743
LOG0005780,2026-03-08 07:21:30,INFO,api_gateway,Rate limit check passed for client_id=CLI886
LOG0008735,2026-03-08 07:31:18,INFO,payment,Invoice generated: invoice_id=INV17756
LOG0008293,2026-03-08 07:33:33,INFO,api_gateway,GET /api/v1/products responded 200 in 151ms
LOG0000534,2026-03-08 07:39:38,INFO,api_gateway,GET /api/v1/users responded 200 in 3766ms
LOG0000739,2026-03-08 07:44:14,INFO,api_gateway,GET /api/v1/products responded 200 in 2654ms
LOG0002489,2026-03-08 07:45:26,INFO,api_gateway,POST /api/v1/orders responded 201 in 1587ms
LOG0000549,2026-03-08 07:48:43,ERROR,auth,Account locked after 5 failed attempts: user_id=USR5535
LOG0006674,2026-03-08 07:49:19,WARNING,auth,Multiple sessions detected for user_id=USR3520
LOG0005257,2026-03-08 07:59:34,INFO,payment,Webhook received from payment provider: status=SUCCESS
LOG0004634,2026-03-08 08:01:35,INFO,payment,Invoice generated: invoice_id=INV15564
LOG0000229,2026-03-08 08:03:28,INFO,api_gateway,PUT /api/v1/profile responded 200 in 3301ms
LOG0007963,2026-03-08 08:05:01,INFO,database,Connection pool: 94/20 active connections
LOG0004028,2026-03-08 08:11:18,INFO,auth,Token generated for user_id=USR2194
LOG0006628,2026-03-08 08:18:12,WARNING,auth,Failed login attempt for user_id=USR7136 (attempt 45/5)
LOG0000329,2026-03-08 08:19:08,INFO,api_gateway,DELETE /api/v1/item/INV60638 responded 204 in 1676ms
LOG0003486,2026-03-08 08:20:56,INFO,payment,"Refund issued: order_id=ORD60356 amount=Rp6,253,000"
LOG0004100,2026-03-08 08:34:02,ERROR,database,Replication lag exceeded threshold: 2819ms behind primary
LOG0004863,2026-03-08 08:35:48,ERROR,database,Deadlock detected on table=orders: txn_id=TXN30440
LOG0009477,2026-03-08 08:45:55,INFO,payment,Currency conversion: USD→IDR for order_id=ORD69107
LOG0000911,2026-03-08 08:46:31,INFO,database,Transaction committed: txn_id=TXN77112
LOG0008618,2026-03-08 08:52:06,INFO,database,INSERT INTO orders completed (1292ms)
LOG0000199,2026-03-08 08:53:38,INFO,auth,User registered successfully: user_id=USR4530
LOG0000473,2026-03-08 08:55:15,INFO,api_gateway,GET /api/v1/users responded 200 in 630ms
LOG0008845,2026-03-08 08:55:53,INFO,auth,User logout: user_id=USR2061
LOG0008344,2026-03-08 08:58:03,INFO,database,Transaction committed: txn_id=TXN39775
LOG0006213,2026-03-08 09:02:38,INFO,api_gateway,Request routed to service: inventory-service in 392ms
LOG0003020,2026-03-08 09:03:34,INFO,payment,Currency conversion: USD→IDR for order_id=ORD61190
LOG0008947,2026-03-08 09:06:56,INFO,auth,User registered successfully: user_id=USR6161
LOG0003989,2026-03-08 09:08:16,INFO,payment,Currency conversion: USD→IDR for order_id=ORD42146
LOG0002648,2026-03-08 09:08:57,INFO,payment,Invoice generated: invoice_id=INV43351
LOG0001971,2026-03-08 09:09:28,WARNING,auth,Unusual login location detected: user_id=USR6584
LOG0005556,2026-03-08 09:13:05,WARNING,payment,Payment provider response slow: 4456ms
LOG0001352,2026-03-08 09:19:58,INFO,auth,Token generated for user_id=USR7482
LOG0009496,2026-03-08 09:22:02,INFO,auth,User logout: user_id=USR3351
LOG0008779,2026-03-08 09:24:56,INFO,auth,Session created: session_id=SESS25088
LOG0000055,2026-03-08 09:27:54,INFO,database,Index hit on table=products query (4454ms)
LOG0009796,2026-03-08 09:27:58,WARNING,api_gateway,Deprecated endpoint called: /api/v0/users by client_id=CLI232
LOG0000745,2026-03-08 09:32:32,INFO,api_gateway,Rate limit check passed for client_id=CLI919
LOG0001620,2026-03-08 09:38:12,INFO,payment,Webhook received from payment provider: status=SUCCESS
LOG0003096,2026-03-08 09:38:12,INFO,auth,2FA verification passed: user_id=USR4304
LOG0004285,2026-03-08 09:40:35,INFO,auth,User logout: user_id=USR9575
LOG0009068,2026-03-08 09:44:09,INFO,api_gateway,GET /api/v1/products responded 200 in 568ms
LOG0007856,2026-03-08 09:44:24,INFO,auth,User registered successfully: user_id=USR5186
LOG0008945,2026-03-08 09:45:02,INFO,api_gateway,GET /api/v1/users responded 200 in 435ms
LOG0000119,2026-03-08 09:47:02,ERROR,auth,Account locked after 5 failed attempts: user_id=USR6461
LOG0000065,2026-03-08 09:47:42,ERROR,api_gateway,Circuit breaker OPEN for service: inventory-service
LOG0005647,2026-03-08 09:54:21,INFO,payment,Payment gateway responded OK in 1633ms
LOG0003157,2026-03-08 09:55:54,ERROR,auth,JWT signature mismatch for user_id=USR7530
LOG0008147,2026-03-08 10:00:42,INFO,api_gateway,GET /api/v1/users responded 200 in 3908ms
LOG0009985,2026-03-08 10:01:03,INFO,api_gateway,GET /api/v1/products responded 200 in 2356ms
LOG0005940,2026-03-08 10:01:20,INFO,auth,Token generated for user_id=USR9779
LOG0006549,2026-03-08 10:08:06,WARNING,database,Long-running transaction detected: txn_id=TXN13880 (3424ms)
LOG0001054,2026-03-08 10:09:02,INFO,payment,Webhook received from payment provider: status=SUCCESS
LOG0005328,2026-03-08 10:12:09,WARNING,api_gateway,Deprecated endpoint called: /api/v0/users by client_id=CLI693
LOG0003505,2026-03-08 10:23:18,WARNING,auth,Unusual login location detected: user_id=USR8740
LOG0009858,2026-03-08 10:29:48,WARNING,api_gateway,Deprecated endpoint called: /api/v0/users by client_id=CLI817
LOG0001450,2026-03-08 10:30:18,INFO,api_gateway,POST /api/v1/orders responded 201 in 4134ms
LOG0009656,2026-03-08 10:31:03,INFO,auth,User registered successfully: user_id=USR6737
LOG0002810,2026-03-08 10:38:22,INFO,payment,Payment gateway responded OK in 3566ms
LOG0006880,2026-03-08 10:43:05,INFO,database,Connection pool: 18/20 active connections
LOG0007246,2026-03-08 10:44:55,ERROR,database,Connection timeout to primary DB host
LOG0001920,2026-03-08 10:47:01,WARNING,api_gateway,Retry attempt 42 for downstream service order-service
LOG0005692,2026-03-08 10:47:41,INFO,payment,Payment gateway responded OK in 3345ms
LOG0006758,2026-03-08 10:52:17,INFO,payment,"Payment processed: order_id=ORD61380 amount=Rp7,171,000"
LOG0000945,2026-03-08 10:54:42,WARNING,database,Slow query detected: 3697ms on table=logs
LOG0007397,2026-03-08 10:54:46,INFO,database,Query executed: SELECT users WHERE id=USR8804 (3873ms)
LOG0003172,2026-03-08 10:55:17,INFO,payment,Currency conversion: USD→IDR for order_id=ORD53415
LOG0005376,2026-03-08 11:00:51,INFO,auth,User logout: user_id=USR1333
LOG0003604,2026-03-08 11:01:32,INFO,payment,"Payment processed: order_id=ORD64770 amount=Rp9,830,000"
LOG0002663,2026-03-08 11:01:45,INFO,api_gateway,Request routed to service: inventory-service in 4366ms
LOG0001090,2026-03-08 11:06:38,INFO,payment,Payment gateway responded OK in 3587ms
LOG0002164,2026-03-08 11:06:38,INFO,payment,Currency conversion: USD→IDR for order_id=ORD51987
LOG0004696,2026-03-08 11:07:52,INFO,api_gateway,GET /api/v1/products responded 200 in 235ms
LOG0008641,2026-03-08 11:08:34,WARNING,database,Table=orders approaching max size: 6% capacity
LOG0008274,2026-03-08 11:09:13,INFO,payment,"Refund issued: order_id=ORD18464 amount=Rp9,385,000"
LOG0008449,2026-03-08 11:13:21,INFO,auth,User logout: user_id=USR3473
LOG0008847,2026-03-08 11:13:45,INFO,database,Query executed: SELECT users WHERE id=USR9505 (4366ms)
LOG0004089,2026-03-08 11:13:57,INFO,payment,Invoice generated: invoice_id=INV33815
LOG0007999,2026-03-08 11:18:13,WARNING,payment,High transaction volume: 83 TPS (threshold: 50 TPS)
LOG0002472,2026-03-08 11:19:15,WARNING,auth,Failed login attempt for user_id=USR8651 (attempt 44/5)
LOG0000134,2026-03-08 11:22:03,INFO,api_gateway,DELETE /api/v1/item/INV61029 responded 204 in 1970ms
LOG0003812,2026-03-08 11:23:54,WARNING,api_gateway,Deprecated endpoint called: /api/v0/users by client_id=CLI367
LOG0007502,2026-03-08 11:27:44,INFO,api_gateway,POST /api/v1/orders responded 201 in 349ms
LOG0006316,2026-03-08 11:30:54,INFO,payment,"Refund issued: order_id=ORD53983 amount=Rp1,014,000"
LOG0000985,2026-03-08 11:37:24,INFO,api_gateway,Rate limit check passed for client_id=CLI336
LOG0003805,2026-03-08 11:37:30,INFO,database,Transaction committed: txn_id=TXN77052
LOG0002391,2026-03-08 11:42:26,INFO,api_gateway,DELETE /api/v1/item/INV36659 responded 204 in 332ms
LOG0002759,2026-03-08 11:43:11,INFO,auth,Password changed for user_id=USR3899
LOG0006879,2026-03-08 11:43:26,INFO,api_gateway,DELETE /api/v1/item/INV18003 responded 204 in 253ms
LOG0001562,2026-03-08 11:44:00,ERROR,auth,JWT signature mismatch for user_id=USR3421
LOG0009838,2026-03-08 11:47:52,INFO,database,Connection pool: 5/20 active connections
LOG0003169,2026-03-08 11:50:24,INFO,api_gateway,Rate limit check passed for client_id=CLI582
LOG0008839,2026-03-08 11:52:39,INFO,auth,Session created: session_id=SESS28051
LOG0008242,2026-03-08 11:59:23,INFO,database,INSERT INTO orders completed (2596ms)
LOG0009655,2026-03-08 12:05:55,INFO,database,Backup snapshot completed successfully
LOG0005856,2026-03-08 12:09:25,INFO,api_gateway,GET /api/v1/products responded 200 in 627ms
LOG0001598,2026-03-08 12:12:50,ERROR,payment,Payment gateway timeout after 1424ms: order_id=ORD72026
LOG0008329,2026-03-08 12:14:52,INFO,payment,Invoice generated: invoice_id=INV68953
LOG0003675,2026-03-08 12:15:51,INFO,database,Query executed: SELECT users WHERE id=USR3469 (1442ms)
LOG0006745,2026-03-08 12:17:10,INFO,api_gateway,PUT /api/v1/profile responded 200 in 1053ms
LOG0003999,2026-03-08 12:17:51,INFO,auth,User login successful: user_id=USR6776
LOG0007756,2026-03-08 12:18:05,INFO,database,Query executed: SELECT users WHERE id=USR1948 (360ms)
LOG0009538,2026-03-08 12:22:55,INFO,payment,"Payment processed: order_id=ORD39420 amount=Rp2,553,000"
LOG0009247,2026-03-08 12:23:54,INFO,payment,"Payment processed: order_id=ORD27858 amount=Rp9,525,000"
LOG0001994,2026-03-08 12:26:07,INFO,auth,Password changed for user_id=USR8755
LOG0009832,2026-03-08 12:33:48,INFO,database,Index hit on table=products query (1241ms)
LOG0002104,2026-03-08 12:37:17,WARNING,api_gateway,Retry attempt 89 for downstream service inventory-service
LOG0000138,2026-03-08 12:39:33,INFO,database,Connection pool: 94/20 active connections
LOG0001631,2026-03-08 12:40:11,INFO,database,Query executed: SELECT users WHERE id=USR8437 (949ms)
LOG0004300,2026-03-08 12:42:17,INFO,database,Query executed: SELECT users WHERE id=USR4124 (873ms)
LOG0009788,2026-03-08 12:42:40,INFO,api_gateway,Request routed to service: user-service in 1199ms
LOG0003789,2026-03-08 12:44:35,WARNING,database,Long-running transaction detected: txn_id=TXN94429 (4035ms)
LOG0006227,2026-03-08 12:49:35,INFO,auth,User logout: user_id=USR8226
LOG0000610,2026-03-08 12:52:20,INFO,api_gateway,Rate limit check passed for client_id=CLI952
LOG0002927,2026-03-08 12:55:29,INFO,database,Transaction committed: txn_id=TXN81932
LOG0000343,2026-03-08 12:58:09,INFO,payment,"Refund issued: order_id=ORD43399 amount=Rp1,191,000"
LOG0003069,2026-03-08 12:59:04,WARNING,payment,Payment provider response slow: 3098ms
LOG0008455,2026-03-08 13:00:21,ERROR,database,Disk usage critical: 31% on /var/lib/postgres
LOG0006886,2026-03-08 13:03:33,INFO,api_gateway,PUT /api/v1/profile responded 200 in 1720ms
LOG0008676,2026-03-08 13:04:21,INFO,payment,Invoice generated: invoice_id=INV74750
LOG0002513,2026-03-08 13:05:30,INFO,database,Connection pool: 72/20 active connections
LOG0002859,2026-03-08 13:05:41,INFO,api_gateway,GET /api/v1/users responded 200 in 2067ms
LOG0005654,2026-03-08 13:11:59,INFO,api_gateway,Rate limit check passed for client_id=CLI662
LOG0003479,2026-03-08 13:14:32,ERROR,database,Replication lag exceeded threshold: 2531ms behind primary
LOG0001176,2026-03-08 13:16:51,INFO,payment,"Payment processed: order_id=ORD82749 amount=Rp2,845,000"
LOG0000272,2026-03-08 13:21:25,INFO,auth,User logout: user_id=USR7687
LOG0002158,2026-03-08 13:21:32,INFO,auth,Token refreshed for user_id=USR8404
LOG0000582,2026-03-08 13:22:40,INFO,api_gateway,GET /api/v1/users responded 200 in 2364ms
LOG0001613,2026-03-08 13:22:59,INFO,api_gateway,GET /api/v1/products responded 200 in 1835ms
LOG0006282,2026-03-08 13:24:02,INFO,payment,"Refund issued: order_id=ORD97009 amount=Rp8,225,000"
LOG0001703,2026-03-08 13:32:28,ERROR,payment,Fraud detection triggered: order_id=ORD87084
LOG0006478,2026-03-08 13:34:00,INFO,auth,Password changed for user_id=USR1261
LOG0009108,2026-03-08 13:35:03,INFO,database,Transaction committed: txn_id=TXN49963
LOG0003344,2026-03-08 13:36:46,INFO,api_gateway,Rate limit check passed for client_id=CLI525
LOG0005275,2026-03-08 13:38:53,WARNING,database,Table=orders approaching max size: 93% capacity
LOG0008299,2026-03-08 13:41:04,INFO,api_gateway,PUT /api/v1/profile responded 200 in 310ms
LOG0006242,2026-03-08 13:53:29,INFO,auth,User registered successfully: user_id=USR5369
LOG0005538,2026-03-08 13:54:12,INFO,database,Transaction committed: txn_id=TXN94681
LOG0008208,2026-03-08 13:54:19,INFO,api_gateway,GET /api/v1/users responded 200 in 2911ms
LOG0006936,2026-03-08 14:06:38,INFO,api_gateway,GET /api/v1/products responded 200 in 1960ms
LOG0009765,2026-03-08 14:07:32,INFO,api_gateway,Request routed to service: order-service in 3032ms
LOG0006222,2026-03-08 14:08:28,WARNING,api_gateway,High latency detected on route /api/v1/search: 1596ms
LOG0005683,2026-03-08 14:09:16,INFO,database,INSERT INTO orders completed (3935ms)
LOG0002873,2026-03-08 14:13:23,WARNING,database,Slow query detected: 1465ms on table=logs
LOG0001460,2026-03-08 14:15:36,INFO,payment,"Payment processed: order_id=ORD33996 amount=Rp2,086,000"
LOG0003401,2026-03-08 14:16:29,INFO,database,Transaction committed: txn_id=TXN99015
LOG0002035,2026-03-08 14:22:32,INFO,payment,Payment gateway responded OK in 1779ms
LOG0006599,2026-03-08 14:23:08,WARNING,payment,Payment retry attempt 24/3 for order_id=ORD32337
LOG0000832,2026-03-08 14:25:01,INFO,payment,Payment gateway responded OK in 4264ms
LOG0005006,2026-03-08 14:25:45,WARNING,database,Index miss on table=events: consider reindexing
LOG0008653,2026-03-08 14:26:51,INFO,payment,Invoice generated: invoice_id=INV78661
LOG0007519,2026-03-08 14:29:45,WARNING,api_gateway,Rate limit approaching for client_id=CLI674: 83/100 req/min
LOG0006007,2026-03-08 14:29:51,INFO,auth,Token generated for user_id=USR9257
LOG0000450,2026-03-08 14:31:19,INFO,payment,Payment gateway responded OK in 475ms
LOG0000951,2026-03-08 14:32:20,INFO,auth,2FA verification passed: user_id=USR2463
LOG0005085,2026-03-08 14:35:25,ERROR,database,Query failed: syntax error near 'SELCT'
LOG0008995,2026-03-08 14:40:24,INFO,payment,Subscription renewed: user_id=USR1852
LOG0003524,2026-03-08 14:49:54,ERROR,database,Replication lag exceeded threshold: 2285ms behind primary
LOG0009824,2026-03-08 14:51:18,ERROR,payment,Currency conversion error for order_id=ORD20141
LOG0005909,2026-03-08 14:52:11,INFO,auth,2FA verification passed: user_id=USR1562
LOG0006542,2026-03-08 14:55:50,ERROR,payment,Currency conversion error for order_id=ORD15640
LOG0000869,2026-03-08 14:57:31,ERROR,api_gateway,Invalid request schema on POST /api/v1/orders
LOG0007290,2026-03-08 14:58:36,INFO,database,Cache hit ratio: 75% for last 5 minutes
LOG0006321,2026-03-08 15:01:12,INFO,api_gateway,PUT /api/v1/profile responded 200 in 1870ms
LOG0009852,2026-03-08 15:07:17,INFO,database,Connection pool: 87/20 active connections
LOG0003464,2026-03-08 15:07:56,INFO,payment,Webhook received from payment provider: status=SUCCESS
LOG0007098,2026-03-08 15:09:05,INFO,auth,Token refreshed for user_id=USR4855
LOG0000513,2026-03-08 15:09:26,INFO,payment,Subscription renewed: user_id=USR5185
LOG0004376,2026-03-08 15:09:56,INFO,auth,Session created: session_id=SESS67721
LOG0000310,2026-03-08 15:10:41,INFO,auth,Token generated for user_id=USR4685
LOG0005607,2026-03-08 15:11:58,WARNING,payment,Payment provider response slow: 2880ms
LOG0003575,2026-03-08 15:17:34,INFO,payment,Payment gateway responded OK in 828ms
LOG0005165,2026-03-08 15:20:10,ERROR,database,Deadlock detected on table=orders: txn_id=TXN26191
LOG0001229,2026-03-08 15:20:39,INFO,database,Cache hit ratio: 86% for last 5 minutes
LOG0005777,2026-03-08 15:23:39,WARNING,auth,Password reset requested for user_id=USR3692
LOG0009124,2026-03-08 15:25:11,INFO,database,INSERT INTO orders completed (3856ms)
LOG0007027,2026-03-08 15:27:12,WARNING,api_gateway,Rate limit approaching for client_id=CLI904: 69/100 req/min
LOG0003729,2026-03-08 15:29:36,WARNING,auth,Failed login attempt for user_id=USR8831 (attempt 50/5)
LOG0000938,2026-03-08 15:31:35,WARNING,auth,Unusual login location detected: user_id=USR1027
LOG0007802,2026-03-08 15:34:47,INFO,payment,Currency conversion: USD→IDR for order_id=ORD44578
LOG0008975,2026-03-08 15:37:39,INFO,api_gateway,GET /api/v1/users responded 200 in 698ms
LOG0003606,2026-03-08 15:39:21,WARNING,database,Index miss on table=events: consider reindexing
LOG0001711,2026-03-08 15:41:11,WARNING,database,Index miss on table=events: consider reindexing
LOG0000242,2026-03-08 15:42:02,INFO,database,Connection pool: 77/20 active connections
LOG0000296,2026-03-08 15:45:48,INFO,auth,User registered successfully: user_id=USR4799
LOG0003511,2026-03-08 15:47:20,INFO,payment,"Payment processed: order_id=ORD20844 amount=Rp7,874,000"
LOG0008277,2026-03-08 15:51:28,INFO,database,INSERT INTO orders completed (2106ms)
LOG0006415,2026-03-08 15:51:48,INFO,payment,Currency conversion: USD→IDR for order_id=ORD69335
LOG0008201,2026-03-08 15:51:54,INFO,payment,Webhook received from payment provider: status=SUCCESS
LOG0006468,2026-03-08 15:54:02,INFO,database,Index hit on table=products query (503ms)
LOG0002963,2026-03-08 15:57:05,INFO,api_gateway,GET /api/v1/products responded 200 in 2844ms
LOG0007194,2026-03-08 15:58:17,WARNING,payment,Card expiry warning for user_id=USR9504
LOG0002567,2026-03-08 16:01:33,INFO,api_gateway,DELETE /api/v1/item/INV83307 responded 204 in 523ms
LOG0007646,2026-03-08 16:08:42,WARNING,database,Index miss on table=events: consider reindexing
LOG0004845,2026-03-08 16:12:09,INFO,database,Index hit on table=products query (17ms)
LOG0005746,2026-03-08 16:12:20,INFO,auth,Token refreshed for user_id=USR1752
LOG0009785,2026-03-08 16:14:25,WARNING,auth,Multiple sessions detected for user_id=USR1797
LOG0000384,2026-03-08 16:14:35,INFO,database,Index hit on table=products query (3484ms)
LOG0009281,2026-03-08 16:14:55,ERROR,payment,Webhook delivery failed after 3 retries
LOG0002308,2026-03-08 16:15:07,WARNING,database,Table=orders approaching max size: 63% capacity
LOG0004904,2026-03-08 16:15:40,INFO,payment,Payment gateway responded OK in 3100ms
LOG0005171,2026-03-08 16:16:31,INFO,database,Query executed: SELECT users WHERE id=USR9035 (38ms)
LOG0003058,2026-03-08 16:17:05,WARNING,api_gateway,Retry attempt 36 for downstream service inventory-service
LOG0006843,2026-03-08 16:26:24,INFO,api_gateway,POST /api/v1/orders responded 201 in 3466ms
LOG0008444,2026-03-08 16:28:20,INFO,api_gateway,GET /api/v1/users responded 200 in 3195ms
LOG0007661,2026-03-08 16:28:41,INFO,auth,User registered successfully: user_id=USR3176
LOG0004743,2026-03-08 16:31:08,ERROR,api_gateway,Circuit breaker OPEN for service: user-service
LOG0009398,2026-03-08 16:34:50,WARNING,database,Table=orders approaching max size: 23% capacity
LOG0000867,2026-03-08 16:46:34,ERROR,auth,Invalid credentials for user_id=USR7600
LOG0007761,2026-03-08 16:48:08,INFO,database,Backup snapshot completed successfully
LOG0007062,2026-03-08 16:49:35,INFO,auth,User logout: user_id=USR1149
LOG0002101,2026-03-08 16:52:21,INFO,payment,Invoice generated: invoice_id=INV27754
LOG0007490,2026-03-08 17:05:48,WARNING,auth,Token expiring soon for user_id=USR2022
LOG0004658,2026-03-08 17:06:16,WARNING,api_gateway,Retry attempt 81 for downstream service order-service
LOG0002448,2026-03-08 17:18:11,INFO,payment,"Payment processed: order_id=ORD13941 amount=Rp6,246,000"
LOG0004632,2026-03-08 17:19:17,WARNING,database,Index miss on table=events: consider reindexing
LOG0001679,2026-03-08 17:22:41,INFO,auth,User logout: user_id=USR6077
LOG0007439,2026-03-08 17:25:24,INFO,payment,Subscription renewed: user_id=USR4693
LOG0004176,2026-03-08 17:28:21,ERROR,database,Connection timeout to primary DB host
LOG0007206,2026-03-08 17:37:38,INFO,auth,User login successful: user_id=USR7291
LOG0004727,2026-03-08 17:39:12,INFO,auth,Token generated for user_id=USR2531
LOG0003471,2026-03-08 17:39:49,INFO,payment,"Refund issued: order_id=ORD72184 amount=Rp9,854,000"
LOG0005038,2026-03-08 17:42:59,INFO,api_gateway,GET /api/v1/users responded 200 in 1610ms
LOG0002177,2026-03-08 17:47:22,WARNING,api_gateway,Retry attempt 1 for downstream service inventory-service
LOG0004444,2026-03-08 17:50:53,INFO,api_gateway,GET /api/v1/users responded 200 in 932ms
LOG0005919,2026-03-08 17:54:02,ERROR,database,Deadlock detected on table=orders: txn_id=TXN98704
LOG0003685,2026-03-08 17:55:08,INFO,payment,Currency conversion: USD→IDR for order_id=ORD63458
LOG0005755,2026-03-08 17:58:16,INFO,payment,Payment gateway responded OK in 2067ms
LOG0001869,2026-03-08 17:59:16,INFO,payment,Payment gateway responded OK in 4384ms
LOG0000132,2026-03-08 18:01:04,WARNING,database,Table=orders approaching max size: 48% capacity
LOG0000029,2026-03-08 18:07:09,INFO,payment,"Refund issued: order_id=ORD55030 amount=Rp8,536,000"
LOG0003809,2026-03-08 18:09:34,INFO,auth,User registered successfully: user_id=USR3103
LOG0008310,2026-03-08 18:10:13,WARNING,api_gateway,Retry attempt 30 for downstream service user-service
LOG0005850,2026-03-08 18:11:58,INFO,payment,"Payment processed: order_id=ORD80854 amount=Rp8,149,000"
LOG0007467,2026-03-08 18:12:53,INFO,auth,Token refreshed for user_id=USR2211
LOG0002883,2026-03-08 18:15:24,INFO,auth,2FA verification passed: user_id=USR6786
LOG0001311,2026-03-08 18:18:54,WARNING,api_gateway,Rate limit approaching for client_id=CLI340: 72/100 req/min
LOG0002247,2026-03-08 18:19:33,WARNING,auth,Multiple sessions detected for user_id=USR1266
LOG0000960,2026-03-08 18:21:42,INFO,api_gateway,Rate limit check passed for client_id=CLI217
LOG0004386,2026-03-08 18:25:10,INFO,api_gateway,DELETE /api/v1/item/INV68507 responded 204 in 3364ms
LOG0007742,2026-03-08 18:25:31,INFO,api_gateway,Request routed to service: user-service in 1482ms
LOG0002834,2026-03-08 18:30:47,INFO,database,Backup snapshot completed successfully
LOG0008805,2026-03-08 18:31:59,INFO,payment,Payment gateway responded OK in 652ms
LOG0000535,2026-03-08 18:38:36,INFO,auth,User logout: user_id=USR8302
LOG0006280,2026-03-08 18:47:14,INFO,auth,Password changed for user_id=USR9517
LOG0009761,2026-03-08 18:47:34,INFO,auth,Password changed for user_id=USR2137
LOG0000685,2026-03-08 18:51:08,INFO,database,Backup snapshot completed successfully
LOG0006632,2026-03-08 18:52:31,WARNING,api_gateway,High latency detected on route /api/v1/search: 1123ms
LOG0003078,2026-03-08 18:54:21,INFO,api_gateway,DELETE /api/v1/item/INV73797 responded 204 in 4363ms
LOG0005153,2026-03-08 18:56:49,INFO,api_gateway,PUT /api/v1/profile responded 200 in 3613ms
LOG0002340,2026-03-08 18:57:24,INFO,auth,Token refreshed for user_id=USR3174
LOG0002822,2026-03-08 18:58:35,INFO,auth,2FA verification passed: user_id=USR5759
LOG0002713,2026-03-08 18:59:09,INFO,payment,Invoice generated: invoice_id=INV86306
LOG0000666,2026-03-08 19:01:59,INFO,api_gateway,GET /api/v1/users responded 200 in 3130ms
LOG0007326,2026-03-08 19:03:20,INFO,database,Query executed: SELECT users WHERE id=USR1158 (2684ms)
LOG0002352,2026-03-08 19:04:52,INFO,auth,User registered successfully: user_id=USR8769
LOG0007924,2026-03-08 19:05:04,INFO,database,Backup snapshot completed successfully
LOG0001640,2026-03-08 19:08:16,INFO,payment,Webhook received from payment provider: status=SUCCESS
LOG0009167,2026-03-08 19:10:30,INFO,database,Query executed: SELECT users WHERE id=USR4214 (1373ms)
LOG0009521,2026-03-08 19:11:35,INFO,api_gateway,GET /api/v1/products responded 200 in 254ms
LOG0002291,2026-03-08 19:11:57,INFO,database,Transaction committed: txn_id=TXN87786
LOG0009689,2026-03-08 19:12:53,INFO,database,Index hit on table=products query (4363ms)
LOG0001697,2026-03-08 19:13:44,WARNING,database,Long-running transaction detected: txn_id=TXN23956 (3687ms)
LOG0007088,2026-03-08 19:16:38,INFO,auth,Token generated for user_id=USR1612
LOG0005770,2026-03-08 19:21:48,WARNING,database,Long-running transaction detected: txn_id=TXN89221 (3553ms)
LOG0009864,2026-03-08 19:21:56,ERROR,api_gateway,POST /api/v1/payment returned 500 after 2939ms
LOG0005107,2026-03-08 19:25:52,INFO,database,Connection pool: 55/20 active connections
LOG0003396,2026-03-08 19:28:48,WARNING,database,Table=orders approaching max size: 31% capacity
LOG0006140,2026-03-08 19:32:47,WARNING,auth,Failed login attempt for user_id=USR2671 (attempt 25/5)
LOG0007006,2026-03-08 19:36:02,INFO,database,Cache hit ratio: 40% for last 5 minutes
LOG0001493,2026-03-08 19:39:33,ERROR,database,Deadlock detected on table=orders: txn_id=TXN41746
LOG0007454,2026-03-08 19:39:40,INFO,database,Connection pool: 35/20 active connections
LOG0002845,2026-03-08 19:47:38,INFO,payment,Payment gateway responded OK in 3688ms
LOG0004544,2026-03-08 19:51:00,INFO,payment,Webhook received from payment provider: status=SUCCESS
LOG0009437,2026-03-08 19:52:06,INFO,payment,Webhook received from payment provider: status=SUCCESS
LOG0001045,2026-03-08 19:52:38,INFO,payment,Webhook received from payment provider: status=SUCCESS
LOG0002053,2026-03-08 19:53:00,INFO,auth,Token generated for user_id=USR1280
LOG0003716,2026-03-08 19:53:15,INFO,database,Transaction committed: txn_id=TXN49933
LOG0009169,2026-03-08 19:57:21,INFO,database,Cache hit ratio: 39% for last 5 minutes
LOG0006676,2026-03-08 19:59:35,INFO,api_gateway,Rate limit check passed for client_id=CLI797
LOG0006292,2026-03-08 20:10:05,INFO,payment,"Payment processed: order_id=ORD91051 amount=Rp5,983,000"
LOG0005330,2026-03-08 20:10:28,INFO,auth,Token generated for user_id=USR2512
LOG0005233,2026-03-08 20:12:27,INFO,payment,"Payment processed: order_id=ORD14011 amount=Rp5,301,000"
LOG0003256,2026-03-08 20:29:27,WARNING,api_gateway,High latency detected on route /api/v1/search: 478ms
LOG0006973,2026-03-08 20:29:56,INFO,payment,"Payment processed: order_id=ORD10168 amount=Rp3,509,000"
LOG0009653,2026-03-08 20:31:53,INFO,payment,Currency conversion: USD→IDR for order_id=ORD96890
LOG0006215,2026-03-08 20:32:00,INFO,payment,Webhook received from payment provider: status=SUCCESS
LOG0006576,2026-03-08 20:32:29,INFO,payment,Payment gateway responded OK in 1318ms
LOG0002872,2026-03-08 20:32:57,INFO,api_gateway,POST /api/v1/orders responded 201 in 1054ms
LOG0009197,2026-03-08 20:37:08,INFO,auth,Token refreshed for user_id=USR1873
LOG0004306,2026-03-08 20:37:46,WARNING,api_gateway,Rate limit approaching for client_id=CLI588: 14/100 req/min
LOG0002991,2026-03-08 20:40:29,INFO,api_gateway,GET /api/v1/products responded 200 in 2558ms
LOG0001960,2026-03-08 20:43:32,INFO,api_gateway,POST /api/v1/orders responded 201 in 4115ms
LOG0007601,2026-03-08 20:48:28,INFO,auth,Session created: session_id=SESS74858
LOG0004895,2026-03-08 20:52:31,INFO,api_gateway,Request routed to service: inventory-service in 425ms
LOG0001747,2026-03-08 20:55:06,INFO,api_gateway,Rate limit check passed for client_id=CLI716
LOG0005854,2026-03-08 20:55:42,INFO,database,Backup snapshot completed successfully
LOG0005323,2026-03-08 21:02:48,INFO,auth,User registered successfully: user_id=USR1090
LOG0002371,2026-03-08 21:03:09,INFO,auth,User logout: user_id=USR5307
LOG0002733,2026-03-08 21:04:54,INFO,auth,2FA verification passed: user_id=USR3340
LOG0009673,2026-03-08 21:16:46,INFO,payment,Webhook received from payment provider: status=SUCCESS
LOG0007233,2026-03-08 21:38:28,INFO,api_gateway,GET /api/v1/users responded 200 in 2810ms
LOG0007780,2026-03-08 21:40:01,WARNING,api_gateway,Rate limit approaching for client_id=CLI735: 57/100 req/min
LOG0001668,2026-03-08 21:47:29,INFO,api_gateway,DELETE /api/v1/item/INV87059 responded 204 in 2445ms
LOG0004545,2026-03-08 21:49:49,INFO,payment,Currency conversion: USD→IDR for order_id=ORD90155
LOG0002751,2026-03-08 21:50:43,WARNING,payment,Suspicious transaction flagged: order_id=ORD64329
LOG0002084,2026-03-08 21:51:04,INFO,payment,Subscription renewed: user_id=USR1988
LOG0001706,2026-03-08 21:52:08,WARNING,api_gateway,Slow response: GET /api/v1/reports took 3646ms
LOG0009971,2026-03-08 21:53:48,INFO,database,Index hit on table=products query (690ms)
LOG0004773,2026-03-08 21:54:39,INFO,payment,Invoice generated: invoice_id=INV35713
LOG0001215,2026-03-08 21:57:47,INFO,payment,"Refund issued: order_id=ORD12177 amount=Rp6,329,000"
LOG0008240,2026-03-08 22:03:52,INFO,auth,User registered successfully: user_id=USR8667
LOG0003513,2026-03-08 22:03:57,WARNING,api_gateway,Deprecated endpoint called: /api/v0/users by client_id=CLI612
LOG0009592,2026-03-08 22:05:33,INFO,auth,Token generated for user_id=USR1849
LOG0003489,2026-03-08 22:13:03,INFO,payment,Payment gateway responded OK in 1455ms
LOG0002908,2026-03-08 22:13:24,INFO,payment,"Payment processed: order_id=ORD52102 amount=Rp2,465,000"
LOG0001806,2026-03-08 22:18:30,INFO,api_gateway,Request routed to service: order-service in 687ms
LOG0009735,2026-03-08 22:19:17,WARNING,payment,Payment retry attempt 99/3 for order_id=ORD50485
LOG0007670,2026-03-08 22:19:59,INFO,database,Transaction committed: txn_id=TXN22854
LOG0002013,2026-03-08 22:20:39,INFO,api_gateway,Rate limit check passed for client_id=CLI309
LOG0007717,2026-03-08 22:21:20,WARNING,database,Table=orders approaching max size: 81% capacity
LOG0002427,2026-03-08 22:21:57,INFO,payment,Webhook received from payment provider: status=SUCCESS
LOG0000403,2026-03-08 22:23:42,WARNING,api_gateway,Deprecated endpoint called: /api/v0/users by client_id=CLI849
LOG0005604,2026-03-08 22:24:02,WARNING,auth,Multiple sessions detected for user_id=USR8738
LOG0001179,2026-03-08 22:27:51,ERROR,api_gateway,Upstream service user-service unreachable: connection timeout
LOG0004678,2026-03-08 22:36:19,INFO,api_gateway,Rate limit check passed for client_id=CLI588
LOG0001558,2026-03-08 22:38:10,INFO,database,Index hit on table=products query (1036ms)
LOG0008413,2026-03-08 22:38:43,INFO,payment,"Refund issued: order_id=ORD18748 amount=Rp6,077,000"
LOG0007829,2026-03-08 22:39:02,INFO,auth,User login successful: user_id=USR9581
LOG0001373,2026-03-08 22:42:56,INFO,auth,User login successful: user_id=USR7374
LOG0007903,2026-03-08 22:43:28,INFO,api_gateway,Rate limit check passed for client_id=CLI701
LOG0005011,2026-03-08 22:44:46,WARNING,payment,Suspicious transaction flagged: order_id=ORD26031
LOG0002477,2026-03-08 22:45:48,WARNING,database,Table=orders approaching max size: 22% capacity
LOG0004341,2026-03-08 22:48:33,INFO,api_gateway,GET /api/v1/products responded 200 in 2468ms
LOG0002505,2026-03-08 22:48:36,WARNING,database,Slow query detected: 1838ms on table=logs
LOG0006473,2026-03-08 22:48:54,INFO,auth,Password changed for user_id=USR6760
LOG0002232,2026-03-08 23:01:00,INFO,api_gateway,POST /api/v1/orders responded 201 in 3817ms
LOG0008171,2026-03-08 23:06:40,INFO,payment,Subscription renewed: user_id=USR3169
LOG0007492,2026-03-08 23:10:52,INFO,database,Transaction committed: txn_id=TXN46114
LOG0009722,2026-03-08 23:11:25,INFO,auth,User logout: user_id=USR4066
LOG0001388,2026-03-08 23:11:49,INFO,payment,"Refund issued: order_id=ORD50959 amount=Rp4,789,000"
LOG0007302,2026-03-08 23:19:30,INFO,payment,Webhook received from payment provider: status=SUCCESS
LOG0009383,2026-03-08 23:20:04,WARNING,api_gateway,Slow response: GET /api/v1/reports took 1202ms
LOG0001537,2026-03-08 23:23:39,INFO,api_gateway,Rate limit check passed for client_id=CLI467
LOG0006233,2026-03-08 23:26:05,INFO,payment,Currency conversion: USD→IDR for order_id=ORD36434
LOG0008777,2026-03-08 23:27:24,WARNING,auth,Token expiring soon for user_id=USR1357
LOG0009811,2026-03-08 23:29:13,INFO,payment,Invoice generated: invoice_id=INV98695
LOG0003567,2026-03-08 23:34:37,INFO,payment,Payment gateway responded OK in 3013ms
LOG0000115,2026-03-08 23:36:26,WARNING,api_gateway,High latency detected on route /api/v1/search: 4468ms
LOG0008876,2026-03-08 23:38:30,INFO,api_gateway,Request routed to service: inventory-service in 1007ms
LOG0001115,2026-03-08 23:40:51,INFO,api_gateway,PUT /api/v1/profile responded 200 in 3452ms
LOG0009452,2026-03-08 23:48:39,INFO,payment,"Payment processed: order_id=ORD16823 amount=Rp3,848,000"
LOG0005843,2026-03-08 23:50:04,INFO,auth,Token refreshed for user_id=USR4071
LOG0000604,2026-03-08 23:53:56,INFO,api_gateway,DELETE /api/v1/item/INV41444 responded 204 in 104ms
LOG0008319,2026-03-08 23:56:46,WARNING,payment,Payment provider response slow: 1887ms
LOG0007535,2026-03-08 23:57:57,INFO,payment,Subscription renewed: user_id=USR6339
LOG0002001,2026-03-08 23:58:32,INFO,database,Backup snapshot completed successfully
LOG0003773,2026-03-09 00:01:28,INFO,api_gateway,PUT /api/v1/profile responded 200 in 1526ms
LOG0001902,2026-03-09 00:01:58,INFO,auth,User registered successfully: user_id=USR8038
LOG0006704,2026-03-09 00:02:31,WARNING,payment,Payment retry attempt 39/3 for order_id=ORD86603
LOG0008912,2026-03-09 00:03:34,INFO,api_gateway,Rate limit check passed for client_id=CLI353
LOG0009288,2026-03-09 00:04:05,INFO,api_gateway,PUT /api/v1/profile responded 200 in 70ms
LOG0005316,2026-03-09 00:10:22,INFO,payment,"Refund issued: order_id=ORD19574 amount=Rp2,074,000"
LOG0009238,2026-03-09 00:11:23,INFO,payment,Payment gateway responded OK in 1715ms
LOG0004294,2026-03-09 00:12:40,INFO,api_gateway,DELETE /api/v1/item/INV96324 responded 204 in 3597ms
LOG0009246,2026-03-09 00:15:02,INFO,api_gateway,Rate limit check passed for client_id=CLI556
LOG0004562,2026-03-09 00:15:26,INFO,auth,Token generated for user_id=USR3684
LOG0009352,2026-03-09 00:18:28,INFO,database,Index hit on table=products query (659ms)
LOG0003037,2026-03-09 00:18:42,ERROR,api_gateway,Invalid request schema on POST /api/v1/orders
LOG0000184,2026-03-09 00:21:05,INFO,api_gateway,PUT /api/v1/profile responded 200 in 2672ms
LOG0002990,2026-03-09 00:23:50,WARNING,auth,Multiple sessions detected for user_id=USR7499
LOG0006719,2026-03-09 00:25:55,ERROR,payment,Webhook delivery failed after 3 retries
LOG0004208,2026-03-09 00:27:30,INFO,auth,Password changed for user_id=USR6877
LOG0006337,2026-03-09 00:27:35,INFO,auth,Session created: session_id=SESS52301
LOG0004280,2026-03-09 00:34:01,INFO,auth,User login successful: user_id=USR5633
LOG0008591,2026-03-09 00:35:49,ERROR,api_gateway,Upstream service order-service unreachable: connection timeout
LOG0008297,2026-03-09 00:38:06,INFO,auth,User logout: user_id=USR7584
LOG0000028,2026-03-09 00:39:18,ERROR,database,Deadlock detected on table=orders: txn_id=TXN59442
LOG0000977,2026-03-09 00:39:45,INFO,database,Cache hit ratio: 5% for last 5 minutes
LOG0003394,2026-03-09 00:39:58,INFO,database,Backup snapshot completed successfully
LOG0003250,2026-03-09 00:40:03,INFO,auth,User login successful: user_id=USR4409
LOG0005620,2026-03-09 00:41:36,ERROR,api_gateway,Upstream service inventory-service unreachable: connection timeout
LOG0006918,2026-03-09 00:42:08,INFO,database,Transaction committed: txn_id=TXN60600
LOG0008835,2026-03-09 00:45:54,INFO,payment,"Payment processed: order_id=ORD94002 amount=Rp3,486,000"
LOG0006410,2026-03-09 00:48:16,INFO,payment,Webhook received from payment provider: status=SUCCESS
LOG0009090,2026-03-09 00:54:06,INFO,database,Query executed: SELECT users WHERE id=USR4768 (3924ms)
LOG0004307,2026-03-09 00:54:09,INFO,database,Index hit on table=products query (3787ms)
LOG0001694,2026-03-09 00:56:37,INFO,api_gateway,Request routed to service: inventory-service in 4213ms
LOG0000422,2026-03-09 00:58:03,INFO,payment,Currency conversion: USD→IDR for order_id=ORD79984
LOG0008576,2026-03-09 00:59:52,INFO,auth,Password changed for user_id=USR2025
LOG0003183,2026-03-09 01:02:22,INFO,auth,User registered successfully: user_id=USR5022
LOG0001919,2026-03-09 01:03:13,INFO,api_gateway,Request routed to service: inventory-service in 1543ms
LOG0000667,2026-03-09 01:10:52,INFO,payment,Invoice generated: invoice_id=INV97103
LOG0009388,2026-03-09 01:12:16,WARNING,auth,Multiple sessions detected for user_id=USR8891
LOG0008579,2026-03-09 01:13:04,INFO,payment,Currency conversion: USD→IDR for order_id=ORD23735
LOG0002171,2026-03-09 01:14:48,INFO,api_gateway,DELETE /api/v1/item/INV30974 responded 204 in 2021ms
LOG0005599,2026-03-09 01:14:57,INFO,api_gateway,POST /api/v1/orders responded 201 in 3566ms
LOG0004020,2026-03-09 01:15:00,INFO,payment,Invoice generated: invoice_id=INV64552
LOG0001162,2026-03-09 01:20:14,INFO,auth,User login successful: user_id=USR4030
LOG0004890,2026-03-09 01:20:31,INFO,payment,Invoice generated: invoice_id=INV63967
LOG0004988,2026-03-09 01:21:11,ERROR,auth,Token validation failed: user_id=USR9306
LOG0005999,2026-03-09 01:25:12,INFO,api_gateway,POST /api/v1/orders responded 201 in 577ms
LOG0009460,2026-03-09 01:26:08,INFO,auth,Token refreshed for user_id=USR3812
LOG0005749,2026-03-09 01:26:47,INFO,database,Backup snapshot completed successfully
LOG0003408,2026-03-09 01:29:13,WARNING,auth,Failed login attempt for user_id=USR6971 (attempt 25/5)
LOG0008404,2026-03-09 01:30:14,WARNING,database,Long-running transaction detected: txn_id=TXN24742 (1903ms)
LOG0005132,2026-03-09 01:31:31,INFO,auth,User logout: user_id=USR8177
LOG0000665,2026-03-09 01:35:41,INFO,api_gateway,Request routed to service: order-service in 2041ms
LOG0005295,2026-03-09 01:39:00,WARNING,api_gateway,Slow response: GET /api/v1/reports took 1898ms
LOG0002002,2026-03-09 01:39:34,INFO,api_gateway,GET /api/v1/products responded 200 in 4161ms
LOG0004475,2026-03-09 01:41:34,INFO,api_gateway,GET /api/v1/users responded 200 in 80ms
LOG0002950,2026-03-09 01:50:14,ERROR,api_gateway,Upstream service user-service unreachable: connection timeout
LOG0008736,2026-03-09 01:56:13,INFO,payment,"Refund issued: order_id=ORD72564 amount=Rp9,171,000"
LOG0002616,2026-03-09 01:57:26,INFO,payment,"Payment processed: order_id=ORD53192 amount=Rp6,696,000"
LOG0007814,2026-03-09 01:59:08,INFO,database,Backup snapshot completed successfully
LOG0002286,2026-03-09 02:02:29,INFO,payment,Payment gateway responded OK in 4094ms
LOG0006956,2026-03-09 02:05:49,INFO,api_gateway,Rate limit check passed for client_id=CLI955
LOG0001729,2026-03-09 02:06:09,INFO,payment,Invoice generated: invoice_id=INV65197
LOG0008568,2026-03-09 02:09:05,INFO,api_gateway,GET /api/v1/products responded 200 in 25ms
LOG0002351,2026-03-09 02:12:21,INFO,payment,"Payment processed: order_id=ORD63840 amount=Rp7,903,000"
LOG0000248,2026-03-09 02:14:35,WARNING,database,Long-running transaction detected: txn_id=TXN15097 (788ms)
LOG0008687,2026-03-09 02:15:21,INFO,database,Connection pool: 71/20 active connections
LOG0000515,2026-03-09 02:16:03,INFO,database,Cache hit ratio: 10% for last 5 minutes
LOG0006436,2026-03-09 02:21:39,WARNING,database,Connection pool usage high: 66/20 connections
LOG0003433,2026-03-09 02:23:17,WARNING,database,Long-running transaction detected: txn_id=TXN76715 (2804ms)
LOG0002923,2026-03-09 02:25:25,WARNING,api_gateway,Retry attempt 36 for downstream service inventory-service
LOG0007095,2026-03-09 02:29:08,INFO,payment,Payment gateway responded OK in 1487ms
LOG0000705,2026-03-09 02:33:44,INFO,api_gateway,Request routed to service: user-service in 2645ms
LOG0007876,2026-03-09 02:34:16,WARNING,payment,Payment retry attempt 83/3 for order_id=ORD19829
LOG0009047,2026-03-09 02:35:53,INFO,auth,Password changed for user_id=USR2065
LOG0004446,2026-03-09 02:43:39,INFO,api_gateway,PUT /api/v1/profile responded 200 in 1263ms
LOG0002125,2026-03-09 02:51:18,INFO,auth,User login successful: user_id=USR8663
LOG0004139,2026-03-09 02:53:59,WARNING,api_gateway,Deprecated endpoint called: /api/v0/users by client_id=CLI326
LOG0005320,2026-03-09 03:06:50,INFO,database,INSERT INTO orders completed (2929ms)
LOG0003965,2026-03-09 03:14:54,INFO,database,Query executed: SELECT users WHERE id=USR9107 (1325ms)
LOG0009376,2026-03-09 03:26:07,INFO,database,Query executed: SELECT users WHERE id=USR2289 (3839ms)
LOG0002008,2026-03-09 03:27:45,INFO,api_gateway,Request routed to service: inventory-service in 964ms
LOG0004914,2026-03-09 03:27:53,INFO,api_gateway,Rate limit check passed for client_id=CLI992
LOG0009742,2026-03-09 03:30:46,INFO,payment,Payment gateway responded OK in 2244ms
LOG0008877,2026-03-09 03:33:45,INFO,auth,2FA verification passed: user_id=USR4686
LOG0009118,2026-03-09 03:35:47,INFO,database,Backup snapshot completed successfully
LOG0007965,2026-03-09 03:39:10,WARNING,database,Table=orders approaching max size: 5% capacity
LOG0007023,2026-03-09 03:40:01,ERROR,payment,Currency conversion error for order_id=ORD50646
LOG0007370,2026-03-09 03:42:18,INFO,auth,User registered successfully: user_id=USR3529
LOG0006631,2026-03-09 03:43:36,INFO,payment,Webhook received from payment provider: status=SUCCESS
LOG0008884,2026-03-09 03:44:27,INFO,payment,"Payment processed: order_id=ORD20963 amount=Rp9,355,000"
LOG0009464,2026-03-09 03:47:26,WARNING,api_gateway,High latency detected on route /api/v1/search: 3256ms
LOG0003064,2026-03-09 03:49:35,WARNING,auth,Failed login attempt for user_id=USR7739 (attempt 82/5)
LOG0002372,2026-03-09 03:50:03,INFO,auth,Session created: session_id=SESS75349
LOG0002136,2026-03-09 03:56:21,INFO,api_gateway,Request routed to service: inventory-service in 2650ms
LOG0008742,2026-03-09 03:57:16,INFO,auth,Session created: session_id=SESS58407
LOG0007061,2026-03-09 03:57:43,ERROR,database,Replication lag exceeded threshold: 602ms behind primary
LOG0007590,2026-03-09 04:06:02,INFO,payment,"Refund issued: order_id=ORD95353 amount=Rp1,669,000"
LOG0003974,2026-03-09 04:20:12,ERROR,api_gateway,POST /api/v1/payment returned 500 after 2142ms
LOG0002712,2026-03-09 04:20:32,INFO,payment,Subscription renewed: user_id=USR2289
LOG0004291,2026-03-09 04:26:38,INFO,api_gateway,GET /api/v1/users responded 200 in 3327ms
LOG0006990,2026-03-09 04:32:37,INFO,database,Transaction committed: txn_id=TXN74251
LOG0006683,2026-03-09 04:36:12,INFO,payment,Webhook received from payment provider: status=SUCCESS
LOG0005565,2026-03-09 04:37:28,INFO,payment,"Refund issued: order_id=ORD86043 amount=Rp2,931,000"
LOG0001671,2026-03-09 04:40:55,WARNING,database,Long-running transaction detected: txn_id=TXN74867 (2253ms)
LOG0009061,2026-03-09 04:41:36,WARNING,payment,Suspicious transaction flagged: order_id=ORD79723
LOG0004617,2026-03-09 04:47:51,ERROR,api_gateway,Upstream service inventory-service unreachable: connection timeout
LOG0001953,2026-03-09 04:50:01,WARNING,auth,Failed login attempt for user_id=USR6826 (attempt 36/5)
LOG0009470,2026-03-09 04:51:13,WARNING,auth,Failed login attempt for user_id=USR8589 (attempt 89/5)
LOG0004605,2026-03-09 05:05:23,INFO,payment,Payment gateway responded OK in 2712ms
LOG0006922,2026-03-09 05:07:12,INFO,api_gateway,POST /api/v1/orders responded 201 in 3212ms
LOG0005015,2026-03-09 05:08:15,INFO,database,Query executed: SELECT users WHERE id=USR4884 (654ms)
LOG0002369,2026-03-09 05:09:03,INFO,payment,Invoice generated: invoice_id=INV75880
LOG0003462,2026-03-09 05:09:31,INFO,auth,Token generated for user_id=USR1193
LOG0004101,2026-03-09 05:17:04,INFO,payment,Webhook received from payment provider: status=SUCCESS
LOG0005074,2026-03-09 05:19:47,ERROR,api_gateway,POST /api/v1/payment returned 500 after 3814ms
LOG0005273,2026-03-09 05:23:39,INFO,database,Query executed: SELECT users WHERE id=USR2453 (3518ms)
LOG0004146,2026-03-09 05:25:55,ERROR,auth,JWT signature mismatch for user_id=USR1067
LOG0000259,2026-03-09 05:30:49,INFO,auth,Token refreshed for user_id=USR1908
LOG0004884,2026-03-09 05:42:10,WARNING,api_gateway,High latency detected on route /api/v1/search: 3719ms
LOG0003826,2026-03-09 05:45:04,INFO,payment,Payment gateway responded OK in 626ms
LOG0004217,2026-03-09 05:55:55,INFO,database,Connection pool: 1/20 active connections
LOG0009594,2026-03-09 05:58:28,INFO,auth,Token refreshed for user_id=USR6331
LOG0007271,2026-03-09 06:02:55,INFO,database,Backup snapshot completed successfully
LOG0008204,2026-03-09 06:06:04,INFO,database,Query executed: SELECT users WHERE id=USR5588 (3772ms)
LOG0007964,2026-03-09 06:07:15,INFO,auth,Password changed for user_id=USR7548
LOG0006311,2026-03-09 06:07:44,ERROR,auth,JWT signature mismatch for user_id=USR9245
LOG0005984,2026-03-09 06:17:09,ERROR,database,Deadlock detected on table=orders: txn_id=TXN70107
LOG0001278,2026-03-09 06:25:49,WARNING,database,Long-running transaction detected: txn_id=TXN85432 (3425ms)
LOG0006032,2026-03-09 06:37:44,INFO,database,Connection pool: 96/20 active connections
LOG0008461,2026-03-09 06:38:32,INFO,auth,2FA verification passed: user_id=USR4458
LOG0000494,2026-03-09 06:38:58,ERROR,payment,Webhook delivery failed after 3 retries
LOG0006059,2026-03-09 06:46:33,INFO,payment,Payment gateway responded OK in 3936ms
LOG0009994,2026-03-09 06:47:47,INFO,payment,"Payment processed: order_id=ORD83006 amount=Rp6,931,000"
LOG0008733,2026-03-09 06:52:48,INFO,payment,Webhook received from payment provider: status=SUCCESS
LOG0001551,2026-03-09 06:54:52,WARNING,payment,Payment provider response slow: 4204ms
LOG0002789,2026-03-09 06:58:05,INFO,api_gateway,GET /api/v1/products responded 200 in 1100ms
LOG0001764,2026-03-09 07:00:46,INFO,api_gateway,Request routed to service: order-service in 4242ms
LOG0005292,2026-03-09 07:02:55,INFO,auth,User login successful: user_id=USR6572
LOG0009467,2026-03-09 07:10:05,ERROR,database,Replication lag exceeded threshold: 1411ms behind primary
LOG0000783,2026-03-09 07:11:35,INFO,api_gateway,GET /api/v1/users responded 200 in 111ms
LOG0006041,2026-03-09 07:14:10,INFO,api_gateway,DELETE /api/v1/item/INV12215 responded 204 in 1632ms
LOG0002484,2026-03-09 07:21:08,INFO,database,Transaction committed: txn_id=TXN64086
LOG0006038,2026-03-09 07:31:36,INFO,database,Cache hit ratio: 48% for last 5 minutes
LOG0006561,2026-03-09 07:31:50,INFO,auth,Password changed for user_id=USR5273
LOG0007024,2026-03-09 07:38:02,INFO,api_gateway,Request routed to service: user-service in 1194ms
LOG0009386,2026-03-09 07:43:39,WARNING,database,Connection pool usage high: 62/20 connections
LOG0007444,2026-03-09 07:46:13,INFO,payment,Payment gateway responded OK in 3026ms
LOG0001306,2026-03-09 07:47:05,INFO,database,Cache hit ratio: 23% for last 5 minutes
LOG0006505,2026-03-09 07:48:36,INFO,payment,Payment gateway responded OK in 1659ms
LOG0000630,2026-03-09 07:49:04,INFO,payment,"Refund issued: order_id=ORD80535 amount=Rp1,355,000"
LOG0001868,2026-03-09 07:49:40,INFO,auth,Password changed for user_id=USR8674
LOG0000823,2026-03-09 07:50:10,WARNING,database,Table=orders approaching max size: 81% capacity
LOG0005531,2026-03-09 07:51:31,INFO,database,Transaction committed: txn_id=TXN34434
LOG0007816,2026-03-09 07:55:27,INFO,api_gateway,DELETE /api/v1/item/INV52082 responded 204 in 2180ms
LOG0005391,2026-03-09 08:01:30,INFO,payment,Currency conversion: USD→IDR for order_id=ORD91297
LOG0006381,2026-03-09 08:01:46,INFO,database,Query executed: SELECT users WHERE id=USR9587 (2977ms)
LOG0007827,2026-03-09 08:02:11,WARNING,database,Index miss on table=events: consider reindexing
LOG0007754,2026-03-09 08:02:47,WARNING,auth,Password reset requested for user_id=USR9079
LOG0006787,2026-03-09 08:05:41,INFO,database,INSERT INTO orders completed (2957ms)
LOG0002222,2026-03-09 08:06:42,WARNING,database,Table=orders approaching max size: 33% capacity
LOG0009822,2026-03-09 08:08:01,WARNING,database,Index miss on table=events: consider reindexing
LOG0009730,2026-03-09 08:12:23,INFO,database,INSERT INTO orders completed (1338ms)
LOG0004174,2026-03-09 08:12:40,WARNING,auth,Token expiring soon for user_id=USR3882
LOG0007284,2026-03-09 08:17:29,INFO,api_gateway,PUT /api/v1/profile responded 200 in 1430ms
LOG0006565,2026-03-09 08:17:37,INFO,database,Transaction committed: txn_id=TXN88156
LOG0007506,2026-03-09 08:26:34,ERROR,payment,Payment failed: order_id=ORD67808 reason=insufficient_funds
LOG0000860,2026-03-09 08:29:45,INFO,database,Backup snapshot completed successfully
LOG0004586,2026-03-09 08:30:17,WARNING,auth,Password reset requested for user_id=USR3791
LOG0005845,2026-03-09 08:34:52,INFO,payment,"Refund issued: order_id=ORD41535 amount=Rp9,528,000"
LOG0001672,2026-03-09 08:35:34,INFO,database,INSERT INTO orders completed (4007ms)
LOG0002851,2026-03-09 08:36:05,INFO,api_gateway,Request routed to service: user-service in 3733ms
LOG0001556,2026-03-09 08:37:02,INFO,payment,Webhook received from payment provider: status=SUCCESS
LOG0001778,2026-03-09 08:41:52,INFO,api_gateway,POST /api/v1/orders responded 201 in 478ms
LOG0006333,2026-03-09 08:43:02,INFO,api_gateway,Request routed to service: order-service in 922ms
LOG0004081,2026-03-09 08:46:24,INFO,payment,Currency conversion: USD→IDR for order_id=ORD16649
LOG0009120,2026-03-09 08:49:26,ERROR,auth,Account locked after 5 failed attempts: user_id=USR4903
LOG0008643,2026-03-09 08:50:07,INFO,payment,"Payment processed: order_id=ORD37992 amount=Rp6,990,000"
LOG0005821,2026-03-09 08:54:20,INFO,api_gateway,Request routed to service: user-service in 1696ms
LOG0003492,2026-03-09 08:55:21,INFO,database,Connection pool: 89/20 active connections
LOG0007942,2026-03-09 08:58:27,ERROR,payment,Payment gateway timeout after 877ms: order_id=ORD15187
LOG0005189,2026-03-09 09:00:31,INFO,database,INSERT INTO orders completed (1503ms)
LOG0000761,2026-03-09 09:01:39,INFO,database,Transaction committed: txn_id=TXN18323
LOG0006096,2026-03-09 09:04:05,INFO,auth,User login successful: user_id=USR9738
LOG0001576,2026-03-09 09:06:39,WARNING,database,Long-running transaction detected: txn_id=TXN59818 (892ms)
LOG0005759,2026-03-09 09:07:13,INFO,auth,Session created: session_id=SESS46740
LOG0003748,2026-03-09 09:08:36,WARNING,payment,Suspicious transaction flagged: order_id=ORD25768
LOG0009548,2026-03-09 09:09:47,ERROR,auth,Account locked after 5 failed attempts: user_id=USR7266
LOG0006419,2026-03-09 09:12:37,WARNING,payment,Payment provider response slow: 1594ms
LOG0004019,2026-03-09 09:13:26,ERROR,api_gateway,Upstream service inventory-service unreachable: connection timeout
LOG0002683,2026-03-09 09:16:35,INFO,auth,Token refreshed for user_id=USR7472
LOG0009476,2026-03-09 09:17:33,INFO,database,Index hit on table=products query (426ms)
LOG0006521,2026-03-09 09:18:22,INFO,database,Query executed: SELECT users WHERE id=USR3216 (516ms)
LOG0002454,2026-03-09 09:19:58,ERROR,auth,JWT signature mismatch for user_id=USR9927
LOG0005004,2026-03-09 09:22:24,INFO,auth,2FA verification passed: user_id=USR7489
LOG0007926,2026-03-09 09:23:04,INFO,payment,Payment gateway responded OK in 4328ms
LOG0007266,2026-03-09 09:29:31,INFO,payment,Invoice generated: invoice_id=INV94315
LOG0002599,2026-03-09 09:32:11,INFO,payment,"Refund issued: order_id=ORD89520 amount=Rp6,955,000"
LOG0005180,2026-03-09 09:40:26,ERROR,api_gateway,POST /api/v1/payment returned 500 after 2500ms
LOG0005751,2026-03-09 09:40:40,INFO,auth,2FA verification passed: user_id=USR5997
LOG0003031,2026-03-09 09:43:13,WARNING,database,Connection pool usage high: 71/20 connections
LOG0008998,2026-03-09 09:45:02,WARNING,api_gateway,Rate limit approaching for client_id=CLI328: 27/100 req/min
LOG0007592,2026-03-09 09:47:34,INFO,auth,Token generated for user_id=USR9492
LOG0004113,2026-03-09 09:52:36,INFO,auth,User login successful: user_id=USR7829
LOG0008396,2026-03-09 09:52:52,INFO,database,Backup snapshot completed successfully
LOG0009326,2026-03-09 09:53:19,INFO,api_gateway,POST /api/v1/orders responded 201 in 2849ms
LOG0008997,2026-03-09 09:57:15,INFO,auth,Session created: session_id=SESS55888
LOG0002108,2026-03-09 10:00:53,ERROR,database,Query failed: syntax error near 'SELCT'
LOG0008626,2026-03-09 10:02:07,INFO,payment,"Payment processed: order_id=ORD73137 amount=Rp4,693,000"
LOG0007009,2026-03-09 10:02:47,INFO,payment,Invoice generated: invoice_id=INV43665
LOG0003684,2026-03-09 10:13:36,INFO,database,Backup snapshot completed successfully
LOG0008582,2026-03-09 10:15:02,INFO,payment,Invoice generated: invoice_id=INV29620
LOG0002690,2026-03-09 10:17:16,INFO,database,Query executed: SELECT users WHERE id=USR7145 (4235ms)
LOG0003895,2026-03-09 10:18:09,INFO,payment,Subscription renewed: user_id=USR3411
LOG0005063,2026-03-09 10:19:33,ERROR,database,Replication lag exceeded threshold: 4002ms behind primary
LOG0009415,2026-03-09 10:20:29,INFO,payment,"Refund issued: order_id=ORD28651 amount=Rp6,801,000"
LOG0006089,2026-03-09 10:27:16,INFO,auth,Token refreshed for user_id=USR7666
LOG0008550,2026-03-09 10:30:10,INFO,payment,Subscription renewed: user_id=USR9881
LOG0007461,2026-03-09 10:30:18,WARNING,api_gateway,Slow response: GET /api/v1/reports took 1893ms
LOG0009187,2026-03-09 10:30:23,INFO,api_gateway,GET /api/v1/users responded 200 in 2390ms
LOG0001844,2026-03-09 10:30:53,WARNING,api_gateway,Rate limit approaching for client_id=CLI809: 85/100 req/min
LOG0004598,2026-03-09 10:32:02,ERROR,payment,Payment failed: order_id=ORD86545 reason=insufficient_funds
LOG0006849,2026-03-09 10:36:06,INFO,database,Backup snapshot completed successfully
LOG0002508,2026-03-09 10:39:40,INFO,api_gateway,DELETE /api/v1/item/INV46749 responded 204 in 844ms
LOG0000054,2026-03-09 10:48:47,INFO,database,Transaction committed: txn_id=TXN29737
LOG0001130,2026-03-09 10:51:16,WARNING,database,Index miss on table=events: consider reindexing
LOG0003047,2026-03-09 10:54:03,INFO,database,Connection pool: 53/20 active connections
LOG0001845,2026-03-09 10:54:25,INFO,api_gateway,PUT /api/v1/profile responded 200 in 3657ms
LOG0002785,2026-03-09 10:55:25,INFO,api_gateway,GET /api/v1/products responded 200 in 3961ms
LOG0008000,2026-03-09 10:56:56,INFO,auth,Password changed for user_id=USR3678
LOG0005561,2026-03-09 10:58:27,ERROR,auth,Invalid credentials for user_id=USR7925
LOG0008826,2026-03-09 11:01:19,INFO,payment,Payment gateway responded OK in 498ms
LOG0007030,2026-03-09 11:03:54,INFO,database,Backup snapshot completed successfully
LOG0004047,2026-03-09 11:05:46,WARNING,database,Table=orders approaching max size: 37% capacity
LOG0004596,2026-03-09 11:06:16,WARNING,api_gateway,Retry attempt 89 for downstream service user-service
LOG0005489,2026-03-09 11:07:33,INFO,payment,Currency conversion: USD→IDR for order_id=ORD60402
LOG0007115,2026-03-09 11:10:27,INFO,api_gateway,DELETE /api/v1/item/INV12449 responded 204 in 1615ms
LOG0005754,2026-03-09 11:15:45,INFO,database,INSERT INTO orders completed (236ms)
LOG0008978,2026-03-09 11:16:39,INFO,database,Transaction committed: txn_id=TXN52350
LOG0000731,2026-03-09 11:19:33,INFO,payment,Invoice generated: invoice_id=INV64957
LOG0003155,2026-03-09 11:22:46,INFO,payment,Currency conversion: USD→IDR for order_id=ORD86119
LOG0003457,2026-03-09 11:24:41,INFO,api_gateway,Rate limit check passed for client_id=CLI119
LOG0006791,2026-03-09 11:24:56,INFO,database,INSERT INTO orders completed (4376ms)
LOG0001207,2026-03-09 11:27:06,INFO,database,Index hit on table=products query (1724ms)
LOG0007460,2026-03-09 11:27:16,INFO,auth,2FA verification passed: user_id=USR1770
LOG0007498,2026-03-09 11:28:56,WARNING,api_gateway,Slow response: GET /api/v1/reports took 1920ms
LOG0006493,2026-03-09 11:32:00,INFO,database,Connection pool: 51/20 active connections
LOG0004206,2026-03-09 11:33:06,ERROR,auth,Invalid credentials for user_id=USR4505
LOG0005562,2026-03-09 11:45:50,INFO,database,INSERT INTO orders completed (2207ms)
LOG0008621,2026-03-09 11:47:05,INFO,auth,Token refreshed for user_id=USR6114
LOG0001178,2026-03-09 11:48:02,INFO,auth,User registered successfully: user_id=USR1807
LOG0006028,2026-03-09 11:51:07,WARNING,database,Table=orders approaching max size: 17% capacity
LOG0005033,2026-03-09 11:51:42,INFO,database,Cache hit ratio: 5% for last 5 minutes
LOG0000989,2026-03-09 11:51:47,INFO,database,Connection pool: 77/20 active connections
LOG0007600,2026-03-09 11:51:47,INFO,api_gateway,DELETE /api/v1/item/INV76526 responded 204 in 4314ms
LOG0008774,2026-03-09 11:54:22,INFO,api_gateway,GET /api/v1/products responded 200 in 2790ms
LOG0001760,2026-03-09 11:54:50,INFO,auth,Password changed for user_id=USR5353
LOG0009576,2026-03-09 11:57:59,INFO,payment,Invoice generated: invoice_id=INV10331
LOG0007491,2026-03-09 12:03:18,INFO,database,Backup snapshot completed successfully
LOG0007803,2026-03-09 12:04:29,ERROR,auth,Token validation failed: user_id=USR3957
LOG0006376,2026-03-09 12:05:05,WARNING,database,Table=orders approaching max size: 48% capacity
LOG0008488,2026-03-09 12:09:32,ERROR,auth,Session expired: user_id=USR8513
LOG0003553,2026-03-09 12:10:02,WARNING,payment,High transaction volume: 10 TPS (threshold: 50 TPS)
LOG0003491,2026-03-09 12:12:51,INFO,auth,User registered successfully: user_id=USR1588
LOG0003309,2026-03-09 12:20:10,INFO,auth,User logout: user_id=USR2260
LOG0005243,2026-03-09 12:20:33,INFO,auth,Session created: session_id=SESS93969
LOG0003943,2026-03-09 12:27:32,INFO,api_gateway,GET /api/v1/users responded 200 in 4151ms
LOG0003873,2026-03-09 12:32:08,WARNING,api_gateway,Slow response: GET /api/v1/reports took 311ms
LOG0008191,2026-03-09 12:36:17,WARNING,api_gateway,High latency detected on route /api/v1/search: 408ms
LOG0005200,2026-03-09 12:39:34,INFO,database,Transaction committed: txn_id=TXN39523
LOG0001813,2026-03-09 12:41:17,INFO,auth,Session created: session_id=SESS56514
LOG0007885,2026-03-09 12:42:46,ERROR,api_gateway,Circuit breaker OPEN for service: user-service
LOG0000472,2026-03-09 12:45:32,WARNING,payment,Suspicious transaction flagged: order_id=ORD47009
LOG0007359,2026-03-09 12:48:23,INFO,database,Backup snapshot completed successfully
LOG0008010,2026-03-09 12:48:45,INFO,api_gateway,Rate limit check passed for client_id=CLI741
LOG0005059,2026-03-09 12:49:00,WARNING,payment,High transaction volume: 43 TPS (threshold: 50 TPS)
LOG0000631,2026-03-09 12:50:31,INFO,auth,Session created: session_id=SESS17027
LOG0009101,2026-03-09 12:51:24,ERROR,payment,Webhook delivery failed after 3 retries
LOG0002673,2026-03-09 12:53:58,WARNING,database,Index miss on table=events: consider reindexing
LOG0008793,2026-03-09 12:56:44,INFO,auth,Session created: session_id=SESS47821
LOG0004868,2026-03-09 12:58:32,INFO,auth,Password changed for user_id=USR3335
LOG0002018,2026-03-09 12:59:09,WARNING,auth,Token expiring soon for user_id=USR6181
LOG0003790,2026-03-09 12:59:38,ERROR,payment,Payment failed: order_id=ORD33049 reason=insufficient_funds
LOG0000017,2026-03-09 13:01:13,ERROR,auth,JWT signature mismatch for user_id=USR2528
LOG0000847,2026-03-09 13:03:10,INFO,auth,Token refreshed for user_id=USR3065
LOG0007173,2026-03-09 13:06:02,INFO,database,Backup snapshot completed successfully
LOG0004248,2026-03-09 13:07:14,WARNING,database,Slow query detected: 351ms on table=logs
LOG0001666,2026-03-09 13:07:20,ERROR,api_gateway,Rate limit exceeded for client_id=CLI518
LOG0007013,2026-03-09 13:07:20,INFO,auth,Session created: session_id=SESS41691
LOG0005886,2026-03-09 13:11:20,INFO,database,Index hit on table=products query (2885ms)
LOG0008077,2026-03-09 13:15:06,INFO,database,INSERT INTO orders completed (2434ms)
LOG0007329,2026-03-09 13:16:00,ERROR,payment,Payment gateway timeout after 1469ms: order_id=ORD10690
LOG0009564,2026-03-09 13:17:09,ERROR,auth,Account locked after 5 failed attempts: user_id=USR4650
LOG0007076,2026-03-09 13:19:22,INFO,database,INSERT INTO orders completed (2229ms)
LOG0003133,2026-03-09 13:19:35,INFO,payment,Subscription renewed: user_id=USR3276
LOG0003987,2026-03-09 13:21:47,ERROR,payment,Payment gateway timeout after 2389ms: order_id=ORD26434
LOG0006688,2026-03-09 13:21:54,INFO,database,INSERT INTO orders completed (1760ms)
LOG0005469,2026-03-09 13:27:24,INFO,payment,Currency conversion: USD→IDR for order_id=ORD93321
LOG0004337,2026-03-09 13:33:12,INFO,auth,User logout: user_id=USR2406
LOG0006522,2026-03-09 13:36:20,WARNING,database,Index miss on table=events: consider reindexing
LOG0003579,2026-03-09 13:36:51,ERROR,api_gateway,POST /api/v1/payment returned 500 after 699ms
LOG0005319,2026-03-09 13:43:14,INFO,auth,2FA verification passed: user_id=USR1963
LOG0004600,2026-03-09 13:43:18,ERROR,api_gateway,Rate limit exceeded for client_id=CLI974
LOG0008753,2026-03-09 13:43:36,ERROR,api_gateway,POST /api/v1/payment returned 500 after 1799ms
LOG0000545,2026-03-09 13:44:14,INFO,database,Query executed: SELECT users WHERE id=USR8192 (4111ms)
LOG0002040,2026-03-09 13:46:16,INFO,database,Query executed: SELECT users WHERE id=USR4081 (3859ms)
LOG0008910,2026-03-09 13:51:58,INFO,api_gateway,GET /api/v1/products responded 200 in 3770ms
LOG0002468,2026-03-09 13:52:37,INFO,api_gateway,GET /api/v1/users responded 200 in 2032ms
LOG0007813,2026-03-09 13:54:16,INFO,api_gateway,PUT /api/v1/profile responded 200 in 3736ms
LOG0005212,2026-03-09 13:56:39,INFO,payment,"Payment processed: order_id=ORD23887 amount=Rp3,826,000"
LOG0001224,2026-03-09 14:02:11,INFO,payment,Invoice generated: invoice_id=INV76701
LOG0008497,2026-03-09 14:03:58,WARNING,auth,Multiple sessions detected for user_id=USR4108
LOG0008290,2026-03-09 14:04:10,INFO,database,Backup snapshot completed successfully
LOG0006191,2026-03-09 14:04:28,INFO,api_gateway,GET /api/v1/users responded 200 in 456ms
LOG0007560,2026-03-09 14:04:56,INFO,api_gateway,Rate limit check passed for client_id=CLI390
LOG0009829,2026-03-09 14:10:09,INFO,auth,Token refreshed for user_id=USR9832
LOG0006063,2026-03-09 14:16:22,INFO,database,Backup snapshot completed successfully
LOG0008294,2026-03-09 14:16:40,INFO,payment,Invoice generated: invoice_id=INV46756
LOG0009372,2026-03-09 14:16:47,INFO,api_gateway,DELETE /api/v1/item/INV94418 responded 204 in 1404ms
LOG0004072,2026-03-09 14:23:24,ERROR,database,Disk usage critical: 50% on /var/lib/postgres
LOG0003191,2026-03-09 14:27:01,WARNING,api_gateway,Slow response: GET /api/v1/reports took 3846ms
LOG0009319,2026-03-09 14:32:01,ERROR,auth,Session expired: user_id=USR4020
LOG0004064,2026-03-09 14:36:32,WARNING,api_gateway,Retry attempt 37 for downstream service order-service
LOG0005985,2026-03-09 14:42:03,INFO,api_gateway,GET /api/v1/users responded 200 in 1331ms
LOG0003621,2026-03-09 14:42:55,INFO,api_gateway,POST /api/v1/orders responded 201 in 4167ms
LOG0005582,2026-03-09 14:44:08,INFO,database,Transaction committed: txn_id=TXN30245
LOG0000401,2026-03-09 14:44:42,INFO,payment,Currency conversion: USD→IDR for order_id=ORD67671
LOG0006711,2026-03-09 14:49:58,WARNING,auth,Token expiring soon for user_id=USR1078
LOG0004611,2026-03-09 14:54:21,INFO,database,Index hit on table=products query (4489ms)
LOG0009217,2026-03-09 14:58:15,INFO,database,Transaction committed: txn_id=TXN47459
LOG0009614,2026-03-09 15:01:09,ERROR,payment,Fraud detection triggered: order_id=ORD52528
LOG0001830,2026-03-09 15:02:19,INFO,payment,Payment gateway responded OK in 2687ms
LOG0004887,2026-03-09 15:02:48,INFO,api_gateway,Rate limit check passed for client_id=CLI784
LOG0002558,2026-03-09 15:03:40,INFO,database,Backup snapshot completed successfully
LOG0002374,2026-03-09 15:05:58,WARNING,payment,Suspicious transaction flagged: order_id=ORD93605
LOG0000214,2026-03-09 15:08:51,ERROR,auth,Token validation failed: user_id=USR5448
LOG0004569,2026-03-09 15:09:52,INFO,database,Index hit on table=products query (1560ms)
LOG0004613,2026-03-09 15:19:05,INFO,api_gateway,POST /api/v1/orders responded 201 in 4142ms
LOG0006877,2026-03-09 15:19:31,INFO,database,Query executed: SELECT users WHERE id=USR5170 (4021ms)
LOG0007682,2026-03-09 15:19:40,INFO,database,Index hit on table=products query (2537ms)
LOG0001609,2026-03-09 15:19:53,INFO,payment,"Refund issued: order_id=ORD46621 amount=Rp7,717,000"
LOG0002588,2026-03-09 15:20:29,INFO,payment,"Refund issued: order_id=ORD96078 amount=Rp1,387,000"
LOG0004679,2026-03-09 15:20:37,INFO,auth,2FA verification passed: user_id=USR7167
LOG0000226,2026-03-09 15:20:51,INFO,payment,Invoice generated: invoice_id=INV14582
LOG0005865,2026-03-09 15:24:11,INFO,database,Transaction committed: txn_id=TXN30124
LOG0006731,2026-03-09 15:32:40,WARNING,database,Table=orders approaching max size: 89% capacity
LOG0003305,2026-03-09 15:34:03,WARNING,database,Long-running transaction detected: txn_id=TXN52792 (4168ms)
LOG0000763,2026-03-09 15:34:38,INFO,auth,Token generated for user_id=USR1224
LOG0009613,2026-03-09 15:43:33,WARNING,payment,Suspicious transaction flagged: order_id=ORD51423
LOG0005715,2026-03-09 15:52:00,INFO,database,Index hit on table=products query (558ms)
LOG0000928,2026-03-09 15:57:45,WARNING,payment,Card expiry warning for user_id=USR5533
LOG0001268,2026-03-09 16:01:38,INFO,auth,2FA verification passed: user_id=USR5597
LOG0008484,2026-03-09 16:04:54,WARNING,payment,Payment provider response slow: 1659ms
LOG0008905,2026-03-09 16:11:23,INFO,api_gateway,POST /api/v1/orders responded 201 in 2736ms
LOG0008357,2026-03-09 16:12:24,INFO,auth,Token refreshed for user_id=USR7889
LOG0006925,2026-03-09 16:17:33,INFO,payment,Subscription renewed: user_id=USR9614
LOG0001883,2026-03-09 16:20:55,INFO,auth,User logout: user_id=USR3189
LOG0009168,2026-03-09 16:25:36,ERROR,database,Replication lag exceeded threshold: 925ms behind primary
LOG0009440,2026-03-09 16:27:34,INFO,database,Transaction committed: txn_id=TXN93373
LOG0000557,2026-03-09 16:28:48,INFO,auth,User registered successfully: user_id=USR5455
LOG0006111,2026-03-09 16:29:38,INFO,auth,Session created: session_id=SESS13776
LOG0005697,2026-03-09 16:31:58,INFO,auth,Token refreshed for user_id=USR2549
LOG0006328,2026-03-09 16:32:39,WARNING,payment,Payment provider response slow: 4116ms
LOG0000694,2026-03-09 16:33:35,INFO,api_gateway,Rate limit check passed for client_id=CLI766
LOG0009469,2026-03-09 16:35:39,INFO,payment,Webhook received from payment provider: status=SUCCESS
LOG0001370,2026-03-09 16:36:12,INFO,api_gateway,GET /api/v1/users responded 200 in 1426ms
LOG0005929,2026-03-09 16:39:39,INFO,payment,"Payment processed: order_id=ORD53202 amount=Rp30,000"
LOG0008752,2026-03-09 16:41:58,INFO,auth,User logout: user_id=USR8894
LOG0009603,2026-03-09 16:48:00,INFO,payment,Currency conversion: USD→IDR for order_id=ORD57566
LOG0004655,2026-03-09 16:51:19,ERROR,api_gateway,Invalid request schema on POST /api/v1/orders
LOG0007723,2026-03-09 16:51:56,INFO,payment,Payment gateway responded OK in 918ms
LOG0000634,2026-03-09 16:51:57,INFO,auth,Token refreshed for user_id=USR3369
LOG0000617,2026-03-09 16:58:34,ERROR,auth,Account locked after 5 failed attempts: user_id=USR8147
LOG0001894,2026-03-09 17:02:08,INFO,payment,Subscription renewed: user_id=USR9105
LOG0008348,2026-03-09 17:04:23,WARNING,api_gateway,High latency detected on route /api/v1/search: 3805ms
LOG0001661,2026-03-09 17:07:04,WARNING,api_gateway,Rate limit approaching for client_id=CLI740: 18/100 req/min
LOG0007944,2026-03-09 17:07:13,INFO,api_gateway,DELETE /api/v1/item/INV41666 responded 204 in 2040ms
LOG0008720,2026-03-09 17:08:45,INFO,database,Transaction committed: txn_id=TXN35639
LOG0007899,2026-03-09 17:12:33,INFO,api_gateway,PUT /api/v1/profile responded 200 in 2958ms
LOG0008183,2026-03-09 17:18:53,INFO,payment,Subscription renewed: user_id=USR1436
LOG0001874,2026-03-09 17:19:00,INFO,api_gateway,GET /api/v1/products responded 200 in 663ms
LOG0007400,2026-03-09 17:20:40,WARNING,api_gateway,High latency detected on route /api/v1/search: 2939ms
LOG0006784,2026-03-09 17:26:59,INFO,auth,User logout: user_id=USR4431
LOG0006677,2026-03-09 17:30:30,ERROR,payment,Currency conversion error for order_id=ORD91813
LOG0005584,2026-03-09 17:34:49,INFO,api_gateway,Request routed to service: inventory-service in 3514ms
LOG0001109,2026-03-09 17:36:01,INFO,auth,Token refreshed for user_id=USR9217
LOG0008103,2026-03-09 17:36:55,INFO,payment,Currency conversion: USD→IDR for order_id=ORD62616
LOG0008156,2026-03-09 17:38:07,INFO,auth,User registered successfully: user_id=USR1299
LOG0007263,2026-03-09 17:38:18,WARNING,api_gateway,High latency detected on route /api/v1/search: 2098ms
LOG0003688,2026-03-09 17:39:09,INFO,auth,Token generated for user_id=USR3959
LOG0002021,2026-03-09 17:39:37,WARNING,database,Index miss on table=events: consider reindexing
LOG0007441,2026-03-09 17:39:40,INFO,api_gateway,DELETE /api/v1/item/INV60776 responded 204 in 3400ms
LOG0009657,2026-03-09 17:39:52,INFO,database,Backup snapshot completed successfully
LOG0008686,2026-03-09 17:40:48,INFO,database,Transaction committed: txn_id=TXN48351
LOG0002089,2026-03-09 17:53:24,INFO,api_gateway,GET /api/v1/products responded 200 in 2205ms
LOG0003572,2026-03-09 17:53:38,INFO,payment,"Payment processed: order_id=ORD21543 amount=Rp8,023,000"
LOG0007561,2026-03-09 17:59:50,INFO,api_gateway,DELETE /api/v1/item/INV12285 responded 204 in 3429ms
LOG0005542,2026-03-09 18:05:19,INFO,payment,"Payment processed: order_id=ORD18284 amount=Rp6,412,000"
LOG0003952,2026-03-09 18:07:20,INFO,database,Backup snapshot completed successfully
LOG0009283,2026-03-09 18:08:50,INFO,auth,User registered successfully: user_id=USR3761
LOG0008218,2026-03-09 18:11:51,INFO,api_gateway,GET /api/v1/products responded 200 in 3619ms
LOG0000050,2026-03-09 18:19:33,WARNING,database,Connection pool usage high: 20/20 connections
LOG0001394,2026-03-09 18:22:53,INFO,api_gateway,DELETE /api/v1/item/INV95864 responded 204 in 1666ms
LOG0002619,2026-03-09 18:26:22,WARNING,api_gateway,Deprecated endpoint called: /api/v0/users by client_id=CLI512
LOG0004935,2026-03-09 18:27:06,ERROR,auth,Token validation failed: user_id=USR5108
LOG0004871,2026-03-09 18:30:42,WARNING,payment,Payment retry attempt 89/3 for order_id=ORD47810
LOG0002060,2026-03-09 18:37:49,INFO,auth,User login successful: user_id=USR2662
LOG0007401,2026-03-09 18:42:13,INFO,api_gateway,Rate limit check passed for client_id=CLI702
LOG0002258,2026-03-09 18:44:16,INFO,api_gateway,POST /api/v1/orders responded 201 in 1733ms
LOG0004639,2026-03-09 18:44:56,INFO,auth,User logout: user_id=USR5357
LOG0001093,2026-03-09 18:46:16,INFO,api_gateway,PUT /api/v1/profile responded 200 in 1567ms
LOG0009174,2026-03-09 18:46:49,INFO,auth,2FA verification passed: user_id=USR5387
LOG0000427,2026-03-09 18:53:51,WARNING,database,Index miss on table=events: consider reindexing
LOG0001616,2026-03-09 19:01:48,INFO,payment,"Refund issued: order_id=ORD45208 amount=Rp7,476,000"
LOG0008246,2026-03-09 19:03:00,INFO,auth,User registered successfully: user_id=USR9611
LOG0008707,2026-03-09 19:04:49,INFO,api_gateway,Request routed to service: inventory-service in 2973ms
LOG0003554,2026-03-09 19:05:52,INFO,auth,User logout: user_id=USR5593
LOG0008231,2026-03-09 19:07:59,INFO,api_gateway,GET /api/v1/users responded 200 in 4238ms
LOG0007471,2026-03-09 19:11:11,INFO,payment,Currency conversion: USD→IDR for order_id=ORD82994
LOG0009784,2026-03-09 19:12:45,INFO,auth,User login successful: user_id=USR8386
LOG0005089,2026-03-09 19:24:31,INFO,api_gateway,PUT /api/v1/profile responded 200 in 2611ms
LOG0001779,2026-03-09 19:35:51,WARNING,auth,Token expiring soon for user_id=USR9880
LOG0007219,2026-03-09 19:37:54,INFO,api_gateway,GET /api/v1/products responded 200 in 4426ms
LOG0000736,2026-03-09 19:47:00,INFO,api_gateway,Request routed to service: inventory-service in 4497ms
LOG0004263,2026-03-09 19:47:32,INFO,auth,Token generated for user_id=USR4857
LOG0008979,2026-03-09 19:47:45,INFO,api_gateway,GET /api/v1/users responded 200 in 3585ms
LOG0000455,2026-03-09 19:48:14,INFO,auth,User logout: user_id=USR8831
LOG0003653,2026-03-09 19:49:59,INFO,database,Transaction committed: txn_id=TXN82560
LOG0009516,2026-03-09 20:01:07,INFO,api_gateway,GET /api/v1/products responded 200 in 2972ms
LOG0003123,2026-03-09 20:12:42,INFO,auth,Session created: session_id=SESS90205
LOG0007193,2026-03-09 20:13:52,ERROR,api_gateway,Invalid request schema on POST /api/v1/orders
LOG0009921,2026-03-09 20:15:56,WARNING,api_gateway,High latency detected on route /api/v1/search: 828ms
LOG0004809,2026-03-09 20:17:56,INFO,api_gateway,DELETE /api/v1/item/INV19813 responded 204 in 3186ms
LOG0004490,2026-03-09 20:18:08,INFO,payment,Currency conversion: USD→IDR for order_id=ORD97177
LOG0007012,2026-03-09 20:18:37,INFO,auth,2FA verification passed: user_id=USR5282
LOG0005658,2026-03-09 20:19:09,INFO,auth,User registered successfully: user_id=USR5579
LOG0001693,2026-03-09 20:19:58,INFO,auth,User registered successfully: user_id=USR5506
LOG0006727,2026-03-09 20:28:18,INFO,payment,"Refund issued: order_id=ORD70901 amount=Rp1,632,000"
LOG0007082,2026-03-09 20:28:27,INFO,payment,Invoice generated: invoice_id=INV31425
LOG0001251,2026-03-09 20:28:37,INFO,auth,2FA verification passed: user_id=USR2253
LOG0002301,2026-03-09 20:31:10,INFO,payment,Webhook received from payment provider: status=SUCCESS
LOG0007526,2026-03-09 20:34:04,INFO,database,Index hit on table=products query (1124ms)
LOG0009156,2026-03-09 20:36:42,ERROR,api_gateway,Circuit breaker OPEN for service: inventory-service
LOG0000461,2026-03-09 20:38:07,ERROR,payment,Payment failed: order_id=ORD78055 reason=insufficient_funds
LOG0003057,2026-03-09 20:39:09,INFO,auth,Password changed for user_id=USR4474
LOG0007129,2026-03-09 20:39:12,WARNING,api_gateway,Rate limit approaching for client_id=CLI318: 19/100 req/min
LOG0001527,2026-03-09 20:45:21,INFO,auth,Token refreshed for user_id=USR7368
LOG0005322,2026-03-09 20:47:06,INFO,payment,Subscription renewed: user_id=USR6869
LOG0007298,2026-03-09 20:48:21,INFO,api_gateway,Rate limit check passed for client_id=CLI249
LOG0001997,2026-03-09 20:53:26,WARNING,api_gateway,Rate limit approaching for client_id=CLI625: 51/100 req/min
LOG0000768,2026-03-09 20:54:39,INFO,auth,User logout: user_id=USR8634
LOG0002054,2026-03-09 20:56:38,INFO,api_gateway,POST /api/v1/orders responded 201 in 1628ms
LOG0003536,2026-03-09 20:59:35,INFO,payment,Payment gateway responded OK in 960ms
LOG0008445,2026-03-09 21:03:05,INFO,api_gateway,GET /api/v1/products responded 200 in 187ms
LOG0009265,2026-03-09 21:05:59,ERROR,database,Connection timeout to primary DB host
LOG0000198,2026-03-09 21:09:18,INFO,api_gateway,PUT /api/v1/profile responded 200 in 3854ms
LOG0005487,2026-03-09 21:10:51,INFO,api_gateway,Request routed to service: order-service in 1800ms
LOG0004181,2026-03-09 21:17:37,INFO,payment,Currency conversion: USD→IDR for order_id=ORD72164
LOG0004130,2026-03-09 21:20:07,INFO,api_gateway,GET /api/v1/products responded 200 in 1839ms
LOG0009141,2026-03-09 21:24:12,INFO,auth,User registered successfully: user_id=USR4822
LOG0006306,2026-03-09 21:26:27,WARNING,payment,Suspicious transaction flagged: order_id=ORD78467
LOG0006058,2026-03-09 21:31:54,WARNING,api_gateway,High latency detected on route /api/v1/search: 1355ms
LOG0003100,2026-03-09 21:32:28,WARNING,payment,Suspicious transaction flagged: order_id=ORD67128
LOG0002969,2026-03-09 21:33:44,INFO,auth,Token generated for user_id=USR6224
LOG0007225,2026-03-09 21:37:31,ERROR,auth,Token validation failed: user_id=USR4795
LOG0004953,2026-03-09 21:38:20,WARNING,api_gateway,High latency detected on route /api/v1/search: 2925ms
LOG0002868,2026-03-09 21:43:01,INFO,payment,Webhook received from payment provider: status=SUCCESS
LOG0003294,2026-03-09 21:47:35,INFO,database,Backup snapshot completed successfully
LOG0001199,2026-03-09 21:49:20,ERROR,payment,Payment failed: order_id=ORD44277 reason=insufficient_funds
LOG0006663,2026-03-09 21:50:05,INFO,auth,Password changed for user_id=USR5799
LOG0002636,2026-03-09 21:50:55,INFO,payment,Currency conversion: USD→IDR for order_id=ORD95242
LOG0001164,2026-03-09 21:57:25,INFO,database,Backup snapshot completed successfully
LOG0007583,2026-03-09 21:59:03,INFO,payment,Invoice generated: invoice_id=INV20083
LOG0003448,2026-03-09 21:59:04,ERROR,auth,Token validation failed: user_id=USR8472
LOG0000955,2026-03-09 22:00:51,INFO,database,INSERT INTO orders completed (60ms)
LOG0004397,2026-03-09 22:02:56,INFO,payment,Webhook received from payment provider: status=SUCCESS
LOG0009584,2026-03-09 22:06:09,INFO,payment,Webhook received from payment provider: status=SUCCESS
LOG0002518,2026-03-09 22:12:11,ERROR,payment,Fraud detection triggered: order_id=ORD59848
LOG0007549,2026-03-09 22:15:28,INFO,auth,2FA verification passed: user_id=USR1273
LOG0002741,2026-03-09 22:21:36,INFO,database,Query executed: SELECT users WHERE id=USR4290 (2185ms)
LOG0004619,2026-03-09 22:24:24,INFO,api_gateway,GET /api/v1/users responded 200 in 3588ms
LOG0003588,2026-03-09 22:27:55,ERROR,api_gateway,Rate limit exceeded for client_id=CLI656
LOG0009075,2026-03-09 22:30:12,ERROR,api_gateway,Rate limit exceeded for client_id=CLI666
LOG0000414,2026-03-09 22:32:41,ERROR,api_gateway,POST /api/v1/payment returned 500 after 1484ms
LOG0002669,2026-03-09 22:33:21,INFO,database,Cache hit ratio: 28% for last 5 minutes
LOG0001798,2026-03-09 22:37:53,INFO,database,Backup snapshot completed successfully
LOG0001420,2026-03-09 22:39:11,WARNING,api_gateway,Deprecated endpoint called: /api/v0/users by client_id=CLI186
LOG0004848,2026-03-09 22:40:11,INFO,auth,User login successful: user_id=USR3449
LOG0003279,2026-03-09 22:42:45,INFO,payment,"Refund issued: order_id=ORD90547 amount=Rp2,781,000"
LOG0000890,2026-03-09 22:43:53,INFO,payment,"Refund issued: order_id=ORD79660 amount=Rp6,315,000"
LOG0003323,2026-03-09 22:56:43,ERROR,auth,Token validation failed: user_id=USR4463
LOG0007789,2026-03-09 23:02:47,INFO,auth,User login successful: user_id=USR5042
LOG0000374,2026-03-09 23:08:22,INFO,auth,Token generated for user_id=USR9027
LOG0000954,2026-03-09 23:11:03,INFO,database,Index hit on table=products query (4105ms)
LOG0001196,2026-03-09 23:16:20,INFO,database,INSERT INTO orders completed (962ms)
LOG0006352,2026-03-09 23:21:07,INFO,database,Cache hit ratio: 53% for last 5 minutes
LOG0009892,2026-03-09 23:22:50,INFO,database,Index hit on table=products query (3083ms)
LOG0003976,2026-03-09 23:23:23,INFO,api_gateway,DELETE /api/v1/item/INV31908 responded 204 in 2436ms
LOG0000641,2026-03-09 23:26:43,INFO,payment,Currency conversion: USD→IDR for order_id=ORD74594
LOG0004929,2026-03-09 23:27:14,WARNING,database,Index miss on table=events: consider reindexing
LOG0000459,2026-03-09 23:27:27,ERROR,auth,JWT signature mismatch for user_id=USR3893
LOG0009794,2026-03-09 23:34:04,INFO,auth,User logout: user_id=USR9897
LOG0009749,2026-03-09 23:34:19,INFO,database,Backup snapshot completed successfully
LOG0003175,2026-03-09 23:35:25,INFO,database,Query executed: SELECT users WHERE id=USR7034 (4341ms)
LOG0008200,2026-03-09 23:35:27,INFO,auth,User logout: user_id=USR2715
LOG0001980,2026-03-09 23:37:07,INFO,database,Backup snapshot completed successfully
LOG0008085,2026-03-09 23:44:26,INFO,api_gateway,Rate limit check passed for client_id=CLI641
LOG0003071,2026-03-09 23:45:16,INFO,api_gateway,DELETE /api/v1/item/INV67470 responded 204 in 3895ms
LOG0002706,2026-03-09 23:45:53,WARNING,api_gateway,Retry attempt 27 for downstream service order-service
LOG0004084,2026-03-09 23:58:04,INFO,database,Cache hit ratio: 10% for last 5 minutes
LOG0009251,2026-03-10 00:00:54,INFO,database,INSERT INTO orders completed (2703ms)
LOG0009881,2026-03-10 00:02:07,WARNING,auth,Unusual login location detected: user_id=USR7372
LOG0005412,2026-03-10 00:05:33,WARNING,payment,Suspicious transaction flagged: order_id=ORD11086
LOG0002787,2026-03-10 00:09:44,INFO,database,INSERT INTO orders completed (760ms)
LOG0009485,2026-03-10 00:09:55,INFO,payment,Invoice generated: invoice_id=INV41233
LOG0001310,2026-03-10 00:13:35,INFO,api_gateway,GET /api/v1/products responded 200 in 2085ms
LOG0008252,2026-03-10 00:17:53,INFO,auth,User login successful: user_id=USR1902
LOG0006264,2026-03-10 00:18:30,INFO,auth,Token generated for user_id=USR7917
LOG0003798,2026-03-10 00:25:08,INFO,database,INSERT INTO orders completed (476ms)
LOG0008562,2026-03-10 00:28:50,INFO,database,Backup snapshot completed successfully
LOG0008909,2026-03-10 00:31:53,INFO,database,INSERT INTO orders completed (3807ms)
LOG0007338,2026-03-10 00:35:02,INFO,database,Backup snapshot completed successfully
LOG0007566,2026-03-10 00:36:13,WARNING,api_gateway,Retry attempt 25 for downstream service inventory-service
LOG0001466,2026-03-10 00:37:26,INFO,payment,"Refund issued: order_id=ORD80103 amount=Rp5,130,000"
LOG0007372,2026-03-10 00:40:48,ERROR,database,Connection timeout to primary DB host
LOG0009575,2026-03-10 00:41:53,ERROR,payment,Webhook delivery failed after 3 retries
LOG0007823,2026-03-10 00:43:22,WARNING,api_gateway,Retry attempt 54 for downstream service inventory-service
LOG0007128,2026-03-10 00:47:01,INFO,database,INSERT INTO orders completed (3550ms)
LOG0006527,2026-03-10 00:48:03,INFO,database,Cache hit ratio: 16% for last 5 minutes
LOG0006750,2026-03-10 00:49:38,INFO,auth,Password changed for user_id=USR4642
LOG0007637,2026-03-10 00:51:00,WARNING,database,Table=orders approaching max size: 35% capacity
LOG0009406,2026-03-10 00:54:16,INFO,database,INSERT INTO orders completed (3426ms)
LOG0009359,2026-03-10 01:00:45,ERROR,auth,Invalid credentials for user_id=USR5867
LOG0007251,2026-03-10 01:01:04,ERROR,database,Query failed: syntax error near 'SELCT'
LOG0007565,2026-03-10 01:01:58,INFO,database,Transaction committed: txn_id=TXN86511
LOG0008004,2026-03-10 01:03:17,INFO,api_gateway,GET /api/v1/users responded 200 in 3894ms
LOG0005893,2026-03-10 01:07:28,INFO,auth,Session created: session_id=SESS79352
LOG0002984,2026-03-10 01:11:25,INFO,api_gateway,Rate limit check passed for client_id=CLI309
LOG0005177,2026-03-10 01:15:46,INFO,api_gateway,Rate limit check passed for client_id=CLI579
LOG0003886,2026-03-10 01:17:39,INFO,database,Backup snapshot completed successfully
LOG0001426,2026-03-10 01:18:04,INFO,auth,Token refreshed for user_id=USR9298
LOG0008509,2026-03-10 01:22:53,INFO,api_gateway,Rate limit check passed for client_id=CLI273
LOG0009631,2026-03-10 01:26:57,INFO,api_gateway,POST /api/v1/orders responded 201 in 399ms
LOG0006488,2026-03-10 01:28:02,INFO,api_gateway,DELETE /api/v1/item/INV87173 responded 204 in 1089ms
LOG0004122,2026-03-10 01:31:34,INFO,database,Cache hit ratio: 86% for last 5 minutes
LOG0006600,2026-03-10 01:31:37,ERROR,payment,Payment failed: order_id=ORD26426 reason=insufficient_funds
LOG0009334,2026-03-10 01:36:19,WARNING,database,Connection pool usage high: 91/20 connections
LOG0000802,2026-03-10 01:36:57,INFO,database,Connection pool: 7/20 active connections
LOG0002482,2026-03-10 01:37:54,INFO,auth,Session created: session_id=SESS50763
LOG0005698,2026-03-10 01:39:04,INFO,api_gateway,Request routed to service: inventory-service in 696ms
LOG0002341,2026-03-10 01:39:55,INFO,api_gateway,PUT /api/v1/profile responded 200 in 3870ms
LOG0008990,2026-03-10 01:43:23,ERROR,api_gateway,POST /api/v1/payment returned 500 after 645ms
LOG0001321,2026-03-10 01:48:04,INFO,payment,"Payment processed: order_id=ORD17993 amount=Rp7,811,000"
LOG0001849,2026-03-10 01:51:38,WARNING,payment,Payment retry attempt 4/3 for order_id=ORD37225
LOG0009182,2026-03-10 01:53:34,WARNING,api_gateway,Slow response: GET /api/v1/reports took 840ms
LOG0008740,2026-03-10 01:56:46,INFO,auth,User login successful: user_id=USR7316
LOG0009787,2026-03-10 02:00:26,INFO,api_gateway,POST /api/v1/orders responded 201 in 4478ms
LOG0003926,2026-03-10 02:00:27,INFO,auth,Token refreshed for user_id=USR8405
LOG0005516,2026-03-10 02:02:12,ERROR,api_gateway,Rate limit exceeded for client_id=CLI857
LOG0002490,2026-03-10 02:03:01,ERROR,api_gateway,Invalid request schema on POST /api/v1/orders
LOG0006525,2026-03-10 02:09:27,INFO,auth,User login successful: user_id=USR6192
LOG0004714,2026-03-10 02:14:08,INFO,database,Cache hit ratio: 79% for last 5 minutes
LOG0007240,2026-03-10 02:18:25,INFO,api_gateway,GET /api/v1/products responded 200 in 3618ms
LOG0003438,2026-03-10 02:19:39,INFO,auth,User login successful: user_id=USR6128
LOG0009890,2026-03-10 02:22:32,INFO,api_gateway,Request routed to service: order-service in 3828ms
LOG0009715,2026-03-10 02:23:07,WARNING,payment,Card expiry warning for user_id=USR2773
LOG0000315,2026-03-10 02:27:20,INFO,auth,User registered successfully: user_id=USR6618
LOG0005064,2026-03-10 02:28:04,WARNING,auth,Unusual login location detected: user_id=USR7753
LOG0006829,2026-03-10 02:30:19,INFO,auth,User logout: user_id=USR4852
LOG0003151,2026-03-10 02:38:50,ERROR,auth,Account locked after 5 failed attempts: user_id=USR1404
LOG0005558,2026-03-10 02:40:05,ERROR,api_gateway,Circuit breaker OPEN for service: user-service
LOG0008175,2026-03-10 02:41:30,ERROR,database,Deadlock detected on table=orders: txn_id=TXN89829
LOG0004801,2026-03-10 02:43:41,INFO,database,Cache hit ratio: 41% for last 5 minutes
LOG0003192,2026-03-10 02:43:55,ERROR,database,Replication lag exceeded threshold: 1605ms behind primary
LOG0004960,2026-03-10 02:47:22,INFO,payment,Invoice generated: invoice_id=INV12877
LOG0001108,2026-03-10 02:50:17,INFO,auth,User logout: user_id=USR2529
LOG0005468,2026-03-10 02:50:39,INFO,payment,Currency conversion: USD→IDR for order_id=ORD59614
LOG0004728,2026-03-10 02:54:51,INFO,payment,Currency conversion: USD→IDR for order_id=ORD72924
LOG0005518,2026-03-10 02:56:32,WARNING,payment,High transaction volume: 51 TPS (threshold: 50 TPS)
LOG0000973,2026-03-10 02:57:22,INFO,api_gateway,Request routed to service: order-service in 2342ms
LOG0005370,2026-03-10 02:57:26,INFO,database,Connection pool: 29/20 active connections
LOG0000922,2026-03-10 02:58:56,WARNING,api_gateway,Rate limit approaching for client_id=CLI943: 97/100 req/min
LOG0008673,2026-03-10 02:58:58,WARNING,payment,High transaction volume: 50 TPS (threshold: 50 TPS)
LOG0005962,2026-03-10 03:01:31,INFO,database,Cache hit ratio: 94% for last 5 minutes
LOG0001347,2026-03-10 03:04:49,INFO,database,Backup snapshot completed successfully
LOG0003131,2026-03-10 03:09:41,INFO,payment,Subscription renewed: user_id=USR1078
LOG0003188,2026-03-10 03:13:19,INFO,database,Transaction committed: txn_id=TXN81321
LOG0005834,2026-03-10 03:13:49,INFO,database,Transaction committed: txn_id=TXN89359
LOG0005680,2026-03-10 03:14:47,WARNING,auth,Password reset requested for user_id=USR6887
LOG0002649,2026-03-10 03:15:51,ERROR,auth,Invalid credentials for user_id=USR3671
LOG0008279,2026-03-10 03:23:27,INFO,auth,Token generated for user_id=USR9216
LOG0009647,2026-03-10 03:27:30,INFO,database,Cache hit ratio: 20% for last 5 minutes
LOG0008185,2026-03-10 03:35:43,INFO,api_gateway,PUT /api/v1/profile responded 200 in 1880ms
LOG0002808,2026-03-10 03:37:47,WARNING,auth,Password reset requested for user_id=USR5024
LOG0000287,2026-03-10 03:37:53,WARNING,database,Long-running transaction detected: txn_id=TXN47277 (2898ms)
LOG0002139,2026-03-10 03:38:23,INFO,api_gateway,POST /api/v1/orders responded 201 in 2794ms
LOG0000882,2026-03-10 03:41:53,INFO,database,Transaction committed: txn_id=TXN29121
LOG0007143,2026-03-10 03:45:49,INFO,payment,Webhook received from payment provider: status=SUCCESS
LOG0004954,2026-03-10 03:47:20,WARNING,database,Slow query detected: 3872ms on table=logs
LOG0005772,2026-03-10 03:50:34,INFO,api_gateway,POST /api/v1/orders responded 201 in 232ms
LOG0003242,2026-03-10 03:59:02,ERROR,payment,Currency conversion error for order_id=ORD73653
LOG0009587,2026-03-10 04:02:28,INFO,api_gateway,DELETE /api/v1/item/INV21954 responded 204 in 2476ms
LOG0005666,2026-03-10 04:05:06,INFO,api_gateway,Request routed to service: user-service in 1371ms
LOG0007730,2026-03-10 04:08:33,INFO,payment,Payment gateway responded OK in 3743ms
LOG0008381,2026-03-10 04:10:33,ERROR,payment,Payment failed: order_id=ORD70238 reason=insufficient_funds
LOG0007863,2026-03-10 04:11:05,INFO,payment,Currency conversion: USD→IDR for order_id=ORD99949
LOG0009413,2026-03-10 04:11:44,INFO,auth,Token generated for user_id=USR6700
LOG0007651,2026-03-10 04:13:12,INFO,api_gateway,Rate limit check passed for client_id=CLI764
LOG0009210,2026-03-10 04:14:32,INFO,api_gateway,Rate limit check passed for client_id=CLI938
LOG0000940,2026-03-10 04:18:34,WARNING,database,Long-running transaction detected: txn_id=TXN86869 (2465ms)
LOG0008257,2026-03-10 04:22:56,INFO,api_gateway,PUT /api/v1/profile responded 200 in 4384ms
LOG0007634,2026-03-10 04:32:01,INFO,auth,Session created: session_id=SESS80705
LOG0005913,2026-03-10 04:33:32,INFO,api_gateway,POST /api/v1/orders responded 201 in 425ms
LOG0000764,2026-03-10 04:36:03,INFO,api_gateway,POST /api/v1/orders responded 201 in 3911ms
LOG0004202,2026-03-10 04:40:12,INFO,api_gateway,GET /api/v1/products responded 200 in 1338ms
LOG0001210,2026-03-10 04:41:05,WARNING,database,Table=orders approaching max size: 52% capacity
LOG0006595,2026-03-10 04:43:05,WARNING,auth,Token expiring soon for user_id=USR4261
LOG0000568,2026-03-10 04:43:23,INFO,payment,Subscription renewed: user_id=USR6738
LOG0002305,2026-03-10 04:43:23,INFO,database,Index hit on table=products query (226ms)
LOG0003934,2026-03-10 04:43:30,INFO,payment,Invoice generated: invoice_id=INV77750
LOG0003477,2026-03-10 04:44:56,INFO,payment,Webhook received from payment provider: status=SUCCESS
LOG0001945,2026-03-10 04:45:25,INFO,payment,Currency conversion: USD→IDR for order_id=ORD33959
LOG0001543,2026-03-10 04:47:18,WARNING,database,Connection pool usage high: 1/20 connections
LOG0001121,2026-03-10 04:47:19,INFO,auth,Session created: session_id=SESS49892
LOG0004382,2026-03-10 04:47:23,ERROR,api_gateway,Invalid request schema on POST /api/v1/orders
LOG0004737,2026-03-10 04:48:07,INFO,database,Query executed: SELECT users WHERE id=USR7194 (812ms)
LOG0009754,2026-03-10 04:48:12,WARNING,auth,Unusual login location detected: user_id=USR8634
LOG0004317,2026-03-10 04:48:44,INFO,payment,"Refund issued: order_id=ORD39220 amount=Rp53,000"
LOG0002067,2026-03-10 04:49:15,INFO,payment,Subscription renewed: user_id=USR6369
LOG0003499,2026-03-10 04:55:09,INFO,auth,Session created: session_id=SESS57939
LOG0006665,2026-03-10 04:56:52,INFO,api_gateway,GET /api/v1/users responded 200 in 598ms
LOG0007096,2026-03-10 05:05:28,ERROR,auth,JWT signature mismatch for user_id=USR4660
LOG0005123,2026-03-10 05:05:52,INFO,payment,Subscription renewed: user_id=USR9601
LOG0003332,2026-03-10 05:09:07,INFO,api_gateway,Rate limit check passed for client_id=CLI534
LOG0006707,2026-03-10 05:09:10,WARNING,auth,Token expiring soon for user_id=USR9574
LOG0006825,2026-03-10 05:10:12,INFO,auth,User registered successfully: user_id=USR5652
LOG0005118,2026-03-10 05:17:44,INFO,auth,Session created: session_id=SESS60694
LOG0008649,2026-03-10 05:21:30,INFO,payment,Invoice generated: invoice_id=INV17972
LOG0002289,2026-03-10 05:23:44,WARNING,api_gateway,Rate limit approaching for client_id=CLI586: 97/100 req/min
LOG0000164,2026-03-10 05:24:03,INFO,api_gateway,PUT /api/v1/profile responded 200 in 1571ms
LOG0007017,2026-03-10 05:25:31,WARNING,api_gateway,Rate limit approaching for client_id=CLI169: 57/100 req/min
LOG0001174,2026-03-10 05:30:34,INFO,api_gateway,GET /api/v1/users responded 200 in 447ms
LOG0007577,2026-03-10 05:32:30,INFO,database,Backup snapshot completed successfully
LOG0008160,2026-03-10 05:33:26,INFO,api_gateway,GET /api/v1/products responded 200 in 2948ms
LOG0009934,2026-03-10 05:33:55,INFO,api_gateway,PUT /api/v1/profile responded 200 in 3117ms
LOG0005464,2026-03-10 05:34:16,INFO,api_gateway,POST /api/v1/orders responded 201 in 1769ms
LOG0007272,2026-03-10 05:41:22,INFO,api_gateway,Rate limit check passed for client_id=CLI316
LOG0000377,2026-03-10 05:45:03,INFO,database,Index hit on table=products query (1401ms)
LOG0009782,2026-03-10 05:45:08,INFO,api_gateway,Request routed to service: order-service in 2256ms
LOG0000616,2026-03-10 05:46:26,INFO,api_gateway,GET /api/v1/users responded 200 in 4126ms
LOG0000376,2026-03-10 05:48:21,INFO,api_gateway,POST /api/v1/orders responded 201 in 3907ms
LOG0001282,2026-03-10 05:50:30,INFO,database,Backup snapshot completed successfully
LOG0008094,2026-03-10 05:51:14,INFO,database,Query executed: SELECT users WHERE id=USR7656 (3609ms)
LOG0003217,2026-03-10 05:51:55,INFO,database,INSERT INTO orders completed (4079ms)
LOG0008913,2026-03-10 05:55:13,INFO,api_gateway,PUT /api/v1/profile responded 200 in 2601ms
LOG0006207,2026-03-10 05:57:10,INFO,payment,"Refund issued: order_id=ORD11186 amount=Rp7,574,000"
LOG0006694,2026-03-10 05:58:35,INFO,api_gateway,Rate limit check passed for client_id=CLI490
LOG0001557,2026-03-10 06:00:04,INFO,auth,User login successful: user_id=USR3197
LOG0006944,2026-03-10 06:00:05,WARNING,database,Slow query detected: 3856ms on table=logs
LOG0002083,2026-03-10 06:04:42,WARNING,payment,Payment provider response slow: 1031ms
LOG0008460,2026-03-10 06:06:52,INFO,database,Backup snapshot completed successfully
LOG0002608,2026-03-10 06:07:27,INFO,payment,Payment gateway responded OK in 3036ms
LOG0001899,2026-03-10 06:09:47,INFO,auth,User registered successfully: user_id=USR1879
LOG0002653,2026-03-10 06:12:51,INFO,api_gateway,GET /api/v1/users responded 200 in 2159ms
LOG0002338,2026-03-10 06:13:15,INFO,database,Connection pool: 26/20 active connections
LOG0005887,2026-03-10 06:13:43,INFO,payment,Webhook received from payment provider: status=SUCCESS
LOG0003113,2026-03-10 06:16:05,WARNING,auth,Failed login attempt for user_id=USR5136 (attempt 84/5)
LOG0009252,2026-03-10 06:16:31,INFO,api_gateway,GET /api/v1/users responded 200 in 3908ms
LOG0003936,2026-03-10 06:16:41,INFO,database,Cache hit ratio: 70% for last 5 minutes
LOG0004114,2026-03-10 06:26:25,INFO,payment,Subscription renewed: user_id=USR8173
LOG0006445,2026-03-10 06:26:27,ERROR,payment,Webhook delivery failed after 3 retries
LOG0006741,2026-03-10 06:28:05,INFO,database,Backup snapshot completed successfully
LOG0009439,2026-03-10 06:29:00,WARNING,database,Connection pool usage high: 32/20 connections
LOG0001341,2026-03-10 06:30:42,INFO,auth,Password changed for user_id=USR3515
LOG0003794,2026-03-10 06:32:33,INFO,auth,Token refreshed for user_id=USR4534
LOG0008819,2026-03-10 06:33:08,INFO,payment,Webhook received from payment provider: status=SUCCESS
LOG0004646,2026-03-10 06:36:44,INFO,database,Index hit on table=products query (4449ms)
LOG0004818,2026-03-10 06:40:58,ERROR,api_gateway,Rate limit exceeded for client_id=CLI592
LOG0003338,2026-03-10 06:47:10,INFO,database,Index hit on table=products query (3508ms)
LOG0004831,2026-03-10 06:52:46,INFO,payment,"Payment processed: order_id=ORD84775 amount=Rp4,245,000"
LOG0009495,2026-03-10 06:58:14,INFO,auth,Session created: session_id=SESS27024
LOG0002586,2026-03-10 06:59:37,INFO,payment,"Refund issued: order_id=ORD40698 amount=Rp7,763,000"
LOG0001896,2026-03-10 06:59:49,INFO,auth,User logout: user_id=USR9385
LOG0006309,2026-03-10 07:00:01,INFO,auth,User login successful: user_id=USR6823
LOG0006553,2026-03-10 07:00:45,INFO,database,INSERT INTO orders completed (2997ms)
LOG0004945,2026-03-10 07:06:54,INFO,api_gateway,DELETE /api/v1/item/INV85967 responded 204 in 2226ms
LOG0004154,2026-03-10 07:11:38,INFO,api_gateway,DELETE /api/v1/item/INV83623 responded 204 in 1383ms
LOG0007395,2026-03-10 07:14:12,INFO,api_gateway,GET /api/v1/users responded 200 in 3236ms
LOG0002832,2026-03-10 07:19:47,INFO,auth,Token refreshed for user_id=USR9576
LOG0007508,2026-03-10 07:23:46,ERROR,api_gateway,POST /api/v1/payment returned 500 after 2608ms
LOG0005133,2026-03-10 07:24:00,ERROR,api_gateway,Circuit breaker OPEN for service: inventory-service
LOG0004073,2026-03-10 07:24:31,INFO,payment,Currency conversion: USD→IDR for order_id=ORD99128
LOG0007124,2026-03-10 07:26:40,INFO,auth,Token refreshed for user_id=USR5783
LOG0009916,2026-03-10 07:34:20,WARNING,api_gateway,Rate limit approaching for client_id=CLI339: 64/100 req/min
LOG0004925,2026-03-10 07:36:36,ERROR,api_gateway,Invalid request schema on POST /api/v1/orders
LOG0002463,2026-03-10 07:40:49,INFO,payment,Currency conversion: USD→IDR for order_id=ORD43815
LOG0008089,2026-03-10 07:41:10,INFO,payment,Payment gateway responded OK in 2803ms
LOG0009979,2026-03-10 07:41:51,INFO,auth,User registered successfully: user_id=USR3884
LOG0000934,2026-03-10 07:42:03,INFO,payment,Webhook received from payment provider: status=SUCCESS
LOG0005387,2026-03-10 07:42:06,INFO,database,Cache hit ratio: 39% for last 5 minutes
LOG0003436,2026-03-10 07:45:16,WARNING,api_gateway,High latency detected on route /api/v1/search: 4338ms
LOG0005217,2026-03-10 07:47:31,ERROR,database,Replication lag exceeded threshold: 940ms behind primary
LOG0003735,2026-03-10 07:48:10,INFO,api_gateway,Request routed to service: order-service in 589ms
LOG0008367,2026-03-10 07:49:33,WARNING,api_gateway,Retry attempt 60 for downstream service inventory-service
LOG0001102,2026-03-10 07:52:23,ERROR,database,Query failed: syntax error near 'SELCT'
LOG0001582,2026-03-10 07:57:51,INFO,payment,Webhook received from payment provider: status=SUCCESS
LOG0008452,2026-03-10 07:58:44,WARNING,api_gateway,Rate limit approaching for client_id=CLI974: 44/100 req/min
LOG0005327,2026-03-10 08:00:32,INFO,api_gateway,DELETE /api/v1/item/INV36617 responded 204 in 975ms
LOG0009434,2026-03-10 08:03:42,INFO,api_gateway,GET /api/v1/users responded 200 in 1052ms
LOG0000733,2026-03-10 08:06:00,INFO,database,Transaction committed: txn_id=TXN22547
LOG0009482,2026-03-10 08:06:18,INFO,database,Cache hit ratio: 41% for last 5 minutes
LOG0006735,2026-03-10 08:07:29,ERROR,database,Deadlock detected on table=orders: txn_id=TXN19884
LOG0003973,2026-03-10 08:09:47,INFO,api_gateway,POST /api/v1/orders responded 201 in 391ms
LOG0003370,2026-03-10 08:11:29,INFO,payment,"Refund issued: order_id=ORD26394 amount=Rp2,968,000"
LOG0008768,2026-03-10 08:12:21,INFO,database,Backup snapshot completed successfully
LOG0001374,2026-03-10 08:13:55,INFO,database,Cache hit ratio: 85% for last 5 minutes
LOG0004032,2026-03-10 08:19:46,INFO,payment,"Refund issued: order_id=ORD79744 amount=Rp2,538,000"
LOG0004076,2026-03-10 08:27:39,INFO,payment,Subscription renewed: user_id=USR7502
LOG0000417,2026-03-10 08:34:53,INFO,database,Query executed: SELECT users WHERE id=USR7799 (4283ms)
LOG0001333,2026-03-10 08:36:11,INFO,auth,Password changed for user_id=USR4499
LOG0008118,2026-03-10 08:36:15,INFO,api_gateway,POST /api/v1/orders responded 201 in 1126ms
LOG0000708,2026-03-10 08:37:33,INFO,api_gateway,DELETE /api/v1/item/INV20462 responded 204 in 241ms
LOG0008655,2026-03-10 08:38:14,WARNING,database,Long-running transaction detected: txn_id=TXN90760 (1687ms)
LOG0002029,2026-03-10 08:40:16,INFO,auth,Token refreshed for user_id=USR3303
LOG0006048,2026-03-10 08:40:30,INFO,payment,"Payment processed: order_id=ORD30907 amount=Rp9,849,000"
LOG0001943,2026-03-10 08:45:11,INFO,database,Connection pool: 55/20 active connections
LOG0007943,2026-03-10 08:45:58,INFO,payment,Subscription renewed: user_id=USR3834
LOG0009751,2026-03-10 08:47:01,INFO,payment,"Refund issued: order_id=ORD10804 amount=Rp7,661,000"
LOG0003937,2026-03-10 08:49:00,INFO,auth,User logout: user_id=USR8198
LOG0008099,2026-03-10 08:49:04,INFO,payment,Webhook received from payment provider: status=SUCCESS
LOG0008715,2026-03-10 08:51:46,INFO,auth,Token generated for user_id=USR3926
LOG0007183,2026-03-10 08:53:06,INFO,auth,User registered successfully: user_id=USR4328
LOG0007149,2026-03-10 08:54:35,INFO,payment,Payment gateway responded OK in 3479ms
LOG0002501,2026-03-10 08:57:28,WARNING,database,Table=orders approaching max size: 83% capacity
LOG0009042,2026-03-10 09:02:15,INFO,api_gateway,PUT /api/v1/profile responded 200 in 4041ms
LOG0009940,2026-03-10 09:03:33,INFO,payment,"Refund issued: order_id=ORD64022 amount=Rp3,401,000"
LOG0003214,2026-03-10 09:03:46,INFO,payment,Invoice generated: invoice_id=INV37060
LOG0004266,2026-03-10 09:03:50,INFO,payment,Subscription renewed: user_id=USR8074
LOG0004246,2026-03-10 09:07:03,INFO,database,INSERT INTO orders completed (4126ms)
LOG0003741,2026-03-10 09:07:31,INFO,database,Index hit on table=products query (308ms)
LOG0003253,2026-03-10 09:09:45,ERROR,payment,Fraud detection triggered: order_id=ORD53620
LOG0008922,2026-03-10 09:13:40,INFO,auth,Token refreshed for user_id=USR9859
LOG0006459,2026-03-10 09:16:51,INFO,api_gateway,GET /api/v1/users responded 200 in 3972ms
LOG0000699,2026-03-10 09:16:54,INFO,api_gateway,Rate limit check passed for client_id=CLI151
LOG0000516,2026-03-10 09:17:32,INFO,api_gateway,DELETE /api/v1/item/INV24725 responded 204 in 1943ms
LOG0000004,2026-03-10 09:17:47,INFO,api_gateway,GET /api/v1/products responded 200 in 579ms
LOG0008158,2026-03-10 09:20:48,INFO,api_gateway,POST /api/v1/orders responded 201 in 3101ms
LOG0001713,2026-03-10 09:24:09,INFO,auth,Session created: session_id=SESS79946
LOG0001513,2026-03-10 09:25:54,INFO,auth,Session created: session_id=SESS83477
LOG0009129,2026-03-10 09:30:28,INFO,database,Connection pool: 40/20 active connections
LOG0000385,2026-03-10 09:31:17,ERROR,api_gateway,Rate limit exceeded for client_id=CLI698
LOG0001803,2026-03-10 09:31:58,INFO,database,Index hit on table=products query (4420ms)
LOG0009560,2026-03-10 09:35:55,WARNING,payment,Payment retry attempt 55/3 for order_id=ORD25580
LOG0005611,2026-03-10 09:36:06,INFO,auth,Token generated for user_id=USR5788
LOG0004138,2026-03-10 09:37:39,ERROR,auth,Account locked after 5 failed attempts: user_id=USR8332
LOG0006747,2026-03-10 09:38:58,WARNING,database,Index miss on table=events: consider reindexing
LOG0001761,2026-03-10 09:40:36,WARNING,api_gateway,Deprecated endpoint called: /api/v0/users by client_id=CLI555
LOG0008311,2026-03-10 09:43:49,INFO,auth,Password changed for user_id=USR5949
LOG0001909,2026-03-10 09:45:31,INFO,auth,Password changed for user_id=USR2987
LOG0000194,2026-03-10 09:45:38,INFO,database,Cache hit ratio: 42% for last 5 minutes
LOG0009696,2026-03-10 09:47:12,INFO,auth,Token generated for user_id=USR2667
LOG0009825,2026-03-10 09:47:23,WARNING,database,Table=orders approaching max size: 76% capacity
LOG0009295,2026-03-10 09:52:40,INFO,payment,Invoice generated: invoice_id=INV41749
LOG0004115,2026-03-10 10:12:11,INFO,payment,Currency conversion: USD→IDR for order_id=ORD42037
LOG0009419,2026-03-10 10:12:13,WARNING,auth,Token expiring soon for user_id=USR3146
LOG0009205,2026-03-10 10:15:04,ERROR,payment,Webhook delivery failed after 3 retries
LOG0003691,2026-03-10 10:19:05,INFO,database,Connection pool: 3/20 active connections
LOG0009799,2026-03-10 10:19:32,WARNING,api_gateway,High latency detected on route /api/v1/search: 2181ms
LOG0009571,2026-03-10 10:21:41,ERROR,api_gateway,Invalid request schema on POST /api/v1/orders
LOG0009424,2026-03-10 10:23:45,INFO,api_gateway,Request routed to service: inventory-service in 1551ms
LOG0009054,2026-03-10 10:26:36,INFO,auth,User login successful: user_id=USR3729
LOG0003528,2026-03-10 10:36:13,WARNING,database,Connection pool usage high: 70/20 connections
LOG0006739,2026-03-10 10:38:00,INFO,payment,"Payment processed: order_id=ORD48715 amount=Rp5,147,000"
LOG0002383,2026-03-10 10:43:00,ERROR,database,Deadlock detected on table=orders: txn_id=TXN12388
LOG0005269,2026-03-10 10:43:48,WARNING,payment,Payment provider response slow: 4306ms
LOG0004731,2026-03-10 10:51:46,INFO,payment,Invoice generated: invoice_id=INV89492
LOG0009323,2026-03-10 10:53:24,INFO,api_gateway,GET /api/v1/users responded 200 in 2243ms
LOG0008589,2026-03-10 10:54:50,INFO,api_gateway,POST /api/v1/orders responded 201 in 424ms
LOG0004275,2026-03-10 10:57:05,INFO,api_gateway,PUT /api/v1/profile responded 200 in 894ms
LOG0009582,2026-03-10 11:00:07,INFO,api_gateway,GET /api/v1/users responded 200 in 3217ms
LOG0008859,2026-03-10 11:00:21,INFO,payment,Payment gateway responded OK in 3818ms
LOG0002443,2026-03-10 11:01:00,INFO,api_gateway,GET /api/v1/users responded 200 in 2407ms
LOG0004745,2026-03-10 11:02:09,WARNING,api_gateway,Retry attempt 12 for downstream service inventory-service
LOG0009337,2026-03-10 11:02:54,INFO,payment,Currency conversion: USD→IDR for order_id=ORD25159
LOG0000983,2026-03-10 11:07:29,INFO,database,Cache hit ratio: 55% for last 5 minutes
LOG0007373,2026-03-10 11:10:57,INFO,payment,Currency conversion: USD→IDR for order_id=ORD11553
LOG0003650,2026-03-10 11:17:11,INFO,payment,Subscription renewed: user_id=USR3263
LOG0000544,2026-03-10 11:19:12,WARNING,auth,Failed login attempt for user_id=USR5312 (attempt 11/5)
LOG0001220,2026-03-10 11:20:35,INFO,payment,Payment gateway responded OK in 3323ms
LOG0006644,2026-03-10 11:23:15,INFO,api_gateway,PUT /api/v1/profile responded 200 in 4390ms
LOG0006246,2026-03-10 11:27:50,WARNING,payment,Payment retry attempt 12/3 for order_id=ORD45004
LOG0004237,2026-03-10 11:29:27,INFO,auth,Session created: session_id=SESS25780
LOG0005461,2026-03-10 11:30:20,INFO,database,Query executed: SELECT users WHERE id=USR6688 (746ms)
LOG0008675,2026-03-10 11:32:14,INFO,auth,2FA verification passed: user_id=USR3844
LOG0006132,2026-03-10 11:32:38,INFO,auth,Token refreshed for user_id=USR1727
LOG0007844,2026-03-10 11:35:37,WARNING,database,Slow query detected: 647ms on table=logs
LOG0000299,2026-03-10 11:37:21,WARNING,database,Long-running transaction detected: txn_id=TXN64407 (1218ms)
LOG0002910,2026-03-10 11:38:15,INFO,api_gateway,POST /api/v1/orders responded 201 in 1333ms
LOG0009273,2026-03-10 11:38:30,INFO,database,INSERT INTO orders completed (4342ms)
LOG0000753,2026-03-10 11:38:58,INFO,api_gateway,Request routed to service: order-service in 4499ms
LOG0004905,2026-03-10 11:41:52,WARNING,database,Connection pool usage high: 13/20 connections
LOG0007274,2026-03-10 11:42:09,INFO,api_gateway,GET /api/v1/products responded 200 in 4127ms
LOG0004123,2026-03-10 11:42:38,INFO,database,Index hit on table=products query (3484ms)
LOG0007978,2026-03-10 11:49:21,INFO,api_gateway,POST /api/v1/orders responded 201 in 1206ms
LOG0001617,2026-03-10 11:50:07,INFO,payment,"Payment processed: order_id=ORD17962 amount=Rp4,796,000"
LOG0006957,2026-03-10 11:50:28,INFO,payment,Subscription renewed: user_id=USR8193
LOG0006847,2026-03-10 11:55:06,INFO,database,Connection pool: 35/20 active connections
LOG0004921,2026-03-10 11:56:07,INFO,api_gateway,PUT /api/v1/profile responded 200 in 3867ms
LOG0007184,2026-03-10 11:56:42,INFO,auth,Token refreshed for user_id=USR5849
LOG0003839,2026-03-10 12:04:45,WARNING,database,Index miss on table=events: consider reindexing
LOG0003701,2026-03-10 12:06:39,WARNING,payment,Suspicious transaction flagged: order_id=ORD80270
LOG0009255,2026-03-10 12:10:44,INFO,payment,"Refund issued: order_id=ORD11027 amount=Rp1,858,000"
LOG0005017,2026-03-10 12:14:54,INFO,api_gateway,DELETE /api/v1/item/INV83515 responded 204 in 768ms
LOG0004460,2026-03-10 12:16:01,INFO,payment,Webhook received from payment provider: status=SUCCESS
LOG0001858,2026-03-10 12:17:10,INFO,api_gateway,DELETE /api/v1/item/INV65104 responded 204 in 476ms
LOG0002498,2026-03-10 12:19:56,WARNING,database,Table=orders approaching max size: 81% capacity
LOG0007500,2026-03-10 12:20:30,INFO,database,Query executed: SELECT users WHERE id=USR3248 (3738ms)
LOG0009448,2026-03-10 12:23:03,INFO,api_gateway,GET /api/v1/products responded 200 in 337ms
LOG0000263,2026-03-10 12:25:56,INFO,database,INSERT INTO orders completed (221ms)
LOG0002183,2026-03-10 12:32:03,WARNING,auth,Token expiring soon for user_id=USR4263
LOG0009907,2026-03-10 12:32:23,INFO,auth,User registered successfully: user_id=USR5569
LOG0002169,2026-03-10 12:34:21,INFO,database,Connection pool: 32/20 active connections
LOG0008500,2026-03-10 12:35:30,INFO,api_gateway,DELETE /api/v1/item/INV66680 responded 204 in 3469ms
LOG0004676,2026-03-10 12:37:59,INFO,database,Query executed: SELECT users WHERE id=USR3656 (469ms)
LOG0009685,2026-03-10 12:39:09,WARNING,database,Long-running transaction detected: txn_id=TXN57763 (2584ms)
LOG0008666,2026-03-10 12:41:55,INFO,database,Backup snapshot completed successfully
LOG0007480,2026-03-10 12:48:12,INFO,database,Query executed: SELECT users WHERE id=USR6777 (1309ms)
LOG0005090,2026-03-10 12:49:09,WARNING,database,Index miss on table=events: consider reindexing
LOG0005911,2026-03-10 12:54:50,INFO,database,Index hit on table=products query (3120ms)
LOG0001990,2026-03-10 13:02:25,INFO,api_gateway,POST /api/v1/orders responded 201 in 4011ms
LOG0005208,2026-03-10 13:04:52,INFO,api_gateway,GET /api/v1/users responded 200 in 3659ms
LOG0009154,2026-03-10 13:05:18,INFO,database,Backup snapshot completed successfully
LOG0005942,2026-03-10 13:09:02,INFO,database,Index hit on table=products query (3428ms)
LOG0004999,2026-03-10 13:10:18,INFO,api_gateway,POST /api/v1/orders responded 201 in 4151ms
LOG0005885,2026-03-10 13:10:42,INFO,api_gateway,Rate limit check passed for client_id=CLI945
LOG0001924,2026-03-10 13:16:27,ERROR,api_gateway,Invalid request schema on POST /api/v1/orders
LOG0003686,2026-03-10 13:17:45,INFO,database,Transaction committed: txn_id=TXN83276
LOG0003733,2026-03-10 13:32:58,ERROR,payment,Currency conversion error for order_id=ORD95404
LOG0003399,2026-03-10 13:34:51,INFO,payment,Invoice generated: invoice_id=INV87166
LOG0001988,2026-03-10 13:50:59,INFO,api_gateway,GET /api/v1/products responded 200 in 3350ms
LOG0004667,2026-03-10 13:55:08,INFO,auth,Password changed for user_id=USR6565
LOG0000038,2026-03-10 13:56:42,INFO,api_gateway,GET /api/v1/products responded 200 in 3258ms
LOG0003833,2026-03-10 13:56:50,WARNING,api_gateway,High latency detected on route /api/v1/search: 328ms
LOG0001951,2026-03-10 13:58:52,INFO,auth,User logout: user_id=USR7571
LOG0007339,2026-03-10 14:03:52,ERROR,database,Deadlock detected on table=orders: txn_id=TXN31109
LOG0005021,2026-03-10 14:04:01,INFO,auth,2FA verification passed: user_id=USR8946
LOG0000590,2026-03-10 14:09:53,INFO,api_gateway,GET /api/v1/users responded 200 in 3146ms
LOG0001330,2026-03-10 14:11:34,ERROR,api_gateway,Upstream service inventory-service unreachable: connection timeout
LOG0003006,2026-03-10 14:11:35,INFO,database,Index hit on table=products query (3313ms)
LOG0003597,2026-03-10 14:12:10,WARNING,api_gateway,High latency detected on route /api/v1/search: 1174ms
LOG0004637,2026-03-10 14:13:47,INFO,payment,Invoice generated: invoice_id=INV82842
LOG0004000,2026-03-10 14:15:48,INFO,api_gateway,GET /api/v1/products responded 200 in 944ms
LOG0009260,2026-03-10 14:17:07,WARNING,database,Slow query detected: 1889ms on table=logs
LOG0008706,2026-03-10 14:18:54,ERROR,api_gateway,Rate limit exceeded for client_id=CLI406
LOG0006130,2026-03-10 14:21:37,INFO,payment,Payment gateway responded OK in 3827ms
LOG0009840,2026-03-10 14:24:30,INFO,payment,Payment gateway responded OK in 4250ms
LOG0003383,2026-03-10 14:28:15,INFO,api_gateway,DELETE /api/v1/item/INV76892 responded 204 in 83ms
LOG0005661,2026-03-10 14:30:13,INFO,api_gateway,GET /api/v1/users responded 200 in 827ms
LOG0006343,2026-03-10 14:32:51,WARNING,api_gateway,Slow response: GET /api/v1/reports took 1955ms
LOG0008808,2026-03-10 14:33:25,INFO,auth,Token refreshed for user_id=USR4095
LOG0005923,2026-03-10 14:34:03,WARNING,auth,Token expiring soon for user_id=USR6046
LOG0003821,2026-03-10 14:35:59,INFO,api_gateway,GET /api/v1/users responded 200 in 2979ms
LOG0000589,2026-03-10 14:37:03,WARNING,auth,Multiple sessions detected for user_id=USR9885
LOG0008716,2026-03-10 14:39:16,INFO,database,Query executed: SELECT users WHERE id=USR7125 (264ms)
LOG0008102,2026-03-10 14:40:11,ERROR,database,Disk usage critical: 83% on /var/lib/postgres
LOG0009535,2026-03-10 14:40:14,INFO,api_gateway,GET /api/v1/users responded 200 in 2394ms
LOG0003698,2026-03-10 14:41:19,INFO,api_gateway,DELETE /api/v1/item/INV42428 responded 204 in 746ms
LOG0006989,2026-03-10 14:44:32,INFO,database,Connection pool: 41/20 active connections
LOG0009253,2026-03-10 14:46:21,INFO,api_gateway,POST /api/v1/orders responded 201 in 1468ms
LOG0007323,2026-03-10 14:52:46,INFO,payment,"Refund issued: order_id=ORD65531 amount=Rp19,000"
LOG0000137,2026-03-10 14:57:15,INFO,payment,Invoice generated: invoice_id=INV50779
LOG0003419,2026-03-10 14:57:55,INFO,auth,Session created: session_id=SESS14447
LOG0007283,2026-03-10 15:02:38,INFO,database,Connection pool: 8/20 active connections
LOG0002399,2026-03-10 15:03:29,INFO,api_gateway,Request routed to service: user-service in 2126ms
LOG0007984,2026-03-10 15:03:39,INFO,auth,User registered successfully: user_id=USR2623
LOG0002182,2026-03-10 15:04:33,INFO,payment,"Refund issued: order_id=ORD66531 amount=Rp4,277,000"
LOG0003099,2026-03-10 15:07:38,INFO,api_gateway,Rate limit check passed for client_id=CLI103
LOG0006230,2026-03-10 15:08:52,INFO,api_gateway,PUT /api/v1/profile responded 200 in 1006ms
LOG0004325,2026-03-10 15:12:52,INFO,api_gateway,Request routed to service: inventory-service in 1091ms
LOG0003954,2026-03-10 15:14:20,INFO,auth,Token generated for user_id=USR1465
LOG0002745,2026-03-10 15:17:27,INFO,payment,Subscription renewed: user_id=USR2582
LOG0008652,2026-03-10 15:17:35,INFO,api_gateway,GET /api/v1/users responded 200 in 4436ms
LOG0006544,2026-03-10 15:28:53,INFO,auth,Password changed for user_id=USR8720
LOG0005674,2026-03-10 15:31:25,ERROR,payment,Fraud detection triggered: order_id=ORD44843
LOG0003267,2026-03-10 15:32:35,INFO,database,Transaction committed: txn_id=TXN48970
LOG0002129,2026-03-10 15:37:12,WARNING,database,Slow query detected: 4058ms on table=logs
LOG0005367,2026-03-10 15:38:51,ERROR,payment,Currency conversion error for order_id=ORD35348
LOG0007449,2026-03-10 15:39:28,INFO,database,Cache hit ratio: 84% for last 5 minutes
LOG0005677,2026-03-10 15:45:37,WARNING,database,Long-running transaction detected: txn_id=TXN43132 (4363ms)
LOG0000124,2026-03-10 15:58:00,INFO,database,Connection pool: 84/20 active connections
LOG0005703,2026-03-10 15:58:06,WARNING,database,Connection pool usage high: 85/20 connections
LOG0000141,2026-03-10 16:04:51,INFO,payment,Subscription renewed: user_id=USR9388
LOG0000187,2026-03-10 16:11:26,WARNING,api_gateway,Slow response: GET /api/v1/reports took 3872ms
LOG0007192,2026-03-10 16:12:52,INFO,payment,Currency conversion: USD→IDR for order_id=ORD87301
LOG0004002,2026-03-10 16:14:08,INFO,api_gateway,DELETE /api/v1/item/INV35086 responded 204 in 4239ms
LOG0008108,2026-03-10 16:16:34,INFO,database,Cache hit ratio: 1% for last 5 minutes
LOG0008271,2026-03-10 16:18:56,INFO,auth,User login successful: user_id=USR4631
LOG0007305,2026-03-10 16:21:29,WARNING,api_gateway,Deprecated endpoint called: /api/v0/users by client_id=CLI469
LOG0007052,2026-03-10 16:21:50,INFO,database,Query executed: SELECT users WHERE id=USR5802 (3766ms)
LOG0003981,2026-03-10 16:22:32,WARNING,auth,Password reset requested for user_id=USR6427
LOG0005471,2026-03-10 16:25:57,WARNING,payment,Card expiry warning for user_id=USR5665
LOG0005960,2026-03-10 16:29:16,INFO,api_gateway,GET /api/v1/users responded 200 in 1525ms
LOG0009823,2026-03-10 16:35:11,INFO,auth,2FA verification passed: user_id=USR1738
LOG0001471,2026-03-10 16:37:32,ERROR,auth,JWT signature mismatch for user_id=USR3171
LOG0004986,2026-03-10 16:41:19,INFO,database,Index hit on table=products query (3079ms)
LOG0003920,2026-03-10 16:42:16,INFO,api_gateway,Request routed to service: order-service in 4383ms
LOG0007134,2026-03-10 16:42:40,ERROR,auth,Session expired: user_id=USR4484
LOG0009115,2026-03-10 16:43:13,INFO,auth,User registered successfully: user_id=USR6191
LOG0008836,2026-03-10 16:48:08,WARNING,database,Slow query detected: 310ms on table=logs
LOG0004981,2026-03-10 16:49:10,WARNING,payment,Payment retry attempt 97/3 for order_id=ORD13938
LOG0006147,2026-03-10 16:51:12,INFO,auth,2FA verification passed: user_id=USR7770
LOG0007351,2026-03-10 16:51:27,ERROR,auth,Invalid credentials for user_id=USR7252
LOG0007920,2026-03-10 16:54:44,WARNING,payment,Suspicious transaction flagged: order_id=ORD56176
LOG0004508,2026-03-10 16:54:48,ERROR,payment,Fraud detection triggered: order_id=ORD48139
LOG0004147,2026-03-10 16:54:52,INFO,database,Index hit on table=products query (1863ms)
LOG0009740,2026-03-10 16:56:11,WARNING,auth,Token expiring soon for user_id=USR3349
LOG0009528,2026-03-10 16:57:15,WARNING,database,Table=orders approaching max size: 97% capacity
LOG0000246,2026-03-10 16:58:31,INFO,database,Connection pool: 85/20 active connections
LOG0003194,2026-03-10 16:59:04,WARNING,payment,Payment retry attempt 1/3 for order_id=ORD58408
LOG0000396,2026-03-10 17:02:03,INFO,payment,Subscription renewed: user_id=USR9246
LOG0007478,2026-03-10 17:05:50,INFO,api_gateway,GET /api/v1/users responded 200 in 373ms
LOG0000508,2026-03-10 17:06:09,ERROR,database,Connection timeout to primary DB host
LOG0005785,2026-03-10 17:10:28,INFO,database,Connection pool: 54/20 active connections
LOG0009414,2026-03-10 17:15:56,INFO,database,Backup snapshot completed successfully
LOG0001654,2026-03-10 17:16:36,ERROR,api_gateway,Circuit breaker OPEN for service: inventory-service
LOG0001089,2026-03-10 17:26:14,INFO,api_gateway,PUT /api/v1/profile responded 200 in 3521ms
LOG0001667,2026-03-10 17:32:06,INFO,payment,Webhook received from payment provider: status=SUCCESS
LOG0005405,2026-03-10 17:32:54,INFO,auth,User registered successfully: user_id=USR8569
LOG0005812,2026-03-10 17:44:32,WARNING,auth,Token expiring soon for user_id=USR1524
LOG0008852,2026-03-10 17:45:10,INFO,auth,Token refreshed for user_id=USR4248
LOG0004856,2026-03-10 17:46:15,INFO,api_gateway,Request routed to service: order-service in 2209ms
LOG0005625,2026-03-10 17:46:40,INFO,auth,User registered successfully: user_id=USR5044
LOG0001435,2026-03-10 17:47:33,WARNING,database,Index miss on table=events: consider reindexing
LOG0001184,2026-03-10 17:47:50,INFO,auth,Password changed for user_id=USR1839
LOG0000241,2026-03-10 17:48:49,INFO,api_gateway,Rate limit check passed for client_id=CLI543
LOG0004279,2026-03-10 17:49:39,WARNING,api_gateway,Deprecated endpoint called: /api/v0/users by client_id=CLI933
LOG0008506,2026-03-10 17:50:56,INFO,payment,Payment gateway responded OK in 2539ms
LOG0001629,2026-03-10 17:51:44,WARNING,database,Table=orders approaching max size: 38% capacity
LOG0006912,2026-03-10 17:53:58,ERROR,api_gateway,Rate limit exceeded for client_id=CLI407
LOG0007105,2026-03-10 17:56:21,INFO,database,Index hit on table=products query (701ms)
LOG0001029,2026-03-10 18:02:03,WARNING,api_gateway,High latency detected on route /api/v1/search: 2071ms
LOG0004440,2026-03-10 18:05:30,INFO,database,Query executed: SELECT users WHERE id=USR9988 (3293ms)
LOG0006245,2026-03-10 18:08:06,ERROR,database,Disk usage critical: 6% on /var/lib/postgres
LOG0002985,2026-03-10 18:10:18,INFO,api_gateway,GET /api/v1/users responded 200 in 353ms
LOG0005373,2026-03-10 18:12:50,INFO,auth,Token generated for user_id=USR3436
LOG0009324,2026-03-10 18:29:42,INFO,payment,Webhook received from payment provider: status=SUCCESS
LOG0001655,2026-03-10 18:30:13,INFO,database,Backup snapshot completed successfully
LOG0003713,2026-03-10 18:30:19,WARNING,payment,Payment provider response slow: 1579ms
LOG0001793,2026-03-10 18:38:41,INFO,api_gateway,GET /api/v1/users responded 200 in 2009ms
LOG0005523,2026-03-10 18:40:09,INFO,database,Query executed: SELECT users WHERE id=USR8012 (1454ms)
LOG0009672,2026-03-10 18:43:50,ERROR,payment,Payment failed: order_id=ORD71084 reason=insufficient_funds
LOG0002664,2026-03-10 18:44:54,INFO,database,Query executed: SELECT users WHERE id=USR9116 (1110ms)
LOG0006231,2026-03-10 18:50:05,INFO,payment,Currency conversion: USD→IDR for order_id=ORD31703
LOG0006412,2026-03-10 18:58:48,INFO,payment,Currency conversion: USD→IDR for order_id=ORD63610
LOG0007967,2026-03-10 19:02:08,INFO,payment,"Refund issued: order_id=ORD14586 amount=Rp5,360,000"
LOG0004251,2026-03-10 19:02:36,INFO,api_gateway,Request routed to service: order-service in 3241ms
LOG0003982,2026-03-10 19:03:13,INFO,auth,Password changed for user_id=USR9964
LOG0006625,2026-03-10 19:03:41,INFO,database,Backup snapshot completed successfully
LOG0004902,2026-03-10 19:08:43,WARNING,auth,Multiple sessions detected for user_id=USR9304
LOG0000914,2026-03-10 19:10:10,INFO,api_gateway,DELETE /api/v1/item/INV11357 responded 204 in 3489ms
LOG0001104,2026-03-10 19:14:57,ERROR,api_gateway,Invalid request schema on POST /api/v1/orders
LOG0000143,2026-03-10 19:17:05,WARNING,api_gateway,Deprecated endpoint called: /api/v0/users by client_id=CLI482
LOG0002956,2026-03-10 19:17:29,INFO,api_gateway,Request routed to service: order-service in 1460ms
LOG0000868,2026-03-10 19:21:27,INFO,payment,Subscription renewed: user_id=USR3237
LOG0005888,2026-03-10 19:23:15,INFO,payment,Invoice generated: invoice_id=INV62203
LOG0001261,2026-03-10 19:25:48,INFO,api_gateway,GET /api/v1/products responded 200 in 1749ms
LOG0005763,2026-03-10 19:28:25,INFO,payment,Payment gateway responded OK in 1534ms
LOG0006607,2026-03-10 19:29:31,INFO,database,Connection pool: 21/20 active connections
LOG0005504,2026-03-10 19:29:55,WARNING,database,Index miss on table=events: consider reindexing
LOG0002307,2026-03-10 19:30:49,INFO,auth,Token generated for user_id=USR3673
LOG0001204,2026-03-10 19:36:57,INFO,database,Backup snapshot completed successfully
LOG0004368,2026-03-10 19:50:20,INFO,auth,2FA verification passed: user_id=USR3654
LOG0002406,2026-03-10 19:54:02,INFO,api_gateway,PUT /api/v1/profile responded 200 in 2454ms
LOG0000152,2026-03-10 19:56:59,ERROR,api_gateway,POST /api/v1/payment returned 500 after 1109ms
LOG0007218,2026-03-10 20:00:12,INFO,database,Backup snapshot completed successfully
LOG0007581,2026-03-10 20:00:21,INFO,payment,Webhook received from payment provider: status=SUCCESS
LOG0000730,2026-03-10 20:02:04,INFO,auth,Session created: session_id=SESS64574
LOG0001643,2026-03-10 20:06:34,INFO,api_gateway,GET /api/v1/products responded 200 in 3941ms
LOG0005343,2026-03-10 20:11:04,WARNING,payment,High transaction volume: 58 TPS (threshold: 50 TPS)
LOG0005589,2026-03-10 20:13:00,WARNING,api_gateway,Rate limit approaching for client_id=CLI762: 73/100 req/min
LOG0008407,2026-03-10 20:13:00,WARNING,api_gateway,High latency detected on route /api/v1/search: 3449ms
LOG0007636,2026-03-10 20:13:08,INFO,auth,Session created: session_id=SESS84491
LOG0002656,2026-03-10 20:13:36,ERROR,api_gateway,Invalid request schema on POST /api/v1/orders
LOG0007378,2026-03-10 20:14:35,INFO,payment,Subscription renewed: user_id=USR7869
LOG0004308,2026-03-10 20:21:50,INFO,auth,Password changed for user_id=USR8572
LOG0009554,2026-03-10 20:22:30,ERROR,payment,Fraud detection triggered: order_id=ORD11076
LOG0003082,2026-03-10 20:25:36,INFO,payment,Currency conversion: USD→IDR for order_id=ORD75132
LOG0004964,2026-03-10 20:27:45,INFO,payment,Webhook received from payment provider: status=SUCCESS
LOG0001069,2026-03-10 20:27:49,INFO,auth,Token refreshed for user_id=USR6907
LOG0003894,2026-03-10 20:28:09,ERROR,auth,Token validation failed: user_id=USR6894
LOG0006984,2026-03-10 20:29:17,INFO,payment,Invoice generated: invoice_id=INV36367
LOG0002831,2026-03-10 20:29:38,WARNING,database,Index miss on table=events: consider reindexing
LOG0009341,2026-03-10 20:33:32,INFO,api_gateway,POST /api/v1/orders responded 201 in 1749ms
LOG0005148,2026-03-10 20:34:13,ERROR,payment,Payment gateway timeout after 25ms: order_id=ORD11515
LOG0003644,2026-03-10 20:43:42,INFO,auth,User logout: user_id=USR4922
LOG0008530,2026-03-10 20:47:35,WARNING,auth,Unusual login location detected: user_id=USR1138
LOG0005782,2026-03-10 21:00:59,INFO,database,Connection pool: 55/20 active connections
LOG0004870,2026-03-10 21:04:01,INFO,database,Transaction committed: txn_id=TXN68361
LOG0006433,2026-03-10 21:10:32,INFO,database,INSERT INTO orders completed (695ms)
LOG0008944,2026-03-10 21:13:15,ERROR,database,Disk usage critical: 34% on /var/lib/postgres
LOG0006451,2026-03-10 21:13:26,WARNING,payment,High transaction volume: 82 TPS (threshold: 50 TPS)
LOG0007178,2026-03-10 21:13:32,INFO,database,Index hit on table=products query (3273ms)
LOG0000844,2026-03-10 21:14:46,INFO,api_gateway,Request routed to service: user-service in 3074ms
LOG0004687,2026-03-10 21:15:40,INFO,api_gateway,PUT /api/v1/profile responded 200 in 4164ms
LOG0001999,2026-03-10 21:16:48,INFO,auth,Session created: session_id=SESS99409
LOG0008155,2026-03-10 21:17:53,ERROR,auth,Invalid credentials for user_id=USR4620
LOG0006005,2026-03-10 21:18:58,INFO,api_gateway,POST /api/v1/orders responded 201 in 699ms
LOG0003793,2026-03-10 21:21:31,ERROR,payment,Payment gateway timeout after 3949ms: order_id=ORD29426
LOG0009869,2026-03-10 21:24:47,ERROR,payment,Fraud detection triggered: order_id=ORD87584
LOG0005676,2026-03-10 21:25:18,INFO,auth,Token generated for user_id=USR7549
LOG0002159,2026-03-10 21:35:24,INFO,auth,Password changed for user_id=USR6962
LOG0007132,2026-03-10 21:37:34,INFO,auth,User login successful: user_id=USR5361
LOG0004858,2026-03-10 21:38:12,INFO,database,Transaction committed: txn_id=TXN17581
LOG0001428,2026-03-10 21:38:34,INFO,database,Connection pool: 31/20 active connections
LOG0009841,2026-03-10 21:39:30,WARNING,database,Table=orders approaching max size: 90% capacity
LOG0004915,2026-03-10 21:40:15,ERROR,database,Disk usage critical: 49% on /var/lib/postgres
LOG0001138,2026-03-10 21:40:55,INFO,auth,Token generated for user_id=USR7748
LOG0004400,2026-03-10 21:48:01,WARNING,database,Connection pool usage high: 12/20 connections
LOG0004779,2026-03-10 21:52:40,INFO,api_gateway,GET /api/v1/users responded 200 in 2362ms
LOG0003767,2026-03-10 22:05:56,INFO,api_gateway,GET /api/v1/products responded 200 in 2921ms
LOG0003679,2026-03-10 22:10:05,ERROR,database,Query failed: syntax error near 'SELCT'
LOG0007750,2026-03-10 22:16:30,ERROR,auth,Token validation failed: user_id=USR8459
LOG0001004,2026-03-10 22:16:56,INFO,database,Backup snapshot completed successfully
LOG0003636,2026-03-10 22:25:23,INFO,payment,Subscription renewed: user_id=USR6839
LOG0003001,2026-03-10 22:28:17,INFO,database,Index hit on table=products query (3689ms)
LOG0005289,2026-03-10 22:30:16,INFO,api_gateway,PUT /api/v1/profile responded 200 in 935ms
LOG0003103,2026-03-10 22:37:28,INFO,auth,2FA verification passed: user_id=USR5025
LOG0007919,2026-03-10 22:38:26,INFO,database,Query executed: SELECT users WHERE id=USR1405 (2890ms)
LOG0008662,2026-03-10 22:42:27,INFO,database,Query executed: SELECT users WHERE id=USR5650 (1646ms)
LOG0000948,2026-03-10 22:43:58,INFO,api_gateway,GET /api/v1/products responded 200 in 2763ms
LOG0007304,2026-03-10 22:47:06,INFO,api_gateway,POST /api/v1/orders responded 201 in 4220ms
LOG0007022,2026-03-10 22:47:43,ERROR,payment,Webhook delivery failed after 3 retries
LOG0006049,2026-03-10 22:49:02,INFO,payment,"Refund issued: order_id=ORD71407 amount=Rp5,777,000"
LOG0001756,2026-03-10 22:49:05,WARNING,database,Slow query detected: 1692ms on table=logs
LOG0006638,2026-03-10 22:50:18,WARNING,auth,Token expiring soon for user_id=USR8852
LOG0001707,2026-03-10 22:50:35,INFO,database,Index hit on table=products query (4431ms)
LOG0008961,2026-03-10 22:54:46,INFO,auth,User logout: user_id=USR6349
LOG0000956,2026-03-10 22:57:44,INFO,database,Connection pool: 73/20 active connections
LOG0009676,2026-03-10 22:57:56,INFO,auth,Token generated for user_id=USR3312
LOG0009267,2026-03-10 22:58:32,INFO,database,Index hit on table=products query (1879ms)
LOG0009023,2026-03-10 22:59:23,INFO,database,Query executed: SELECT users WHERE id=USR7405 (3680ms)
LOG0008034,2026-03-10 22:59:32,INFO,database,Backup snapshot completed successfully
LOG0007652,2026-03-10 23:01:28,ERROR,api_gateway,POST /api/v1/payment returned 500 after 4260ms
LOG0008514,2026-03-10 23:06:50,INFO,payment,Currency conversion: USD→IDR for order_id=ORD80161
LOG0000915,2026-03-10 23:07:41,WARNING,api_gateway,Rate limit approaching for client_id=CLI213: 50/100 req/min
LOG0006757,2026-03-10 23:11:12,INFO,database,Query executed: SELECT users WHERE id=USR4694 (3170ms)
LOG0006916,2026-03-10 23:11:40,WARNING,api_gateway,Rate limit approaching for client_id=CLI462: 26/100 req/min
LOG0008304,2026-03-10 23:13:50,INFO,payment,Invoice generated: invoice_id=INV40815
LOG0009107,2026-03-10 23:15:15,WARNING,database,Connection pool usage high: 73/20 connections
LOG0009566,2026-03-10 23:19:21,INFO,auth,Session created: session_id=SESS79389
LOG0000454,2026-03-10 23:24:23,INFO,api_gateway,DELETE /api/v1/item/INV55850 responded 204 in 2001ms
LOG0005035,2026-03-10 23:28:15,WARNING,payment,Payment retry attempt 82/3 for order_id=ORD95997
LOG0000899,2026-03-10 23:31:43,INFO,auth,User logout: user_id=USR4696
LOG0000415,2026-03-10 23:32:44,WARNING,auth,Token expiring soon for user_id=USR4630
LOG0004303,2026-03-10 23:33:38,INFO,database,Backup snapshot completed successfully
LOG0004196,2026-03-10 23:35:20,INFO,auth,User login successful: user_id=USR1519
LOG0007191,2026-03-10 23:37:16,INFO,api_gateway,POST /api/v1/orders responded 201 in 50ms
LOG0008656,2026-03-10 23:40:41,WARNING,database,Long-running transaction detected: txn_id=TXN64447 (550ms)
LOG0006991,2026-03-10 23:41:11,INFO,api_gateway,DELETE /api/v1/item/INV51491 responded 204 in 1396ms
LOG0002474,2026-03-10 23:47:18,INFO,auth,User registered successfully: user_id=USR1072
LOG0001660,2026-03-10 23:48:56,WARNING,auth,Unusual login location detected: user_id=USR1273
LOG0005284,2026-03-10 23:54:30,INFO,database,Backup snapshot completed successfully
LOG0006304,2026-03-10 23:57:02,INFO,payment,"Refund issued: order_id=ORD70268 amount=Rp496,000"
LOG0009915,2026-03-10 23:58:38,WARNING,api_gateway,Slow response: GET /api/v1/reports took 3618ms
LOG0008551,2026-03-10 23:59:09,INFO,database,Transaction committed: txn_id=TXN41175
LOG0005238,2026-03-10 23:59:33,INFO,payment,"Refund issued: order_id=ORD55258 amount=Rp3,304,000"
LOG0005527,2026-03-10 23:59:42,WARNING,payment,Card expiry warning for user_id=USR8650
LOG0006469,2026-03-11 00:00:28,INFO,auth,Session created: session_id=SESS80212
LOG0000093,2026-03-11 00:01:23,INFO,auth,User registered successfully: user_id=USR9499
LOG0008489,2026-03-11 00:08:00,WARNING,payment,Card expiry warning for user_id=USR8121
LOG0001788,2026-03-11 00:10:38,INFO,database,Transaction committed: txn_id=TXN40728
LOG0000014,2026-03-11 00:10:39,INFO,payment,"Payment processed: order_id=ORD59001 amount=Rp4,439,000"
LOG0005879,2026-03-11 00:11:37,INFO,database,Index hit on table=products query (3796ms)
LOG0000906,2026-03-11 00:14:12,INFO,payment,"Refund issued: order_id=ORD31855 amount=Rp4,430,000"
LOG0009931,2026-03-11 00:14:36,INFO,payment,Currency conversion: USD→IDR for order_id=ORD99880
LOG0008830,2026-03-11 00:15:05,ERROR,api_gateway,Rate limit exceeded for client_id=CLI643
LOG0005245,2026-03-11 00:15:37,WARNING,payment,Payment retry attempt 73/3 for order_id=ORD12482
LOG0008141,2026-03-11 00:17:20,WARNING,api_gateway,Rate limit approaching for client_id=CLI925: 4/100 req/min
LOG0000588,2026-03-11 00:21:58,INFO,payment,Webhook received from payment provider: status=SUCCESS
LOG0000510,2026-03-11 00:26:23,INFO,auth,User login successful: user_id=USR9392
LOG0006106,2026-03-11 00:34:27,ERROR,api_gateway,Rate limit exceeded for client_id=CLI204
LOG0005576,2026-03-11 00:36:01,INFO,payment,"Payment processed: order_id=ORD69474 amount=Rp1,169,000"
LOG0006330,2026-03-11 00:36:15,INFO,database,Backup snapshot completed successfully
LOG0009764,2026-03-11 00:36:52,INFO,auth,User login successful: user_id=USR1197
LOG0003246,2026-03-11 00:41:42,WARNING,payment,Suspicious transaction flagged: order_id=ORD88575
LOG0000430,2026-03-11 00:44:08,INFO,database,Cache hit ratio: 53% for last 5 minutes
LOG0000118,2026-03-11 00:44:41,INFO,database,INSERT INTO orders completed (2218ms)
LOG0006060,2026-03-11 00:45:14,INFO,database,Transaction committed: txn_id=TXN55002
LOG0004456,2026-03-11 00:50:38,INFO,api_gateway,Request routed to service: inventory-service in 4336ms
LOG0004267,2026-03-11 00:51:26,INFO,payment,Currency conversion: USD→IDR for order_id=ORD41847
LOG0008127,2026-03-11 00:52:06,INFO,api_gateway,GET /api/v1/users responded 200 in 431ms
LOG0000120,2026-03-11 00:53:54,WARNING,database,Table=orders approaching max size: 25% capacity
LOG0001415,2026-03-11 00:55:06,INFO,auth,Token refreshed for user_id=USR3786
LOG0004980,2026-03-11 00:59:30,INFO,api_gateway,GET /api/v1/products responded 200 in 1169ms
LOG0000947,2026-03-11 01:01:49,INFO,api_gateway,GET /api/v1/products responded 200 in 1881ms
LOG0005508,2026-03-11 01:03:35,INFO,api_gateway,DELETE /api/v1/item/INV46032 responded 204 in 3625ms
LOG0004726,2026-03-11 01:05:24,INFO,database,Cache hit ratio: 64% for last 5 minutes
LOG0009346,2026-03-11 01:14:34,INFO,api_gateway,PUT /api/v1/profile responded 200 in 4254ms
LOG0001555,2026-03-11 01:17:06,INFO,database,Transaction committed: txn_id=TXN74497
LOG0001050,2026-03-11 01:18:46,INFO,api_gateway,Request routed to service: order-service in 2919ms
LOG0003382,2026-03-11 01:22:50,INFO,api_gateway,DELETE /api/v1/item/INV17492 responded 204 in 1496ms
LOG0002276,2026-03-11 01:23:19,INFO,api_gateway,POST /api/v1/orders responded 201 in 4174ms
LOG0000165,2026-03-11 01:24:45,WARNING,database,Table=orders approaching max size: 88% capacity
LOG0006709,2026-03-11 01:25:12,WARNING,payment,Payment retry attempt 34/3 for order_id=ORD26478
LOG0000318,2026-03-11 01:27:38,ERROR,database,Disk usage critical: 84% on /var/lib/postgres
LOG0007667,2026-03-11 01:27:45,INFO,auth,User login successful: user_id=USR4149
LOG0002835,2026-03-11 01:28:06,INFO,api_gateway,PUT /api/v1/profile responded 200 in 3124ms
LOG0004970,2026-03-11 01:30:22,INFO,payment,Payment gateway responded OK in 861ms
LOG0000258,2026-03-11 01:30:44,INFO,database,Backup snapshot completed successfully
LOG0000569,2026-03-11 01:31:27,INFO,auth,2FA verification passed: user_id=USR2450
LOG0007715,2026-03-11 01:33:04,ERROR,payment,Fraud detection triggered: order_id=ORD41087
LOG0005339,2026-03-11 01:33:32,INFO,auth,User login successful: user_id=USR3045
LOG0004612,2026-03-11 01:34:34,INFO,database,INSERT INTO orders completed (235ms)
LOG0001511,2026-03-11 01:36:00,INFO,payment,"Payment processed: order_id=ORD23878 amount=Rp427,000"
LOG0000585,2026-03-11 01:36:56,INFO,payment,Payment gateway responded OK in 3389ms
LOG0008122,2026-03-11 01:37:50,ERROR,auth,Invalid credentials for user_id=USR6876
LOG0008638,2026-03-11 01:38:35,INFO,auth,User logout: user_id=USR3677
LOG0008454,2026-03-11 01:40:17,WARNING,payment,Card expiry warning for user_id=USR2062
LOG0002768,2026-03-11 01:43:07,INFO,database,Backup snapshot completed successfully
LOG0009525,2026-03-11 01:43:12,INFO,auth,Session created: session_id=SESS72253
LOG0003088,2026-03-11 01:47:54,WARNING,payment,Suspicious transaction flagged: order_id=ORD25739
LOG0008816,2026-03-11 01:48:08,INFO,auth,Token refreshed for user_id=USR8464
LOG0009984,2026-03-11 01:50:00,INFO,payment,"Refund issued: order_id=ORD49960 amount=Rp3,374,000"
LOG0009159,2026-03-11 01:52:27,INFO,payment,Currency conversion: USD→IDR for order_id=ORD72065
LOG0004128,2026-03-11 01:55:54,INFO,auth,Token generated for user_id=USR1763
LOG0001791,2026-03-11 01:58:59,INFO,payment,"Refund issued: order_id=ORD80754 amount=Rp3,359,000"
LOG0004108,2026-03-11 02:00:03,INFO,database,Connection pool: 90/20 active connections
LOG0000810,2026-03-11 02:03:28,ERROR,api_gateway,Circuit breaker OPEN for service: user-service
LOG0008436,2026-03-11 02:06:30,ERROR,database,Disk usage critical: 30% on /var/lib/postgres
LOG0009403,2026-03-11 02:09:36,ERROR,api_gateway,Circuit breaker OPEN for service: user-service
LOG0002464,2026-03-11 02:09:43,INFO,database,Index hit on table=products query (3801ms)
LOG0003345,2026-03-11 02:13:43,INFO,api_gateway,GET /api/v1/products responded 200 in 697ms
LOG0006474,2026-03-11 02:16:20,WARNING,database,Slow query detected: 1361ms on table=logs
LOG0006977,2026-03-11 02:17:43,INFO,api_gateway,GET /api/v1/users responded 200 in 1212ms
LOG0002825,2026-03-11 02:22:14,INFO,auth,Token refreshed for user_id=USR9302
LOG0008263,2026-03-11 02:24:46,INFO,api_gateway,DELETE /api/v1/item/INV61628 responded 204 in 1216ms
LOG0004537,2026-03-11 02:26:34,ERROR,api_gateway,Upstream service user-service unreachable: connection timeout
LOG0003393,2026-03-11 02:26:42,INFO,auth,User registered successfully: user_id=USR7521
LOG0001544,2026-03-11 02:27:40,WARNING,api_gateway,High latency detected on route /api/v1/search: 2224ms
LOG0000190,2026-03-11 02:31:14,WARNING,auth,Password reset requested for user_id=USR1693
LOG0009909,2026-03-11 02:31:51,INFO,database,Index hit on table=products query (2350ms)
LOG0003640,2026-03-11 02:33:23,INFO,api_gateway,Request routed to service: user-service in 2109ms
LOG0007241,2026-03-11 02:34:11,WARNING,payment,Suspicious transaction flagged: order_id=ORD76205
LOG0002647,2026-03-11 02:34:43,INFO,api_gateway,GET /api/v1/products responded 200 in 1007ms
LOG0007079,2026-03-11 02:37:17,INFO,auth,User login successful: user_id=USR6749
LOG0003574,2026-03-11 02:37:47,INFO,payment,Subscription renewed: user_id=USR2379
LOG0002762,2026-03-11 02:38:49,WARNING,payment,Card expiry warning for user_id=USR8573
LOG0003023,2026-03-11 02:42:09,ERROR,api_gateway,Circuit breaker OPEN for service: user-service
LOG0005003,2026-03-11 02:43:08,INFO,database,Connection pool: 73/20 active connections
LOG0003180,2026-03-11 02:43:36,INFO,database,Cache hit ratio: 61% for last 5 minutes
LOG0004995,2026-03-11 02:44:02,INFO,payment,Payment gateway responded OK in 4448ms
LOG0002566,2026-03-11 02:47:57,INFO,auth,2FA verification passed: user_id=USR2407
LOG0008970,2026-03-11 02:50:25,INFO,payment,Webhook received from payment provider: status=SUCCESS
LOG0005616,2026-03-11 02:52:43,INFO,database,Transaction committed: txn_id=TXN22116
LOG0002583,2026-03-11 02:57:30,INFO,payment,Currency conversion: USD→IDR for order_id=ORD97582
LOG0007005,2026-03-11 02:59:54,WARNING,database,Table=orders approaching max size: 99% capacity
LOG0004719,2026-03-11 03:01:08,WARNING,payment,Payment provider response slow: 1529ms
LOG0006475,2026-03-11 03:03:19,INFO,auth,2FA verification passed: user_id=USR7774
LOG0001356,2026-03-11 03:04:09,INFO,auth,User registered successfully: user_id=USR3745
LOG0009235,2026-03-11 03:11:18,ERROR,auth,Account locked after 5 failed attempts: user_id=USR5322
LOG0002004,2026-03-11 03:21:34,INFO,database,Query executed: SELECT users WHERE id=USR1240 (3543ms)
LOG0006705,2026-03-11 03:22:24,INFO,api_gateway,Rate limit check passed for client_id=CLI892
LOG0007300,2026-03-11 03:34:27,INFO,payment,Currency conversion: USD→IDR for order_id=ORD49956
LOG0005214,2026-03-11 03:36:04,INFO,payment,"Payment processed: order_id=ORD93158 amount=Rp5,353,000"
LOG0002940,2026-03-11 03:37:20,INFO,database,Index hit on table=products query (3430ms)
LOG0008446,2026-03-11 03:39:43,INFO,database,Connection pool: 24/20 active connections
LOG0001827,2026-03-11 03:40:43,INFO,payment,Webhook received from payment provider: status=SUCCESS
LOG0006070,2026-03-11 03:44:14,INFO,auth,User logout: user_id=USR3541
LOG0003252,2026-03-11 03:46:00,INFO,auth,User registered successfully: user_id=USR2071
LOG0006344,2026-03-11 03:47:22,INFO,payment,Currency conversion: USD→IDR for order_id=ORD86676
LOG0001732,2026-03-11 03:47:23,WARNING,auth,Unusual login location detected: user_id=USR5315
LOG0007741,2026-03-11 03:48:53,INFO,database,Backup snapshot completed successfully
LOG0007631,2026-03-11 03:53:22,ERROR,auth,Token validation failed: user_id=USR5470
LOG0007793,2026-03-11 03:54:57,WARNING,payment,High transaction volume: 35 TPS (threshold: 50 TPS)
LOG0009227,2026-03-11 03:55:17,INFO,database,Query executed: SELECT users WHERE id=USR1380 (3086ms)
LOG0003091,2026-03-11 04:01:50,ERROR,auth,Account locked after 5 failed attempts: user_id=USR3702
LOG0000126,2026-03-11 04:02:02,INFO,api_gateway,PUT /api/v1/profile responded 200 in 1883ms
LOG0007882,2026-03-11 04:07:02,WARNING,database,Slow query detected: 1912ms on table=logs
LOG0001036,2026-03-11 04:08:18,INFO,payment,Currency conversion: USD→IDR for order_id=ORD13725
LOG0002919,2026-03-11 04:08:45,INFO,api_gateway,Rate limit check passed for client_id=CLI138
LOG0005578,2026-03-11 04:10:31,WARNING,api_gateway,Retry attempt 91 for downstream service inventory-service
LOG0000256,2026-03-11 04:11:09,ERROR,auth,Invalid credentials for user_id=USR5818
LOG0001681,2026-03-11 04:12:07,WARNING,auth,Failed login attempt for user_id=USR8119 (attempt 51/5)
LOG0006693,2026-03-11 04:12:09,INFO,auth,Session created: session_id=SESS13968
LOG0006224,2026-03-11 04:23:49,INFO,auth,Token refreshed for user_id=USR4244
LOG0000342,2026-03-11 04:23:51,INFO,payment,"Refund issued: order_id=ORD91228 amount=Rp4,630,000"
LOG0001978,2026-03-11 04:25:39,INFO,auth,Token generated for user_id=USR8520
LOG0004926,2026-03-11 04:29:19,INFO,database,Connection pool: 29/20 active connections
LOG0004271,2026-03-11 04:32:44,ERROR,database,Disk usage critical: 13% on /var/lib/postgres
LOG0004820,2026-03-11 04:34:19,INFO,api_gateway,Rate limit check passed for client_id=CLI276
LOG0009010,2026-03-11 04:34:53,INFO,payment,"Refund issued: order_id=ORD47016 amount=Rp7,514,000"
LOG0003742,2026-03-11 04:39:10,INFO,database,Cache hit ratio: 61% for last 5 minutes
LOG0009307,2026-03-11 04:41:47,INFO,api_gateway,DELETE /api/v1/item/INV11894 responded 204 in 1666ms
LOG0002989,2026-03-11 04:42:52,INFO,auth,User logout: user_id=USR4255
LOG0007216,2026-03-11 04:44:14,INFO,auth,Password changed for user_id=USR9282
LOG0004442,2026-03-11 04:46:02,INFO,auth,Session created: session_id=SESS82826
LOG0005501,2026-03-11 04:49:19,ERROR,payment,Payment gateway timeout after 451ms: order_id=ORD87194
LOG0003595,2026-03-11 04:51:17,INFO,auth,2FA verification passed: user_id=USR8639
LOG0009392,2026-03-11 04:53:03,INFO,database,Cache hit ratio: 50% for last 5 minutes
LOG0006777,2026-03-11 04:56:09,INFO,payment,Invoice generated: invoice_id=INV45630
LOG0002860,2026-03-11 04:56:12,INFO,auth,Password changed for user_id=USR6864
LOG0000968,2026-03-11 04:56:49,INFO,payment,Invoice generated: invoice_id=INV69926
LOG0006506,2026-03-11 04:57:31,WARNING,database,Table=orders approaching max size: 26% capacity
LOG0003549,2026-03-11 04:58:21,INFO,api_gateway,GET /api/v1/users responded 200 in 1818ms
LOG0008472,2026-03-11 05:01:19,WARNING,auth,Failed login attempt for user_id=USR6299 (attempt 58/5)
LOG0008693,2026-03-11 05:02:44,INFO,payment,Webhook received from payment provider: status=SUCCESS
LOG0003754,2026-03-11 05:03:33,INFO,payment,"Refund issued: order_id=ORD74624 amount=Rp1,964,000"
LOG0005931,2026-03-11 05:04:47,INFO,auth,Token generated for user_id=USR6900
LOG0005895,2026-03-11 05:05:20,WARNING,payment,Suspicious transaction flagged: order_id=ORD93484
LOG0002606,2026-03-11 05:09:10,INFO,database,Transaction committed: txn_id=TXN21960
LOG0004787,2026-03-11 05:12:52,WARNING,api_gateway,Slow response: GET /api/v1/reports took 1402ms
LOG0003651,2026-03-11 05:13:35,WARNING,auth,Failed login attempt for user_id=USR5359 (attempt 6/5)
LOG0007735,2026-03-11 05:13:53,INFO,payment,Invoice generated: invoice_id=INV34480
LOG0008809,2026-03-11 05:14:40,INFO,auth,Token refreshed for user_id=USR7732
LOG0002979,2026-03-11 05:15:06,INFO,payment,"Refund issued: order_id=ORD65186 amount=Rp641,000"
LOG0004330,2026-03-11 05:15:15,INFO,database,Transaction committed: txn_id=TXN33850
LOG0005871,2026-03-11 05:19:53,INFO,database,Transaction committed: txn_id=TXN71357
LOG0004990,2026-03-11 05:22:15,INFO,auth,User registered successfully: user_id=USR9271
LOG0001592,2026-03-11 05:23:29,INFO,payment,Invoice generated: invoice_id=INV59694
LOG0001577,2026-03-11 05:25:50,INFO,database,Backup snapshot completed successfully
LOG0001944,2026-03-11 05:26:51,INFO,database,Index hit on table=products query (1752ms)
LOG0000969,2026-03-11 05:27:20,INFO,auth,Token generated for user_id=USR7351
LOG0004094,2026-03-11 05:30:36,INFO,api_gateway,DELETE /api/v1/item/INV24497 responded 204 in 326ms
LOG0004437,2026-03-11 05:31:43,ERROR,auth,Invalid credentials for user_id=USR7966
LOG0006259,2026-03-11 05:33:57,ERROR,payment,Payment failed: order_id=ORD76152 reason=insufficient_funds
LOG0001602,2026-03-11 05:39:55,INFO,api_gateway,DELETE /api/v1/item/INV75510 responded 204 in 2756ms
LOG0007496,2026-03-11 05:41:09,INFO,database,Cache hit ratio: 58% for last 5 minutes
LOG0004290,2026-03-11 05:41:10,INFO,database,Backup snapshot completed successfully
LOG0006135,2026-03-11 05:41:53,WARNING,payment,Payment provider response slow: 1640ms
LOG0005164,2026-03-11 05:44:19,INFO,database,INSERT INTO orders completed (3122ms)
LOG0002982,2026-03-11 05:44:30,WARNING,api_gateway,Rate limit approaching for client_id=CLI150: 48/100 req/min
LOG0001074,2026-03-11 05:44:42,INFO,api_gateway,DELETE /api/v1/item/INV55550 responded 204 in 3690ms
LOG0002246,2026-03-11 05:45:39,INFO,payment,Payment gateway responded OK in 3532ms
LOG0000581,2026-03-11 05:51:16,WARNING,payment,Payment retry attempt 47/3 for order_id=ORD30281
LOG0009675,2026-03-11 05:53:57,WARNING,auth,Unusual login location detected: user_id=USR3794
LOG0001818,2026-03-11 05:54:01,INFO,api_gateway,Rate limit check passed for client_id=CLI202
LOG0003522,2026-03-11 06:00:45,WARNING,payment,Payment retry attempt 57/3 for order_id=ORD87199
LOG0003663,2026-03-11 06:09:14,WARNING,payment,Payment retry attempt 45/3 for order_id=ORD96889
LOG0002447,2026-03-11 06:09:47,INFO,payment,"Payment processed: order_id=ORD75503 amount=Rp5,710,000"
LOG0000431,2026-03-11 06:10:46,INFO,database,Index hit on table=products query (368ms)
LOG0003862,2026-03-11 06:11:05,INFO,database,Connection pool: 72/20 active connections
LOG0000303,2026-03-11 06:19:12,INFO,payment,"Payment processed: order_id=ORD33278 amount=Rp4,954,000"
LOG0002397,2026-03-11 06:21:15,WARNING,payment,Card expiry warning for user_id=USR4333
LOG0000702,2026-03-11 06:22:43,INFO,auth,Session created: session_id=SESS23675
LOG0002481,2026-03-11 06:25:16,INFO,auth,2FA verification passed: user_id=USR4095
LOG0001881,2026-03-11 06:27:34,INFO,payment,"Payment processed: order_id=ORD24884 amount=Rp355,000"
LOG0004061,2026-03-11 06:36:21,INFO,payment,"Refund issued: order_id=ORD51402 amount=Rp4,390,000"
LOG0002970,2026-03-11 06:43:16,WARNING,auth,Unusual login location detected: user_id=USR6232
LOG0005427,2026-03-11 06:45:56,INFO,payment,Webhook received from payment provider: status=SUCCESS
LOG0009111,2026-03-11 06:47:43,INFO,database,Backup snapshot completed successfully
LOG0000635,2026-03-11 06:55:07,INFO,payment,Currency conversion: USD→IDR for order_id=ORD16175
LOG0007872,2026-03-11 06:56:19,INFO,auth,2FA verification passed: user_id=USR3288
LOG0003659,2026-03-11 06:56:24,ERROR,api_gateway,Rate limit exceeded for client_id=CLI313
LOG0001718,2026-03-11 06:59:49,INFO,database,Backup snapshot completed successfully
LOG0002475,2026-03-11 07:01:30,INFO,database,Index hit on table=products query (3909ms)
LOG0009875,2026-03-11 07:06:51,ERROR,auth,Invalid credentials for user_id=USR9689
LOG0009553,2026-03-11 07:10:31,INFO,payment,Currency conversion: USD→IDR for order_id=ORD51312
LOG0004683,2026-03-11 07:13:01,WARNING,auth,Token expiring soon for user_id=USR2730
LOG0001116,2026-03-11 07:15:11,INFO,auth,2FA verification passed: user_id=USR1536
LOG0003925,2026-03-11 07:17:41,INFO,payment,"Refund issued: order_id=ORD56887 amount=Rp4,636,000"
LOG0003339,2026-03-11 07:22:19,INFO,payment,Subscription renewed: user_id=USR6535
LOG0003676,2026-03-11 07:28:41,INFO,payment,Subscription renewed: user_id=USR7088
LOG0000982,2026-03-11 07:31:16,INFO,api_gateway,PUT /api/v1/profile responded 200 in 1178ms
LOG0006043,2026-03-11 07:31:55,INFO,api_gateway,GET /api/v1/users responded 200 in 2659ms
LOG0008473,2026-03-11 07:33:20,ERROR,payment,Webhook delivery failed after 3 retries
LOG0007058,2026-03-11 07:35:58,WARNING,database,Long-running transaction detected: txn_id=TXN80815 (723ms)
LOG0008931,2026-03-11 07:37:43,WARNING,payment,Suspicious transaction flagged: order_id=ORD46602
LOG0004618,2026-03-11 07:39:02,INFO,api_gateway,DELETE /api/v1/item/INV48511 responded 204 in 507ms
LOG0005644,2026-03-11 07:41:05,INFO,database,Transaction committed: txn_id=TXN38477
LOG0008531,2026-03-11 07:41:56,INFO,auth,User registered successfully: user_id=USR7962
LOG0004850,2026-03-11 07:42:15,INFO,payment,Invoice generated: invoice_id=INV83132
LOG0009646,2026-03-11 07:42:23,INFO,api_gateway,DELETE /api/v1/item/INV44396 responded 204 in 2308ms
LOG0009539,2026-03-11 07:43:04,WARNING,payment,Payment retry attempt 64/3 for order_id=ORD89002
LOG0008570,2026-03-11 07:45:17,INFO,auth,Token generated for user_id=USR7726
LOG0006105,2026-03-11 07:47:51,INFO,database,INSERT INTO orders completed (4197ms)
LOG0004693,2026-03-11 07:48:20,ERROR,payment,Fraud detection triggered: order_id=ORD85525
LOG0002729,2026-03-11 07:53:17,INFO,auth,Token refreshed for user_id=USR8925
LOG0004948,2026-03-11 07:55:56,INFO,api_gateway,PUT /api/v1/profile responded 200 in 1387ms
LOG0002155,2026-03-11 07:57:52,WARNING,auth,Password reset requested for user_id=USR4421
LOG0009935,2026-03-11 07:58:26,WARNING,auth,Failed login attempt for user_id=USR3534 (attempt 64/5)
LOG0007935,2026-03-11 08:13:27,INFO,database,Transaction committed: txn_id=TXN17662
LOG0003010,2026-03-11 08:14:01,WARNING,database,Slow query detected: 338ms on table=logs
LOG0009870,2026-03-11 08:14:08,INFO,api_gateway,GET /api/v1/users responded 200 in 1985ms
LOG0003694,2026-03-11 08:16:21,WARNING,database,Index miss on table=events: consider reindexing
LOG0008561,2026-03-11 08:16:21,INFO,payment,Currency conversion: USD→IDR for order_id=ORD74258
LOG0004173,2026-03-11 08:17:18,INFO,auth,Session created: session_id=SESS69117
LOG0007772,2026-03-11 08:17:45,WARNING,database,Slow query detected: 3516ms on table=logs
LOG0002277,2026-03-11 08:18:43,WARNING,auth,Token expiring soon for user_id=USR5138
LOG0008495,2026-03-11 08:22:28,WARNING,database,Index miss on table=events: consider reindexing
LOG0001985,2026-03-11 08:22:44,INFO,api_gateway,PUT /api/v1/profile responded 200 in 2757ms
LOG0003662,2026-03-11 08:25:57,INFO,api_gateway,PUT /api/v1/profile responded 200 in 4023ms
LOG0006695,2026-03-11 08:26:23,INFO,auth,Session created: session_id=SESS57774
LOG0005956,2026-03-11 08:26:49,INFO,api_gateway,GET /api/v1/users responded 200 in 1783ms
LOG0005431,2026-03-11 08:29:27,INFO,api_gateway,DELETE /api/v1/item/INV27927 responded 204 in 3123ms
LOG0005818,2026-03-11 08:32:40,INFO,auth,Token generated for user_id=USR1005
LOG0001271,2026-03-11 08:33:04,WARNING,api_gateway,Rate limit approaching for client_id=CLI255: 55/100 req/min
LOG0004066,2026-03-11 08:33:36,INFO,auth,Token refreshed for user_id=USR3592
LOG0008453,2026-03-11 08:37:19,WARNING,database,Connection pool usage high: 94/20 connections
LOG0006037,2026-03-11 08:41:13,WARNING,payment,Payment retry attempt 54/3 for order_id=ORD67788
LOG0003938,2026-03-11 08:42:17,WARNING,auth,Multiple sessions detected for user_id=USR7934
LOG0002174,2026-03-11 08:45:51,INFO,database,INSERT INTO orders completed (2313ms)
LOG0002112,2026-03-11 08:51:45,INFO,auth,Password changed for user_id=USR6379
LOG0007423,2026-03-11 08:55:34,INFO,database,Cache hit ratio: 4% for last 5 minutes
LOG0000716,2026-03-11 08:55:47,INFO,payment,"Payment processed: order_id=ORD53769 amount=Rp5,317,000"
LOG0008345,2026-03-11 09:01:36,INFO,database,Index hit on table=products query (1572ms)
LOG0003869,2026-03-11 09:05:21,INFO,payment,Payment gateway responded OK in 951ms
LOG0008894,2026-03-11 09:06:13,INFO,payment,Subscription renewed: user_id=USR3752
LOG0006443,2026-03-11 09:06:47,INFO,database,Index hit on table=products query (3080ms)
LOG0004164,2026-03-11 09:10:02,INFO,auth,Token refreshed for user_id=USR5550
LOG0007146,2026-03-11 09:15:23,INFO,database,Backup snapshot completed successfully
LOG0000185,2026-03-11 09:16:38,ERROR,auth,Token validation failed: user_id=USR2745
LOG0005237,2026-03-11 09:18:57,INFO,payment,Payment gateway responded OK in 2404ms
LOG0001859,2026-03-11 09:22:04,INFO,auth,User registered successfully: user_id=USR6043
LOG0008986,2026-03-11 09:26:26,INFO,auth,Password changed for user_id=USR2392
LOG0001320,2026-03-11 09:27:01,WARNING,api_gateway,Slow response: GET /api/v1/reports took 3801ms
LOG0009918,2026-03-11 09:27:03,INFO,database,Query executed: SELECT users WHERE id=USR8335 (4072ms)
LOG0008939,2026-03-11 09:27:14,INFO,database,Transaction committed: txn_id=TXN71484
LOG0008394,2026-03-11 09:30:16,INFO,auth,Session created: session_id=SESS80425
LOG0003475,2026-03-11 09:43:04,INFO,api_gateway,POST /api/v1/orders responded 201 in 4230ms
LOG0005151,2026-03-11 09:44:26,INFO,auth,User logout: user_id=USR1269
LOG0002942,2026-03-11 09:45:17,INFO,database,Transaction committed: txn_id=TXN29675
LOG0005451,2026-03-11 09:46:06,WARNING,database,Index miss on table=events: consider reindexing
LOG0007620,2026-03-11 09:53:10,WARNING,database,Slow query detected: 813ms on table=logs
LOG0001236,2026-03-11 09:54:41,INFO,auth,Session created: session_id=SESS54912
LOG0008694,2026-03-11 09:54:55,INFO,database,Backup snapshot completed successfully
LOG0007195,2026-03-11 09:56:46,WARNING,api_gateway,Deprecated endpoint called: /api/v0/users by client_id=CLI125
LOG0009914,2026-03-11 09:58:02,WARNING,database,Connection pool usage high: 20/20 connections
LOG0009219,2026-03-11 10:00:33,INFO,auth,Password changed for user_id=USR2278
LOG0001448,2026-03-11 10:02:32,INFO,database,Query executed: SELECT users WHERE id=USR2035 (3272ms)
LOG0003857,2026-03-11 10:03:20,ERROR,api_gateway,POST /api/v1/payment returned 500 after 2662ms
LOG0004794,2026-03-11 10:04:09,WARNING,auth,Failed login attempt for user_id=USR8679 (attempt 19/5)
LOG0006964,2026-03-11 10:05:29,INFO,auth,Session created: session_id=SESS27605
LOG0004388,2026-03-11 10:05:35,INFO,auth,Token generated for user_id=USR8853
LOG0008265,2026-03-11 10:05:48,INFO,payment,Payment gateway responded OK in 150ms
LOG0002545,2026-03-11 10:06:16,WARNING,database,Table=orders approaching max size: 36% capacity
LOG0003049,2026-03-11 10:09:00,INFO,payment,Subscription renewed: user_id=USR1819
LOG0009033,2026-03-11 10:09:15,INFO,api_gateway,GET /api/v1/users responded 200 in 1402ms
LOG0008286,2026-03-11 10:10:09,INFO,auth,User registered successfully: user_id=USR4437
LOG0006425,2026-03-11 10:16:38,INFO,api_gateway,Request routed to service: user-service in 3102ms
LOG0002600,2026-03-11 10:18:08,INFO,auth,User logout: user_id=USR3803
LOG0005651,2026-03-11 10:22:07,WARNING,auth,Failed login attempt for user_id=USR4294 (attempt 58/5)
LOG0002269,2026-03-11 10:25:27,INFO,payment,Currency conversion: USD→IDR for order_id=ORD99940
LOG0008926,2026-03-11 10:25:31,INFO,payment,Subscription renewed: user_id=USR5918
LOG0002571,2026-03-11 10:25:37,ERROR,auth,Session expired: user_id=USR7320
LOG0009147,2026-03-11 10:32:37,INFO,api_gateway,GET /api/v1/users responded 200 in 2563ms
LOG0003229,2026-03-11 10:37:33,WARNING,payment,Payment retry attempt 16/3 for order_id=ORD32119
LOG0007353,2026-03-11 10:38:53,WARNING,api_gateway,High latency detected on route /api/v1/search: 319ms
LOG0000664,2026-03-11 10:39:50,WARNING,payment,High transaction volume: 13 TPS (threshold: 50 TPS)
LOG0008925,2026-03-11 10:41:32,ERROR,payment,Payment gateway timeout after 197ms: order_id=ORD80072
LOG0007616,2026-03-11 10:42:41,INFO,auth,Password changed for user_id=USR6782
LOG0006998,2026-03-11 10:43:26,WARNING,database,Table=orders approaching max size: 72% capacity
LOG0009134,2026-03-11 10:44:13,ERROR,payment,Currency conversion error for order_id=ORD98436
LOG0001285,2026-03-11 10:47:39,INFO,payment,Payment gateway responded OK in 54ms
LOG0007539,2026-03-11 10:50:54,INFO,database,Cache hit ratio: 37% for last 5 minutes
LOG0003276,2026-03-11 10:51:11,INFO,database,Connection pool: 32/20 active connections
LOG0001474,2026-03-11 10:58:26,WARNING,payment,High transaction volume: 79 TPS (threshold: 50 TPS)
LOG0001549,2026-03-11 11:02:51,WARNING,database,Connection pool usage high: 43/20 connections
LOG0009119,2026-03-11 11:05:05,INFO,database,INSERT INTO orders completed (336ms)
LOG0009242,2026-03-11 11:05:54,INFO,payment,"Refund issued: order_id=ORD21049 amount=Rp326,000"
LOG0009340,2026-03-11 11:07:45,INFO,payment,"Payment processed: order_id=ORD98771 amount=Rp2,695,000"
LOG0004957,2026-03-11 11:11:10,INFO,payment,Currency conversion: USD→IDR for order_id=ORD43631
LOG0005399,2026-03-11 11:12:14,INFO,auth,2FA verification passed: user_id=USR6686
LOG0007202,2026-03-11 11:18:19,INFO,api_gateway,Rate limit check passed for client_id=CLI880
LOG0008999,2026-03-11 11:18:54,INFO,payment,Payment gateway responded OK in 197ms
LOG0000386,2026-03-11 11:22:28,INFO,auth,User login successful: user_id=USR2657
LOG0002657,2026-03-11 11:24:47,INFO,api_gateway,Rate limit check passed for client_id=CLI649
LOG0000743,2026-03-11 11:25:05,INFO,payment,"Payment processed: order_id=ORD53582 amount=Rp564,000"
LOG0008032,2026-03-11 11:26:11,INFO,auth,2FA verification passed: user_id=USR3410
LOG0001410,2026-03-11 11:26:23,INFO,auth,Token generated for user_id=USR8210
LOG0002030,2026-03-11 11:26:49,INFO,database,Index hit on table=products query (99ms)
LOG0006749,2026-03-11 11:29:01,INFO,auth,Token generated for user_id=USR1003
LOG0002162,2026-03-11 11:34:59,WARNING,payment,High transaction volume: 55 TPS (threshold: 50 TPS)
LOG0005418,2026-03-11 11:37:05,INFO,database,Query executed: SELECT users WHERE id=USR5308 (3093ms)
LOG0009855,2026-03-11 11:38:27,INFO,database,Index hit on table=products query (1550ms)
LOG0004782,2026-03-11 11:38:54,WARNING,database,Connection pool usage high: 39/20 connections
LOG0007710,2026-03-11 11:42:27,INFO,payment,Webhook received from payment provider: status=SUCCESS
LOG0003389,2026-03-11 11:52:36,INFO,database,Transaction committed: txn_id=TXN40701
LOG0003625,2026-03-11 11:55:16,INFO,api_gateway,POST /api/v1/orders responded 201 in 1600ms
LOG0001141,2026-03-11 12:00:07,WARNING,auth,Token expiring soon for user_id=USR4742
LOG0006866,2026-03-11 12:01:17,INFO,auth,Session created: session_id=SESS66021
LOG0006261,2026-03-11 12:02:35,ERROR,auth,Session expired: user_id=USR6566
LOG0003307,2026-03-11 12:02:44,ERROR,database,Query failed: syntax error near 'SELCT'
LOG0009274,2026-03-11 12:02:44,WARNING,database,Table=orders approaching max size: 94% capacity
LOG0006072,2026-03-11 12:06:11,INFO,api_gateway,GET /api/v1/products responded 200 in 3368ms
LOG0008383,2026-03-11 12:07:30,INFO,auth,Session created: session_id=SESS18307
LOG0002601,2026-03-11 12:14:37,INFO,api_gateway,DELETE /api/v1/item/INV61004 responded 204 in 3959ms
LOG0009702,2026-03-11 12:20:40,INFO,api_gateway,Request routed to service: user-service in 279ms
LOG0005398,2026-03-11 12:20:51,WARNING,database,Long-running transaction detected: txn_id=TXN53331 (2398ms)
LOG0009987,2026-03-11 12:22:44,INFO,api_gateway,POST /api/v1/orders responded 201 in 2716ms
LOG0003176,2026-03-11 12:23:26,WARNING,api_gateway,Retry attempt 20 for downstream service order-service
LOG0001704,2026-03-11 12:26:05,INFO,api_gateway,GET /api/v1/users responded 200 in 304ms
LOG0002110,2026-03-11 12:27:18,WARNING,auth,Unusual login location detected: user_id=USR3919
LOG0001438,2026-03-11 12:29:36,INFO,payment,Payment gateway responded OK in 1004ms
LOG0000815,2026-03-11 12:32:45,INFO,api_gateway,DELETE /api/v1/item/INV84109 responded 204 in 1138ms
LOG0008477,2026-03-11 12:34:46,ERROR,api_gateway,Upstream service user-service unreachable: connection timeout
LOG0009889,2026-03-11 12:35:24,ERROR,auth,Account locked after 5 failed attempts: user_id=USR3617
LOG0007658,2026-03-11 12:39:38,INFO,database,Backup snapshot completed successfully
LOG0009545,2026-03-11 12:41:35,INFO,database,Transaction committed: txn_id=TXN67625
LOG0004432,2026-03-11 12:42:13,INFO,api_gateway,PUT /api/v1/profile responded 200 in 2114ms
LOG0001987,2026-03-11 12:47:35,INFO,payment,"Payment processed: order_id=ORD48595 amount=Rp6,619,000"
LOG0001934,2026-03-11 12:48:02,INFO,auth,User logout: user_id=USR5953
LOG0002587,2026-03-11 12:51:58,INFO,auth,User registered successfully: user_id=USR3902
LOG0001533,2026-03-11 12:56:46,INFO,payment,Currency conversion: USD→IDR for order_id=ORD55340
LOG0000397,2026-03-11 13:01:26,INFO,auth,User login successful: user_id=USR9084
LOG0007613,2026-03-11 13:07:11,INFO,payment,Currency conversion: USD→IDR for order_id=ORD83321
LOG0007121,2026-03-11 13:13:55,INFO,api_gateway,Rate limit check passed for client_id=CLI748
LOG0004581,2026-03-11 13:18:45,INFO,auth,Password changed for user_id=USR5484
LOG0006463,2026-03-11 13:28:08,INFO,database,Cache hit ratio: 36% for last 5 minutes
LOG0001893,2026-03-11 13:29:11,INFO,database,Transaction committed: txn_id=TXN61104
LOG0002486,2026-03-11 13:29:46,WARNING,database,Connection pool usage high: 7/20 connections
LOG0005385,2026-03-11 13:30:42,INFO,api_gateway,DELETE /api/v1/item/INV77571 responded 204 in 1905ms
LOG0005720,2026-03-11 13:34:20,INFO,auth,Password changed for user_id=USR5096
LOG0001071,2026-03-11 13:37:50,INFO,auth,Token refreshed for user_id=USR6582
LOG0002980,2026-03-11 13:38:56,INFO,auth,Password changed for user_id=USR3966
LOG0005232,2026-03-11 13:39:07,INFO,api_gateway,GET /api/v1/users responded 200 in 1641ms
LOG0009181,2026-03-11 13:40:16,INFO,payment,Payment gateway responded OK in 1323ms
LOG0003223,2026-03-11 13:41:01,INFO,auth,User logout: user_id=USR3510
LOG0008048,2026-03-11 13:42:19,INFO,api_gateway,GET /api/v1/products responded 200 in 950ms
LOG0007418,2026-03-11 13:47:34,WARNING,payment,High transaction volume: 41 TPS (threshold: 50 TPS)
LOG0008885,2026-03-11 13:47:40,INFO,payment,Invoice generated: invoice_id=INV24064
LOG0006399,2026-03-11 13:48:10,INFO,database,Cache hit ratio: 43% for last 5 minutes
LOG0004454,2026-03-11 13:49:46,INFO,auth,2FA verification passed: user_id=USR1549
LOG0007158,2026-03-11 13:57:21,INFO,database,Transaction committed: txn_id=TXN81446
LOG0000243,2026-03-11 13:59:19,INFO,api_gateway,DELETE /api/v1/item/INV83661 responded 204 in 3633ms
LOG0004866,2026-03-11 14:04:11,ERROR,api_gateway,Rate limit exceeded for client_id=CLI387
LOG0001596,2026-03-11 14:05:46,WARNING,api_gateway,Slow response: GET /api/v1/reports took 1945ms
LOG0008008,2026-03-11 14:06:00,INFO,api_gateway,GET /api/v1/products responded 200 in 964ms
LOG0000859,2026-03-11 14:08:04,INFO,payment,"Refund issued: order_id=ORD30776 amount=Rp177,000"
LOG0008920,2026-03-11 14:12:18,WARNING,auth,Unusual login location detected: user_id=USR1162
LOG0004649,2026-03-11 14:31:15,INFO,auth,Token refreshed for user_id=USR9843
LOG0000564,2026-03-11 14:36:42,INFO,payment,Invoice generated: invoice_id=INV44703
LOG0007151,2026-03-11 14:37:01,INFO,auth,User logout: user_id=USR5121
